mean_Blue,mean_Green,mean_Red,mean_NIR,mean_SWIR1,mean_SWIR2,mean_NDVI,mean_NDBI,class
0.15288017235611237,0.19890916833675315,0.22864033386330038,0.28620487480723644,0.3282612836380378,0.3067392719511496,0.11572994960268404,0.06281713015881488,1
0.17146475491589555,0.2211271738318009,0.25798032753440636,0.3129081008126176,0.3779973469235218,0.3580739249848063,0.0980471774954419,0.09134798516592986,1
0.16036840113796222,0.20921227556332897,0.24356864119649316,0.3058097814823654,0.3536329361403487,0.328604989496458,0.11677483807039414,0.06766438867501508,1
0.14997694848919194,0.1966979846227204,0.2268555492949276,0.2809970218065547,0.3227454042854197,0.30308821334167657,0.1084201398832707,0.06511150706898082,1
0.14901668269459795,0.1964507285726195,0.22845113402044318,0.29611447962318976,0.3331431744406032,0.3064370238407148,0.13173295396545623,0.05594964642142585,1
0.16902861330244276,0.22097688251071507,0.257075203789605,0.31870730717976886,0.3995214038425022,0.3897970782385932,0.10926632086435954,0.10708943340513441,1
0.1584591516634313,0.20543519462027202,0.23510970138921972,0.29305823256329794,0.3347113539532917,0.3139019012451172,0.111313703583508,0.06275197936267388,1
0.15569005693708146,0.20101679587850765,0.23284495606714364,0.289430384733239,0.32546999016586614,0.2973824131245516,0.10907638316251794,0.05760764589115065,1
0.140429791282205,0.1822985340567196,0.20781609591315775,0.27501717735739317,0.2982199051800896,0.2709528979133157,0.14165672133950627,0.0357826176811667,1
0.1682288369467092,0.2207736525424691,0.257504707158998,0.3137076843616574,0.38001268963481105,0.3607026033623274,0.09869251694790153,0.09406310458515965,1
0.16336078074441027,0.21425671363944437,0.24779521885202893,0.31402792859433304,0.377981897610337,0.3572813574947528,0.11991717210456507,0.08888540694962686,1
0.15558670185230397,0.21371406979031032,0.249934125829626,0.3176849506519459,0.38829323097511576,0.37240385126184533,0.12271476674962926,0.09512638162683558,1
0.13340139389038086,0.18639103571573892,0.21467824776967367,0.2927845319112142,0.32112900416056317,0.2892393271128337,0.1568801999092102,0.04097009698549906,1
0.11631583444999927,0.16360415834369083,0.18641583124796549,0.2811100121700402,0.27793248494466144,0.2363575010588675,0.20360504497181287,-0.0066285738439270945,1
0.16682122474492983,0.21637237903683684,0.25269987416821854,0.3085766725761946,0.3635990675105605,0.3423563047896984,0.10068842422130496,0.07937347611715627,1
0.1548778029049144,0.2033663497251623,0.23473254372091854,0.3026898888980641,0.3667329339420094,0.3527362486895393,0.13883385938756607,0.08190232164719526,1
0.16739293507167272,0.21594299588884627,0.2510180609566825,0.3202937262398856,0.37797535487583706,0.3574006489345006,0.12389633996146066,0.07964367866516113,1
0.140558076459308,0.18547965204992958,0.21452411385469658,0.2835145994674328,0.3122911009677621,0.28447965134021846,0.14061608425406522,0.044455611428549126,1
0.1430734872817993,0.18682186603546141,0.21676526069641114,0.2761075019836426,0.320998477935791,0.29982211589813235,0.12340266704559326,0.06950103640556335,1
0.14565555060782084,0.19197293025691334,0.22264348006829981,0.29458480928002334,0.3261883433272199,0.2954809142322075,0.14062353459800161,0.049046504788282444,1
0.16509562122578525,0.21400689105598295,0.24966372275839047,0.30337065093371335,0.3614573965267259,0.3407016287044603,0.09735753584881218,0.08644197425063775,1
0.1741951428926908,0.22446408638587365,0.26318779358497035,0.318577032822829,0.3892155427199144,0.3700416638300969,0.0954590393946721,0.0988313784966102,1
0.14227270126342773,0.1870935821533203,0.2139784049987793,0.2795301628112793,0.30591419219970706,0.27926727294921877,0.13927751541137695,0.038459305763244626,1
0.16138042287623627,0.20974942471118682,0.24257213511365525,0.30176909426425363,0.3530402082078,0.33133977524777675,0.11148053027213888,0.07458374348092586,1
0.17167848156344506,0.22217201417492283,0.2595197000811177,0.3146012829196069,0.38412217170961444,0.3647967923072077,0.09653482898589104,0.09852913887270036,1
0.1651701622820915,0.21583510459737576,0.25137097784813417,0.3191473534766664,0.3837664989714927,0.3615921101671584,0.11980858254939952,0.09060733876329788,1
0.14927999901049066,0.19727877414587772,0.22651959910537256,0.3148479172677705,0.34083042722759826,0.303732900908499,0.16915139285000888,0.035092700611461296,1
0.16944209012118253,0.21973416299530954,0.2558424978545218,0.3162829370209665,0.38514417590516986,0.36470707980069245,0.10744706067171964,0.0959847117915298,1
0.13148799149886423,0.1728802556576936,0.1946190129155698,0.26891982037088147,0.28764733024265454,0.2605651979861052,0.16702104651409647,0.02436746203381082,1
0.14561491542392307,0.19080045488145617,0.22228286884449147,0.2830099882902922,0.32333010214346425,0.29934702979193795,0.12150771529586227,0.06319419101432518,1
0.14008656063595334,0.1855195277446025,0.2151972280966269,0.2834827062245962,0.3195902076927391,0.2949724970637141,0.13984006160014384,0.05622517096029746,1
0.1715076018352898,0.22288209564831793,0.2596838036362006,0.3120320378517618,0.3722267150878906,0.3533970969063895,0.09154139732827946,0.08693797247750419,1
0.17726898193359375,0.23295365847074068,0.27340262975448215,0.3287650621854342,0.4302520751953125,0.42371554252428884,0.09218753301180325,0.13251902506901667,1
0.1710564086311742,0.22297352238705284,0.2594917196976511,0.32315384714226975,0.3859197215030068,0.3629673405697471,0.1107981706920423,0.0862037131660863,1
0.14914209192449396,0.19288248004335345,0.22338500167384293,0.27529667363022314,0.3186275019790187,0.2954229297059955,0.10437510230324486,0.07099570650042909,1
0.14935323747537904,0.1941348900229244,0.22581255637993247,0.28312909401069253,0.32169177168506685,0.29524657685877914,0.11369895935058594,0.06177397905769995,1
0.15596362164146022,0.1997986341777601,0.23248526924534849,0.28025275782534953,0.33322284096165705,0.3112170319808157,0.09423977450320595,0.08392204736408435,1
0.1607995275723732,0.2093137320825609,0.24421029171701206,0.3037883305953721,0.36573839995820645,0.34695447501489673,0.1090686200028759,0.09021264415676311,1
0.15586650371551514,0.20452499389648438,0.23784399032592773,0.30914874076843263,0.3671778678894043,0.34530575275421144,0.13291573524475098,0.08101292848587036,1
0.1467971336550829,0.1937268885170541,0.22617756448140958,0.27925993756550116,0.32942195054961415,0.3075232389496594,0.10752910520972275,0.07677404473467571,1
0.15824181692940847,0.20815293127749146,0.24244148190281972,0.29679094843503806,0.36481767542221966,0.347354440128102,0.10348142094972755,0.09803932254053965,1
0.13858440399169922,0.18101470947265624,0.20912410736083983,0.2743035125732422,0.2935810089111328,0.2641747283935547,0.1361215305328369,0.03131187915802002,1
0.13920311036148691,0.18179839219504257,0.20975111364349117,0.2657686249027407,0.3021108735867632,0.27871015595226756,0.1213451323470449,0.057388348308036,1
0.14324040315589126,0.18984393684231504,0.21972603700598892,0.27273987750617823,0.307880382148587,0.2852299164752571,0.10958701737073002,0.056673585152139466,1
0.141851494951946,0.18723622764029155,0.21639661091129955,0.2947638907083651,0.31499518417730565,0.2793525137552401,0.15872020256228564,0.02810570088828482,1
0.16949197224208287,0.22832230159214564,0.27058982849121094,0.32997216497148785,0.4076753684452602,0.3878537586757115,0.09900410686220441,0.1029249940599714,1
0.15200375426899304,0.21102937785061923,0.24992626363580878,0.30457186698913574,0.37280438163063745,0.3567712523720481,0.10049932653253729,0.09750470248135654,1
0.15535734054890085,0.21167207271494765,0.24902644055954953,0.30835330232660824,0.3682500555160198,0.3466046110112616,0.10707376358356882,0.08728667522998566,1
0.15842434667771862,0.21559241510206653,0.252871774858044,0.3138880575856855,0.3805134680963332,0.36000910112934725,0.10824904903288811,0.09463731704219695,1
0.1545918650097317,0.2155517472161187,0.2572256988949246,0.30862776438395184,0.37461935149298775,0.3558032777574327,0.09075057506561279,0.09614835845099555,1
0.124500572681427,0.17555546760559082,0.20215769608815512,0.25640547275543213,0.2830438017845154,0.26246750354766846,0.12253446380297343,0.04393265148003896,1
0.14912733955988808,0.20642120119125124,0.24227289169553726,0.3016309889536055,0.36044432624937994,0.3387499006967696,0.10972513471330915,0.08698970552474733,1
0.15352874452417548,0.20812500606883655,0.24670124053955078,0.2958700006658381,0.3540850119157271,0.3287275054238059,0.09067450870167125,0.08907048268751665,1
0.17487680080325105,0.22868151997410974,0.2664070351179256,0.31750650184099066,0.408177841541379,0.3979375972304233,0.08796175690584404,0.12441222612247911,1
0.15078999545123126,0.20708174318880648,0.24125088872136297,0.3250366932636983,0.36988696536502325,0.34150249893600876,0.15298254425461227,0.06007252512751399,1
0.1472001075744629,0.19218609730402628,0.22185115019480386,0.287497083346049,0.3209536870320638,0.29559584458669025,0.13094852368036905,0.0518432209889094,1
0.13595328330993653,0.1784375826517741,0.20464188257853191,0.25756425857543946,0.2883376757303874,0.26571067174275714,0.1135073979695638,0.053966705004374185,1
0.1085856490665012,0.1457737993310999,0.1629251374138726,0.2835961447821723,0.2500797554298683,0.20034652286105686,0.27539973788791233,-0.06741585554899993,1
0.14163717310479346,0.18483908632968335,0.21437644958496094,0.27188769807206825,0.3095983951649767,0.2830532966776097,0.12250062252612824,0.05965276474648334,1
0.17557182312011718,0.2261749540056501,0.2635922568184989,0.32388011387416293,0.3963064466203962,0.37826764242989674,0.10325872557503836,0.09921385901314872,1
0.16755401066371373,0.216396359034947,0.25286451067243304,0.3062891278948103,0.367180415562221,0.34561963762555803,0.09683121272495815,0.08682455335344587,1
0.15667073480014143,0.20337522440943226,0.23532216302279768,0.2876134083188813,0.33215345185378503,0.3102018093240672,0.10224314393668339,0.06796286846029348,1
0.15337136280105776,0.1990389077060194,0.2310300160603351,0.29242428239569607,0.3327545257936041,0.30559213477444935,0.11830911291650979,0.06259308665631766,1
0.1444892202104841,0.1892245269957043,0.21956945600963773,0.2829589389619373,0.3154940378098261,0.28555702027820407,0.1265808173588344,0.05311524300348191,1
0.14460863007439506,0.1858769522772895,0.21680910057491726,0.2785298029581706,0.3107735580868191,0.2806037531958686,0.12529929478963217,0.05328925450642904,1
0.15896375873420812,0.2061586259286615,0.24057644228392008,0.30253881140600275,0.3552103646193879,0.331604921365086,0.11510856242119512,0.07713115667995019,1
0.127991753655511,0.16596183261355837,0.18867459168305267,0.2547860789943386,0.27098952112971125,0.2468162742820946,0.15682746268607475,0.022556731829772126,1
0.15045826344550411,0.19730520852004427,0.22958550272108633,0.2947970523109919,0.34014247942574416,0.3144985392123838,0.1267296392706376,0.0675743259961092,1
0.15962422623926278,0.2098987151165398,0.244579587663923,0.29129649181755224,0.3564102795659279,0.3391796034209582,0.09088226240508411,0.09407143690148179,1
0.1541449976902382,0.2030313716215246,0.23800920972637102,0.3051658518174115,0.35555555306228936,0.328037748149797,0.12409336426678826,0.07323841020172718,1
0.1423016593569801,0.1862731206984747,0.21270401364281064,0.29595411391485305,0.31538692656017486,0.28413145882742746,0.1669661385672433,0.026861606325422015,1
0.13506430387496948,0.17602813243865967,0.2025037556886673,0.2809397578239441,0.2971028983592987,0.26332515478134155,0.16606707870960236,0.024466902017593384,1
0.15340201799259628,0.19941287816956985,0.23065127882846567,0.29150732173476107,0.3366317970808162,0.3158422736234443,0.11873859582945358,0.06874251920123432,1
0.17679027148655482,0.22818408693586076,0.2651880128043039,0.32718873023986816,0.39663829122270855,0.37601968220302034,0.10699934618813652,0.09190200056348528,1
0.15502805180019802,0.20040305455525717,0.23387972513834634,0.2879294554392497,0.3316666815016005,0.3065499994489882,0.10389455159505208,0.068877465195126,1
0.17346663807713708,0.22996953476307003,0.2682489128999932,0.32768599931583847,0.41455912035565046,0.4048804349677507,0.10227724563243777,0.11391385765962822,1
0.18192499334161932,0.23491999597260446,0.2736495624889027,0.3263783310398911,0.4185395963264234,0.41239085341944837,0.08791439460985588,0.1230812795234449,1
0.14944588510613693,0.19504523695560924,0.22505882330108107,0.2882692437422903,0.32773272196451825,0.3026440603691235,0.12461732563219573,0.06093174951118335,1
0.14475146929423013,0.19465784231821695,0.2252764172024197,0.28826019499037003,0.3271887567308214,0.3043874369727241,0.12590565946367052,0.05621378951602512,1
0.14799415497552781,0.19208256403605142,0.22356024242582775,0.2757277488708496,0.3144771939232236,0.28994589760189965,0.10451516650971912,0.06366392544337682,1
0.1522280530231755,0.19632327847364472,0.2262707919609256,0.28590890837878713,0.3261581513939834,0.30357260820342274,0.11966556456030869,0.06163659909876382,1
0.13985157012939453,0.1825094637663468,0.20694919254468835,0.2806707257809846,0.2933470062587572,0.2578923183938731,0.15665486584538998,0.01745973851369775,1
0.16387655337651572,0.21273318926493326,0.24590961138407388,0.30700089534123737,0.3707447052001953,0.35625024636586505,0.11346996823946635,0.09071898460388184,1
0.1660290465635412,0.2160960365744198,0.2522071950575885,0.30915479099049287,0.37806331410127525,0.3619665258071002,0.10165631069856532,0.09901881919187658,1
0.15742176903618707,0.20908923678927951,0.2440453847249349,0.3040656831529405,0.3634223090277778,0.3443788528442383,0.11181902355617947,0.08562763532002766,1
0.15737167994181314,0.2089416186014811,0.243964778052436,0.30355212423536515,0.3641659418741862,0.3482363488939073,0.11158638530307347,0.08667239215638903,1
0.12407324049207899,0.16773306293252074,0.19347577036162952,0.26958931816948783,0.27758299274209103,0.24115162131227094,0.1723191296612775,0.006923136151867148,1
0.16796832992917016,0.21746867043631418,0.25234031677246094,0.3142002196539016,0.36736853917439777,0.3447893914722261,0.11039107186453682,0.07588568187895275,1
0.1636431117852529,0.21149738629659018,0.24447045723597208,0.3134467601776123,0.3622332016626994,0.3356475830078125,0.1271895964940389,0.06666358808676402,1
0.14855225991704324,0.19256163806450077,0.22048487646654508,0.29040607093518617,0.32911371104808634,0.30400598506063536,0.14279354241666894,0.05415321310222772,1
0.1481825677972091,0.1930953577945107,0.22247742770010964,0.2933186648184793,0.32216998987030565,0.2942010645280805,0.1399120531584087,0.04287226994832357,1
0.15890213986660573,0.20636807705493684,0.23805908852435173,0.29639665319564495,0.3446539046916556,0.32331984499667554,0.11202294369961353,0.07095029303368101,1
0.18411556366951234,0.2410884570049983,0.28451804704563594,0.3361278862081548,0.44576772054036456,0.4378447994109123,0.08314736684163411,0.13960826012396044,1
0.14864122765695947,0.2067522717337323,0.24450787927350429,0.3061259995158921,0.370316660302317,0.35374326787443244,0.11246710557204026,0.09340534862290081,1
0.16635472012549332,0.23075829338781612,0.2722294207700749,0.3256823352931701,0.41062447459427354,0.40064707490586743,0.0900920199364731,0.11326422150602046,1
0.1499067874664956,0.20731917847978307,0.24353901883389087,0.2982929716718958,0.36410546810068983,0.35060614727913064,0.10340749456527386,0.0953669548034668,1
0.1476433859931098,0.2073953840467665,0.2454010009765625,0.29918060302734373,0.36881061130099824,0.3526070064968533,0.09988359875149197,0.10199204550849067,1
0.14871745843153733,0.2053949649517353,0.24178537955650917,0.2992090628697322,0.36236231143657976,0.34524092307457555,0.10784963461068961,0.09228993379152738,1
0.15616694951461532,0.22043166726322497,0.26184010909775557,0.33237903401003044,0.3933493404065148,0.37347615775415455,0.1196584943997658,0.08265005531957594,1
0.15298216933504158,0.2125333208556569,0.251078719392829,0.30419585901662843,0.3614599245403885,0.34468642068565436,0.0965349914830759,0.08503313677026592,1
0.15566299840023642,0.2170945217734889,0.25738204152960525,0.30846690127724097,0.36873389796206824,0.3534250359786184,0.09072078905607525,0.08808425100226151,1
0.1522968506144586,0.2109217064402928,0.25071780481071115,0.3007711250091267,0.36055973088629895,0.3437947781286507,0.09114707518960828,0.08928180409369067,1
0.13782176131722312,0.19434325500104413,0.22801971435546875,0.28195272001830285,0.3287784648391436,0.3123291543444747,0.11123966720868957,0.06974779284975063,1
0.13919269337373621,0.19730018166934743,0.2329988199121812,0.29411759096033435,0.334685718311983,0.3128899405984318,0.12023117963005514,0.05969124681809369,1
0.14758656241677023,0.2062309438532049,0.24534593928943982,0.2965724901719527,0.3527256358753551,0.33748002485795453,0.094852783463218,0.08536762540990656,1
0.14565942872245358,0.20143150833417783,0.2381873220767615,0.29400300079921504,0.3420766434579525,0.32318334759406325,0.10593952322905918,0.07399811834659216,1
0.15421550701826048,0.21475500938219902,0.2576394692445413,0.3068539057022486,0.36516448778983873,0.347562374212803,0.08742712705563276,0.08564122517903645,1
0.1602483824187634,0.22424222908768,0.2671667547786937,0.3206642375272863,0.38745984844132964,0.3721304874794156,0.09202800077550552,0.09294506147796032,1
0.139056454534116,0.19612405611121136,0.2307169541068699,0.287357993747877,0.3371404564898947,0.3233826886052671,0.11195791285970937,0.07627862432728642,1
0.15570067250451378,0.21915245056152344,0.2606189195499864,0.3245682383692542,0.3863965855088345,0.3668156113735465,0.11040873860203942,0.0849897916926894,1
0.16570705279969333,0.2319429966441372,0.2764090487831517,0.33651679858826755,0.40424979360480057,0.38453326308936403,0.0981406663593493,0.09100571849889923,1
0.16186017003552666,0.22813137646379142,0.2711375992873619,0.33682842912345096,0.3971444820535594,0.37439063499713765,0.10810200921420393,0.08176396633016653,1
0.15157194759534753,0.21530379419741424,0.25705714847730554,0.32515554842741595,0.3838285777879798,0.3604762865149457,0.11828242177548616,0.08148092808930771,1
0.15921100974082947,0.22504514455795288,0.26854759454727173,0.331590473651886,0.39231646060943604,0.3676936626434326,0.10534131526947021,0.0832509770989418,1
0.1542464618025155,0.21576253299055428,0.2572927474975586,0.3205100421247811,0.3791296071019666,0.3588071033872407,0.10925592225173424,0.08283403824115622,1
0.15564185175402412,0.2159313497872188,0.2541677211893016,0.3209424512139682,0.37052259774043644,0.3492091277550007,0.11656453691679856,0.07064202736163962,1
0.1584022228534405,0.20839826877300555,0.2430286957667424,0.30013297154353213,0.36957311630249023,0.35539528039785534,0.10598907103905311,0.10128827278430645,1
0.13733595893496559,0.17877812612624394,0.20677017030261813,0.26728066943940665,0.29158969152541386,0.261486325945173,0.13015133993966238,0.040076988083975654,1
0.14519478480021158,0.20630906422932943,0.24329667091369628,0.30662082036336263,0.35789330800374347,0.3392033894856771,0.11623315811157227,0.07551321188608805,1
0.15151513250250565,0.21398717478701942,0.25268978821603877,0.3124205438714278,0.378277954302336,0.3644556246305767,0.10608521260713276,0.09472370775122392,1
0.1675108273824056,0.23499916539047705,0.2821675213900479,0.3396750074444395,0.4064592014659535,0.387242519494259,0.09266311472112482,0.08825820865053119,1
0.16225348909695944,0.2254032293955485,0.2686595916748047,0.3357767661412557,0.4008595148722331,0.3827238082885742,0.11181017756462097,0.08759753902753194,1
0.16118294852120535,0.22019930063567547,0.25921088271999954,0.32068757240816675,0.3820832767841979,0.36114262646029455,0.10763573498459336,0.0857191618925296,1
0.11539877662362978,0.16746352439702944,0.19679792537245638,0.21477887057518774,0.2373655452284702,0.2152497934740643,0.04341893972352494,0.049055853555368824,1
0.13497290722901206,0.1927369797110159,0.23131946576478887,0.26023099255003657,0.2772910842130017,0.23825195720761916,0.05918458153970266,0.0335922783433793,1
0.140168520120474,0.21183046927818885,0.2569119746868427,0.3226861586937538,0.38275315211369443,0.3620122029231145,0.11638975143432617,0.08143487343421349,1
0.14860849505428664,0.22556081713547352,0.2757423267614373,0.3358147633648335,0.4108855068423342,0.39265022111251363,0.10018972538444153,0.0979127509104633,1
0.1427771811391793,0.2164899975645776,0.2643112855799058,0.32210608089671416,0.38306307325176164,0.36199087255141316,0.10164513307459214,0.0822899762321921,1
0.14032743006576726,0.18580089380711684,0.2140700493329837,0.27715317996931665,0.31004472426426266,0.2857309741738402,0.13216388372727383,0.05112906444219895,1
0.14379724681886852,0.1882790785569411,0.21737595908662194,0.29611669035039395,0.31874237712631875,0.2861830882537059,0.1570225088005392,0.03236544030344384,1
0.14233442942301433,0.18530683517456054,0.2112904707590739,0.281847890218099,0.3021458943684896,0.2729390462239583,0.15005763371785483,0.026922919352849326,1
0.08560436288106073,0.12377876596352488,0.1360888431981667,0.21631400118169097,0.19280463149867108,0.15039449868742952,0.2315328539032297,-0.06089205594406914,1
0.16085118717617458,0.21726361910502115,0.25219930542839897,0.3048732545640733,0.3783143096499973,0.3706777095794678,0.0960013469060262,0.10149069627126057,1
0.16614442796849493,0.2174430391681728,0.25199779111947584,0.31064380816559295,0.38474558360541045,0.3753673496531017,0.10569104863636529,0.10475170078562267,1
0.16903326822363812,0.2256838549738345,0.262566732323688,0.320241409799327,0.404563572095788,0.3976010032322096,0.10094570076983908,0.1118505104728367,1
0.14645368174502724,0.19794815465023644,0.23076072492097555,0.2927645382128264,0.3355270184968647,0.3034815788269043,0.12001185668142218,0.06613420185289885,1
0.14962166965174742,0.2189519331902683,0.25910624870065213,0.3243279978006828,0.38205297988335957,0.36105568936558996,0.11738095964704241,0.07522518895253413,1
0.1465370196562547,0.21042321278498724,0.24771428108215332,0.31071094366220325,0.3714901850773738,0.3535432815551758,0.1168446265734159,0.08314935977642353,1
0.14602439278050472,0.21587295532226564,0.255200857865183,0.3253801245438425,0.38521547819438734,0.3666489450555099,0.1324592991879112,0.07142023789255243,1
0.16268161137898762,0.2257528516981337,0.26719110276963975,0.32883326212565106,0.41253840128580727,0.39868816799587675,0.1042300542195638,0.11031507915920681,1
0.14830190794808523,0.20540761947631836,0.23831987380981445,0.31265762874058317,0.36951451074509395,0.3476965313866025,0.13826274871826172,0.07907618795122419,1
0.15847349166870117,0.2161288833618164,0.25535709381103516,0.31793500900268556,0.3894614028930664,0.37100120544433596,0.11097805023193359,0.0988545799255371,1
0.1295663799558367,0.1799360683986119,0.20763887677873885,0.27778795787266325,0.30682400294712614,0.27871901648385183,0.15117655481610978,0.04133795840399606,1
0.15836931157995154,0.2061788241068522,0.2387271104035554,0.3010428746541341,0.3575339847140842,0.33827940622965497,0.12127712920860008,0.07733097782841435,1
0.16229874747140066,0.21375223568507604,0.24911134583609446,0.3129899161202567,0.3661434991019113,0.33906384876796175,0.11417501313345772,0.07728298221315656,1
0.15523343736475165,0.20505562695589932,0.23734716935591263,0.29930374839089136,0.35190812024203216,0.3281575116244229,0.1185905933380127,0.07687336748296564,1
0.19579540252685546,0.25351734161376954,0.29874166488647463,0.3507633972167969,0.4518193054199219,0.44565433502197266,0.08156387329101562,0.12145526885986328,1
0.15176534016927085,0.19849039713541666,0.22997093200683594,0.2948401387532552,0.33855377197265624,0.31537495930989584,0.12542513529459634,0.06696332295735677,1
0.15034866333007812,0.19554581180695566,0.22715706979074785,0.2855652839906754,0.33788404157084806,0.3178573731453188,0.1154049519569643,0.08066498079607563,1
0.15154841071680972,0.20715342069927015,0.23807066365292198,0.3126535415649414,0.35272538034539475,0.32918392984490646,0.13928878934759842,0.05602100648378071,1
0.1668848991394043,0.21227576182438776,0.24438729652991661,0.3065774990962102,0.3630794378427359,0.34723413907564604,0.116142410498399,0.08072064473078801,1
0.1597721815109253,0.2080697536468506,0.24332475662231445,0.295864200592041,0.3651463031768799,0.34629507064819337,0.09848454594612122,0.1025425910949707,1
0.153143310546875,0.19904425144195556,0.23141448497772216,0.29612202644348146,0.34465057849884034,0.31861081123352053,0.12467037439346314,0.07266985177993775,1
0.14828450783439304,0.19362362571384595,0.22448340706203296,0.2856111526489258,0.32850875025210174,0.30353517117707624,0.11991735126661218,0.0691467575404955,1
0.15164902250645523,0.20065495119256488,0.23338788242663366,0.3007824461338884,0.33941669787390755,0.3150810629634534,0.12976373252222093,0.055329363224870066,1
0.1602099696292153,0.20846898042702977,0.24071536486661887,0.296919424322587,0.34991331945491744,0.331217850310893,0.10666201386270643,0.07887114754206018,1
0.14586722120946768,0.20528966553357184,0.2409434026601363,0.3147851204385563,0.363660462048589,0.34294735655492664,0.13757923671177455,0.06687573024204799,1
0.14993647675016034,0.20913186713830748,0.24588767094398611,0.31409793113594625,0.3706830722182544,0.35362815856933594,0.12693722568341156,0.07419490814208984,1
0.1669984923468696,0.23274733225504557,0.27588994767930775,0.34329213036431205,0.42234488593207464,0.4087454901801215,0.1099394268459744,0.1010983255174425,1
0.15556532627827413,0.21779003658810178,0.25710129093479467,0.3271720216080949,0.377675030682538,0.357232480435758,0.12326119397137617,0.0662972218281514,1
0.14437332153320312,0.20731900533040365,0.24563109079996745,0.3100150108337402,0.3650507609049479,0.3476955095926921,0.11581540902455648,0.0807437022527059,1
0.12885657527990507,0.1830021540323893,0.21420595938699288,0.28074197601853756,0.31184544479637816,0.2902077791983621,0.138684540464167,0.04795446730496591,1
0.1447002307788746,0.20228523821444125,0.23732693130905563,0.2903658892657306,0.3499509450551626,0.3364202396289722,0.10345134219607792,0.08879603566350164,1
0.1272822486029731,0.18808407253689235,0.2197477788101008,0.3125029198917342,0.32845596030906393,0.29559957245249807,0.18427008169668693,0.016911297668645412,1
0.1739310688442654,0.24793338775634766,0.31072303983900285,0.3687656985388862,0.41147425439622665,0.3659372064802382,0.08462097909715441,0.05214626921547784,1
0.15994678583360256,0.23727646447662123,0.2971072663041882,0.3621807528617687,0.3881228740950276,0.34194404200503703,0.0993059918396455,0.03388468663495286,1
0.15214218687048942,0.22514989878564673,0.28407304703922015,0.33812734150565793,0.3747789186212514,0.33422947357588284,0.0875460021698956,0.05024670057767175,1
0.16762515860544125,0.2407282977037027,0.3066527675574934,0.3629911180952905,0.40569448694936544,0.36057704155433906,0.08348781066321431,0.052699984519134664,1
0.16745261524034583,0.21527273758597995,0.2562034855718198,0.3127434771993886,0.38294501926587976,0.3635204149329144,0.09962225996929666,0.10054542707360309,1
0.1440435528755188,0.19900712966918946,0.23239624500274658,0.31158592700958254,0.3634104013442993,0.34948024749755857,0.15438470840454102,0.06566225290298462,1
0.09153131643931071,0.1308303541607327,0.14716458320617676,0.24631431367662218,0.23335186640421549,0.19019215636783177,0.26460475391811794,-0.04106996125645108,1
0.13355379634433323,0.18310305807325575,0.21348332034216988,0.2744937737782796,0.30180033047993976,0.27103355195787215,0.12948192490471733,0.042532377772861056,1
0.159203543807521,0.22616710084857364,0.26991104357170337,0.3306200143062707,0.4008012829404889,0.37995228622898913,0.10215957959493001,0.09356715462424538,1
0.14841726422309875,0.2073686718940735,0.24431835114955902,0.2967471182346344,0.35841500759124756,0.34050559997558594,0.09732477366924286,0.09272146224975586,1
0.1511052449544271,0.20849925500375252,0.24652157889472115,0.29873491216588904,0.35120236432110824,0.321150991651747,0.09620237350463867,0.07955761309023257,1
0.13006069183349608,0.17195711771647135,0.1975006612141927,0.2690840148925781,0.288975830078125,0.25740117390950523,0.16149574279785156,0.02625200589497884,1
0.16377061208089191,0.21467372046576605,0.25336134168836805,0.30652311113145614,0.3663967132568359,0.3396636539035373,0.09504127502441406,0.08802311155531141,1
0.16657733917236328,0.2215861789250778,0.2601439589160984,0.3051446817689023,0.38303633867684056,0.36903885663565944,0.07960719577336715,0.11251241877927619,1
0.16714293714882672,0.2192394975302876,0.25493925896243774,0.3116347271463145,0.3843515092048092,0.3693408689637115,0.10056195051773735,0.10370566188425258,1
0.16737004180452716,0.21868749874741283,0.2543435167910448,0.3095442074448315,0.3754883951215602,0.355373154825239,0.09850878502005961,0.09411102978151235,1
0.16320654686461103,0.21211208181178315,0.24765905420830908,0.3076336231637508,0.366417499298745,0.34307995248348155,0.10803949072005901,0.08622626040844207,1
0.17700047106356234,0.23157385233286265,0.27135372161865234,0.3273266199472788,0.3988422445348791,0.3805919080167203,0.09381269119881294,0.09697605468131401,1
0.179796388414171,0.23054917653401694,0.2692520565456814,0.3264789581298828,0.39860106574164494,0.3771522521972656,0.09620435502794054,0.09864830440945095,1
0.1661107824483049,0.21715885127356294,0.25419732190053396,0.3079696795262328,0.38539025542932914,0.37064974023661484,0.0961955184236579,0.11005615094386109,1
0.182019313176473,0.23618359035915798,0.2772021558549669,0.33109452989366317,0.4351163175370958,0.42953533596462673,0.0886157751083374,0.135460721121894,1
0.17874992304834827,0.23202642901190396,0.2694477541693326,0.32736988725333377,0.41981111723801184,0.4147989996548357,0.097882813420789,0.12219211150859964,1
0.16877051762172154,0.2194437688710738,0.25492578623246176,0.30068771206602757,0.385549934542909,0.37932765727140466,0.08241779950200295,0.12263823528679049,1
0.16633691285785876,0.21728917172080592,0.25257311369243424,0.3074309198479903,0.3846405932777806,0.3753482918990286,0.09949907503629986,0.10857539427907843,1
0.16735732418367233,0.216113254941743,0.25098640617282914,0.30416696921162223,0.3664589147458131,0.3475212009473779,0.09595294382380343,0.09178961282488944,1
0.1719670518536434,0.22784345395097108,0.26652002780236933,0.31241008722893543,0.4017082285658221,0.39635471094434505,0.07904288033458674,0.12425060806987441,1
0.17483128138950893,0.23749749319893973,0.2808037076677595,0.3391874040876116,0.4331473759242466,0.4245458330426897,0.09446723120553153,0.12062525068010603,1
0.16648957069883955,0.2271335074242125,0.2674742556632833,0.31364033070016417,0.397692619486058,0.3894689032372008,0.07955457301850015,0.11773751644378012,1
0.16066144062922552,0.21506173794086164,0.2506541288816012,0.2934832756335919,0.3737600033099835,0.3672583286578839,0.07877644208761361,0.11960097459646371,1
0.16739448971218532,0.22455599043104385,0.26341349283854165,0.30840960608588325,0.3932214525010851,0.38452046712239585,0.0787319713168674,0.12025349934895833,1
0.16682814329098433,0.21830602792593148,0.2541949443328075,0.304353518363757,0.38742965306991184,0.3798833504701272,0.08963066492325221,0.11905951377673027,1
0.16947880497685186,0.2196795322276928,0.25510155713116683,0.3035565835458261,0.3853212285924841,0.3810261267202872,0.08638124112729673,0.11789925893147786,1
0.1512998261459629,0.197892171628835,0.227624820437202,0.293239308826959,0.32777528778632875,0.30160793222202786,0.13112106449766142,0.049317586085887294,1
0.15987537250444583,0.20889258477474465,0.24255780765518603,0.2991933859739786,0.3583968047501976,0.341040021250684,0.10606337521326681,0.08755657923360743,1
0.1525773576551222,0.20251994829686817,0.23531904245611876,0.29953870664848536,0.347043655675853,0.3251144395829916,0.12456663971080763,0.06734122796112889,1
0.16894439697265626,0.22365198771158853,0.2627322387695312,0.32054677327473957,0.39979863484700523,0.3883968098958333,0.10161811828613282,0.10635305404663085,1
0.16215357669564182,0.21484197572220204,0.25231423488883087,0.309109088986419,0.3748219512229742,0.35938994829044785,0.10249510476755541,0.09377291036206623,1
0.16295305887858072,0.2161872030674726,0.25273976380797636,0.3091119349687949,0.37540541024043644,0.36054703284954204,0.10208636316759832,0.09353633310602999,1
0.156707763671875,0.21125986856852702,0.24950852080019648,0.30192587237634105,0.3604053489700287,0.3403219196372879,0.09545525343356256,0.08690961582693987,1
0.15846478939056396,0.21147247155507407,0.2476146419843038,0.3071054418881734,0.35790197054545086,0.33576758702596027,0.10765621066093445,0.07529415686925252,1
0.1702279249827067,0.22853251298268637,0.2718954086303711,0.3304566542307536,0.4114533265431722,0.3943895896275838,0.0970527430375417,0.10895610849062602,1
0.16265350580215454,0.21620426177978516,0.2546492576599121,0.31382787227630615,0.378623366355896,0.35893199443817136,0.10456703901290894,0.09230192303657532,1
0.15746639620873235,0.21340096381402784,0.25201483695737775,0.3007405188775832,0.34709967336347025,0.3193731000346522,0.08846366020940966,0.07094124824770036,1
0.1269007804698514,0.17665716759244302,0.20487049647739955,0.29256490836466165,0.3077544305557595,0.27011291962817197,0.18585222287285597,0.01618430847512152,1
0.14497784332448696,0.199339244805111,0.23587533993147425,0.29077866868869384,0.33822381330262646,0.31229133980140034,0.10516632347914381,0.07269562823168076,1
0.1341673995202669,0.1874101471837699,0.22025180482737897,0.2852360652043269,0.3081252849386605,0.27432100412383953,0.1286945211476293,0.034445635646344494,1
0.1599643376408791,0.2126548922791773,0.2484469900325853,0.3276026589529855,0.38246571287816883,0.3551413866938377,0.13847543755356145,0.07574645840391821,1
0.1158634781789337,0.15913894400752548,0.1844519752622565,0.27579766567262565,0.27384454067262565,0.22525405113765393,0.2076764928750757,-0.010821059484562663,1
0.1497086456843785,0.19427340371268137,0.22637374060494558,0.28753961835588726,0.33195410455976215,0.3028316157204764,0.11946048906871251,0.06847108261925834,1
0.11868572837591705,0.16166126973424444,0.18615597028559328,0.265595844425056,0.273950309745644,0.23772124902085032,0.18456720290369624,0.0063881929474156815,1
0.14734985631540282,0.20197569120914563,0.23910511961770714,0.30211229936792217,0.3557012015526448,0.33056542632776664,0.1193374493800172,0.07696261974649692,1
0.13246950704701008,0.1851845017458901,0.22225414073245514,0.2737166914666295,0.31105453655112,0.274436928696866,0.10517651840501785,0.06119659479794341,1
0.14632396301812872,0.20270427398228857,0.2453710720164132,0.2866725299054154,0.3249887709801558,0.30095334378477373,0.08058937140671366,0.062185868169858126,1
0.13329117921522213,0.19051472774319464,0.2238704184068873,0.304597258654634,0.3279469178179625,0.2973127223878672,0.15929264477023397,0.030348110731494862,1
0.1361871083577474,0.1988059815906343,0.238656489054362,0.2884286789667039,0.3274517967587426,0.3002954573858352,0.09487513587588356,0.06227783929734003,1
0.14591709977489406,0.20744492353019067,0.2541037556276483,0.3045042290121822,0.35751286910752117,0.33134755280058265,0.09052002987619173,0.0788532321735964,1
0.1589605701503469,0.2179318755420286,0.25182171721956625,0.27167402808345964,0.31426910855876866,0.3034794366181786,0.03921909474614841,0.07238725406020435,1
0.12849386670597696,0.18659756670361158,0.23272610040684472,0.29665477713086613,0.3270359765287089,0.28141214443325585,0.12180782436912035,0.04737145182995648,1
0.14049026877446183,0.19723486853672334,0.2350379510868319,0.3050612358197774,0.3418659128088307,0.3064233888152061,0.12962105409506483,0.05596296754601884,1
0.12375152292423064,0.17634947633017808,0.2059543973677386,0.3071681823308372,0.3199887519720349,0.2816197987578881,0.20294972442162648,0.015225074103264393,1
0.17452480174877025,0.25899791717529297,0.3056529362996419,0.4093485584965459,0.4657472681116175,0.4418830871582031,0.1834246140939218,0.028083454679559777,1
0.1285579013824463,0.18890857696533203,0.23850345611572266,0.3046934700012207,0.3331144332885742,0.2933816146850586,0.12557077407836914,0.041391310691833494,1
0.13646080998127824,0.19687518809984392,0.24046549457545996,0.2945890680002989,0.3347898639350591,0.30120006403178134,0.10266024906754367,0.06195449423713968,1
0.1561254526113535,0.21945750248896612,0.25592214410955255,0.29366480839716924,0.32759361762505074,0.30266266364555855,0.0734568571115469,0.052329156305882835,1
0.12816191182553188,0.18175713992813258,0.2175716103859318,0.29101805085117377,0.32241310193700695,0.2789504041949522,0.1460271020537441,0.050293019674356704,1
0.15000777067961515,0.2119958241780599,0.25503963894314235,0.29840958206741897,0.3249195805302373,0.28974321153428817,0.07547589761239511,0.04511707093980577,1
0.1541067700867259,0.2083747408805637,0.23947017564686066,0.3322587319470327,0.36402613088625285,0.3138470780958823,0.1674835485055906,0.04484327123799455,1
0.14849331974983215,0.20348256826400757,0.23775574564933777,0.3360733985900879,0.3740977346897125,0.3150023818016052,0.1781020313501358,0.053023383021354675,1
0.14631513313010888,0.17272126233136212,0.1997272703382704,0.3367704462122034,0.4036183887057834,0.3235236273871528,0.25702729048552336,0.09089268578423394,1
0.10479519000420204,0.14865557964031512,0.1692509834582989,0.1868615333850567,0.20182365637559158,0.18303269606370193,0.04523836649381197,0.029234338265198927,1
0.10449903744917649,0.1513664355644813,0.17193115674532378,0.20781337297879732,0.2371241312760573,0.220033939068134,0.0910423994064331,0.06341639848855826,1
0.09707975387573242,0.14994368553161622,0.17752411365509033,0.20297675132751464,0.2289834976196289,0.20670645236968993,0.06685858964920044,0.058186686038970946,1
0.11998923837322079,0.1716527024360552,0.21017719948128477,0.2547723953038046,0.2966910584332192,0.2697730913554152,0.09534816872583676,0.07449510652725011,1
0.1371199976314198,0.18031250346790662,0.2491299889304421,0.31934499740600586,0.36635997078635474,0.33920999006791547,0.12515590407631613,0.06690786643461748,1
0.15493107677132362,0.21327105253256348,0.25217054270194833,0.3232802409424256,0.38273238467669113,0.36061462295452057,0.12554208785556453,0.0814939321862002,1
0.15031888192160087,0.2102807028251782,0.24750726264819764,0.323336450677169,0.3718845300507127,0.3484090169270833,0.13436265577349746,0.06717604921575178,1
0.13899030183490954,0.1958633876774349,0.23246028385118708,0.2958565718522061,0.33908451176344395,0.3132546990086885,0.12088713656846664,0.06677334259522043,1
0.14338302612304688,0.2038675035749163,0.24178428154487114,0.3061339390742314,0.3584748305283584,0.3400535583496094,0.118028331112552,0.07755741515716949,1
0.1451223701428456,0.20507465046682175,0.24301098866067875,0.2951120024274109,0.3459981444534982,0.3285861653127488,0.09760899148928891,0.07747905269549911,1
0.14540135138716728,0.20398597478368835,0.2426678810836378,0.29346292451926215,0.3412968709224948,0.3213236575833442,0.09613461584039422,0.07355656155962535,1
0.15267569647894966,0.21360348171657986,0.25401668972439234,0.30771263970269097,0.3634311252170139,0.3452169460720486,0.09623486836751302,0.08183709038628473,1
0.13934011709970393,0.1965679416682875,0.23106523569194112,0.2921129493132996,0.3356291373900523,0.31599082260870504,0.11872707593820236,0.06677150066792553,1
0.14793780171279367,0.20536637813486952,0.2436857832239029,0.2975705735226895,0.3499192582800033,0.33275945135887636,0.09998715853860192,0.07983783965415144,1
0.1417788489390228,0.2016850326020839,0.240440934391345,0.30120054341978947,0.3431739807128906,0.3159876031390691,0.11269810240147478,0.0645463830333645,1
0.14004878508738983,0.1985814754779522,0.23599962087777945,0.2940218020708133,0.3334462092472957,0.3065924766736153,0.11142835861597306,0.06061887741088867,1
0.14837270128183647,0.20994588325234584,0.2528707795743968,0.30556255541708555,0.35241039231805743,0.32934393043279436,0.09520750753148738,0.06978676040008518,1
0.16152587955144193,0.23690055540701804,0.2779261002328885,0.3129087290854585,0.34086941160560913,0.31684798065250064,0.0589614126193347,0.04452650138742072,1
0.16818610297309028,0.237699905549637,0.2786801116635101,0.3134922220249369,0.3456557765151515,0.3204494900173611,0.05999545087718,0.05031588005297112,1
0.14821847113431227,0.2100974677120828,0.24864489703486312,0.30422616795511565,0.3635691431388389,0.34949406861842824,0.10209187079890653,0.08494015305870282,1
0.1431818069425473,0.20233878194650354,0.23933043002065565,0.2844894832131197,0.33720892477137193,0.3236715158165645,0.0893310921024412,0.08065512846273654,1
0.1531524413671249,0.21662201025547126,0.2602102084037585,0.30684730334159654,0.3640767366458208,0.3461135962070563,0.0826256275177002,0.08449965868240748,1
0.15752489404770934,0.22109809060698574,0.2645219228800061,0.31324456964881675,0.3745062966948574,0.35966124303132585,0.08550623921514715,0.08700585967128717,1
0.14494915397799746,0.2049927484421503,0.24699541987205037,0.2970457185152707,0.34722599366895196,0.32598420227465985,0.09304261153517397,0.07604039337089002,1
0.14102894067764282,0.19319385290145874,0.22282395760218301,0.2577081521352132,0.2994931141535441,0.2942533493041992,0.07240342100461324,0.07476881643136342,1
0.15147774436257103,0.21435838179154829,0.2540247483686967,0.31197114424272016,0.37608538540926845,0.363785136829723,0.10458384427157315,0.08957408558238636,1
0.14300477622759225,0.20314154294457767,0.2420855229443843,0.3003523042886564,0.34052760058110304,0.32402748636680073,0.10745735923842628,0.060647473476900915,1
0.1168521889414403,0.16741007553466264,0.19972719346256299,0.2807306692750885,0.28506443131723175,0.24477025782101036,0.1720397051642923,0.005090167060137315,1
0.128705337614348,0.18378108236316615,0.22098290943677862,0.30886367168314094,0.3151906731086536,0.27405654517512895,0.17035805453017558,0.006755847593655989,1
0.13471221923828125,0.19108933668870193,0.22857014582707333,0.30662656930776744,0.33820545489971454,0.3065525348369892,0.14878651545597957,0.04703061397259052,1
0.12271200644003379,0.17331138817039696,0.20951090632258235,0.29988524290892454,0.3079006091968433,0.2666323721945823,0.1806037834098747,0.009826167209728344,1
0.12459432978886228,0.17963718886208568,0.21802345903828085,0.2993914894190488,0.3060327401121242,0.2630521982041646,0.1617792617399273,0.007758075230928875,1
0.14468388972075089,0.20146562742150348,0.23358444545579993,0.27647263070811395,0.3338305846504543,0.3254938332930855,0.08587295076121455,0.08814059133115022,1
0.13223270725559544,0.1908219827188028,0.22696694039009713,0.3086547026763091,0.32794096663191513,0.29623526495856206,0.15359895036027238,0.02854136389655036,1
0.142363073618989,0.2041618312330551,0.24436684177346427,0.3190858745139483,0.356378633682042,0.32622869482867795,0.13688150170731217,0.0508833062158872,1
0.1384141757060049,0.19929235420311633,0.2351594573906943,0.3057562242326081,0.3429029511242378,0.3167828139074626,0.13377280563049992,0.05362756817938219,1
0.14504062428193934,0.20766215230904372,0.24711171318502986,0.30038081898408775,0.3492831061868107,0.32581860411400887,0.09787026573629941,0.07441332760979147,1
0.14046903756948617,0.20048927894005408,0.23783004467303936,0.29435099088228667,0.33844874455378604,0.313795647254357,0.10701731901902418,0.06869082817664514,1
0.133292283162032,0.19306366671823433,0.2293193804548912,0.28742044278890777,0.32675624129795794,0.3014334499245823,0.11451634322062577,0.06126742473136474,1
0.13894964147497108,0.19973054512467964,0.2381582916098297,0.30352323017423116,0.3390038707268932,0.31140179104275173,0.12190580620336786,0.053607723700306406,1
0.14872090339660646,0.2147627067565918,0.25485769271850583,0.32410598754882813,0.3872669219970703,0.37070747375488283,0.11983880996704102,0.0883724594116211,1
0.1359522707223473,0.1950055006727812,0.2305917320854844,0.3006991099808463,0.3457527361770925,0.32536755714349463,0.13313219710686924,0.0682154422485137,1
0.13171201944351196,0.18856855233510336,0.22112123171488443,0.2979675531387329,0.32166339953740436,0.2930003801981608,0.14946386218070984,0.036979143818219505,1
0.145025460616402,0.20675099414327872,0.24342225945514182,0.3092692209326703,0.3558135654615319,0.3352949722953465,0.11948708865953528,0.06910015189129373,1
0.15366885321480886,0.21782949992588588,0.25634874616350445,0.32041473388671876,0.38475761413574217,0.3685974666050502,0.1111659322466169,0.09072036061968122,1
0.14699051013359657,0.2066195011138916,0.24360064359811637,0.31008030818058896,0.3585995894211989,0.3404561923100398,0.12006815580221322,0.07152124551626352,1
0.1497240228168035,0.21179960003006928,0.24922290090787208,0.3316988325388418,0.37710411804544053,0.34797431385449773,0.1436503782110699,0.062311140157408636,1
0.14654963519943662,0.20579668630166834,0.24176557320522596,0.30136081042042767,0.35195886376369523,0.3328683556788471,0.11047492464225131,0.07586840139442232,1
0.14039138682837626,0.19605955105383419,0.23133642696639867,0.30258426851439246,0.33998241239381066,0.3115468441861347,0.13481321612608085,0.05645132064819336,1
0.14464334922261757,0.20033294375580135,0.23674615538946472,0.30626984397963725,0.35820808032951734,0.3349600310372834,0.12841117027962562,0.07694145240405999,1
0.1535271073663514,0.2117588004938336,0.24973887567934783,0.3016814266957567,0.3725864372125836,0.35947200303093646,0.09431560605664716,0.10403033100242998,1
0.15488875539679275,0.21418667930760155,0.2532609813000572,0.30801915358624143,0.3758127312911184,0.35975954243465746,0.09785819326440039,0.09802684303824907,1
0.15335191999162948,0.21205828871045793,0.25178730487823486,0.3077399730682373,0.37298386437552317,0.35472982270377024,0.10068491527012416,0.09394298280988421,1
0.1490687956391361,0.21130188118977516,0.2534662936943757,0.2957482674902971,0.350828934532672,0.32738506308970156,0.07708691223275227,0.08411205708342395,1
0.12899455240328017,0.18444397808754281,0.22110470288420378,0.289820339255137,0.3090469151327055,0.27180106803162457,0.1375325033109482,0.028763648255230628,1
0.14572183787822723,0.20809398591518402,0.25322791934013367,0.2972360849380493,0.3487333059310913,0.31568217277526855,0.08001413941383362,0.07981552183628082,1
0.14141081600654415,0.20322176305259146,0.24431849689018437,0.28345773278213127,0.3269617034167778,0.3019582004081912,0.07417322368156619,0.07050266498472632,1
0.15008330345153809,0.21161943674087524,0.25498435894648236,0.295651117960612,0.3467802206675212,0.3248094320297241,0.07384246091047923,0.07888497908910115,1
0.15460923836056123,0.2181268465721001,0.2624952240852313,0.310656186551024,0.3658654164459746,0.3400395495743401,0.08422005109194308,0.0807530624044817,1
0.14388585929482872,0.20416951720093823,0.24300539018214914,0.29259600128579455,0.3415499665571247,0.3179884874047107,0.09446326189436327,0.07443411486329653,1
0.14615207841068437,0.20710772178667686,0.24788864953812464,0.29718236323003167,0.3448632513726508,0.3195241648000437,0.09117674216245994,0.07285626284726016,1
0.1624347038988797,0.22680645315413833,0.2681355562164052,0.31442607563281594,0.3619845676129196,0.3408357922368638,0.08071967707019252,0.06945910585611836,1
0.14820666997608545,0.20714015491797186,0.24494168117441514,0.2970493204720336,0.3430789036943646,0.31617527476952817,0.09772453338356835,0.06890420815379349,1
0.13792097909109932,0.19465574537004743,0.2318422317504883,0.2968684332711356,0.3162423815046038,0.2773075921194894,0.12447351728166853,0.030283001491001674,1
0.11332107342150544,0.1640556545005325,0.18918160237712997,0.3020022014877925,0.28349234347183366,0.23687345207889593,0.24096844227850012,-0.041823355130479876,1
0.15292212054552629,0.2125325507824988,0.25247953371013826,0.30661986368086636,0.3706894506273977,0.3518937835303109,0.09777992033897459,0.09276307635295117,1
0.15259056091308593,0.21219040552775065,0.251143217086792,0.2948279062906901,0.3544925689697266,0.343070920308431,0.08014356295267741,0.0912410815556844,1
0.1523236385008105,0.21201782486065715,0.25107538132440477,0.3057537987118676,0.3754139335788026,0.362044924781436,0.09947870215591119,0.10006754090185879,1
0.1519654766543881,0.21029629550137363,0.24791304619757684,0.3023295140528417,0.3682605198451451,0.3528343871399596,0.09947330349094265,0.09685126503745278,1
0.1486364853754134,0.20680785470287058,0.2439969812028282,0.2956492037106725,0.352253555442779,0.33171104317280786,0.0972695628855898,0.08454390879078506,1
0.15322576750309094,0.21276932462639764,0.2522932630066478,0.3029862150139765,0.36969806076189793,0.3517134780183845,0.09165665862757132,0.09814867842088051,1
0.14078140631682245,0.19711725826021048,0.23071450152355205,0.29271267679313295,0.32967101513815067,0.3047907764960594,0.12053617773867073,0.05680598821108642,1
0.15954661439241202,0.22256787431554712,0.2601346997571481,0.3062718634731259,0.35348112492267686,0.3317769070175037,0.08243787882964282,0.07010562259081173,1
0.15866940215933475,0.22406366045382914,0.26850756862132846,0.3242603678560052,0.39160152975581747,0.3741406616734844,0.09428467975665572,0.09271588959919025,1
0.12509543992460356,0.18062682070974576,0.21279278692981188,0.26008512695814073,0.29394857272406266,0.27525172064594566,0.10218832195264349,0.05522650281282101,1
0.14652967895885738,0.20554991919927923,0.2434658133208567,0.288173238559404,0.32583022929566563,0.30553637052837174,0.08569926447912636,0.05977809539889403,1
0.15694945545967073,0.21654222970782028,0.2573427623586227,0.31075261110222396,0.3753812079543096,0.35375713101393885,0.09472836957297143,0.09268132744405437,1
0.15728645167723604,0.2153760651011526,0.2533569649904353,0.3110028804574974,0.3730871255505723,0.35039112106762793,0.10330717455703045,0.08900432822145062,1
0.14996098478635153,0.208253542582194,0.24535449345906576,0.29227521022160846,0.35426191488901776,0.34065747261047363,0.08797605832417806,0.09475407997767131,1
0.1589512918509689,0.21740012075386794,0.25743553685206993,0.3142090217739928,0.3870147256290211,0.3707142250210631,0.10057137994205251,0.10166546877692728,1
0.15227437463606366,0.20916345252753785,0.24628709117818323,0.3033131348667184,0.37042817615327384,0.3552618875760223,0.10426280019692999,0.09839704367438212,1
0.1475511317630466,0.20189648909534483,0.23881453918896134,0.30355406836640064,0.3567847931127754,0.3321669324696493,0.11962832992883038,0.07975325824545441,1
0.1471563755780801,0.20095632268094468,0.23717428623944864,0.3059522694554822,0.35830309199190685,0.3308843415358971,0.12729804817287402,0.07787418365478516,1
0.15246349573135376,0.20701316992441812,0.24244864781697592,0.31513230005900067,0.36897726853688556,0.3411266803741455,0.13176286220550537,0.07663293182849884,1
0.13530749082565308,0.18746582667032877,0.22041084369023642,0.2993358373641968,0.32462666432062787,0.2995925148328145,0.1516678730646769,0.0405886173248291,1
0.1576975149701732,0.22084305637566617,0.263648927673813,0.3137613932291667,0.38992342098738797,0.3781246214874031,0.0873943890712058,0.10585964557736419,1
0.14837423534979657,0.19697947717704567,0.2332713342704566,0.2752191526333635,0.32019521978837023,0.3123288587463269,0.08562907931170886,0.07224979780035036,1
0.14606646496463307,0.20879680387326618,0.25057521992083887,0.31541611513766854,0.3672224157790396,0.3476576261242125,0.11516497516716401,0.07444636364303575,1
0.1397292751736111,0.1948250231980364,0.23486560105363985,0.27565989059506707,0.30944178789511495,0.28956965771671456,0.08006535672593391,0.05642907387452107,1
0.12836690800048137,0.1809638998663797,0.212449589802253,0.30163029570755134,0.320364976402045,0.2903874210865572,0.17629318669565,0.026762856977857206,1
0.13982620513696464,0.19681797439245868,0.23467172307076214,0.3149520544697055,0.34934069955949304,0.3226644118055165,0.1474961891448755,0.04960779834994309,1
0.14791599813366743,0.2085372389732278,0.2481375789988286,0.30729913307937196,0.3541819931085626,0.3318419450716067,0.10880123631985905,0.06835504829379062,1
0.14461732202646685,0.20842786516462053,0.24703596465441646,0.3072747678172832,0.3541005037268814,0.3335158367546237,0.1088687040367905,0.07003763159927057,1
0.1494725545247396,0.21216169253800266,0.250748124233512,0.31190236409505206,0.3720648122388263,0.3572481732035792,0.10905784784361373,0.0872215891993323,1
0.14152163550967262,0.2053637428889199,0.2457409661913675,0.3074913327656095,0.34631432427300346,0.32024259415883866,0.11244536203051371,0.058206331162225636,1
0.13662220541119852,0.19695708591257613,0.23437570806445765,0.3095562928237384,0.34469200895446633,0.31581993722583745,0.1412988206903232,0.05052649283353801,1
0.14320691093724436,0.20675810968688646,0.2464508535974313,0.3124724383129499,0.35710363737575673,0.33254960943891115,0.11875876581481613,0.06558584542798747,1
0.14076981721100984,0.19629537323374807,0.23099122224030672,0.2945032943913966,0.33975130246009355,0.3153330249550902,0.12305478696469907,0.0682458171138057,1
0.14720614139850324,0.20472053381112906,0.24240860572228065,0.30485928975618803,0.3549990653991699,0.33232608208289516,0.11429904057429387,0.07517014100001408,1
0.14482756664878443,0.20606571749637,0.24230058569657176,0.3069531039187783,0.3523997256630345,0.3328790915639777,0.11777796243366442,0.06869142933895714,1
0.14149473171041468,0.19956276633522727,0.23775193185517282,0.3141002847690775,0.3670766811178188,0.32186444600423175,0.14011395579636698,0.076956782678161,1
0.1827261704664964,0.24789440448467548,0.28854279151329626,0.3362586681659405,0.37757465655987077,0.3276583744929387,0.07942988322331355,0.05857715973487267,1
0.14508773742594291,0.2062293588717248,0.23692511238943592,0.27191985146862485,0.31495809109411504,0.2998441688527412,0.07142033086758907,0.07069710195462439,1
0.1563154788000182,0.21860085764238912,0.2598222848762321,0.31902291356021784,0.378009044141325,0.3578568598702817,0.10290451459987189,0.08323266087467097,1
0.15245648647876495,0.21620635445236314,0.25888050701601284,0.3303887116993573,0.3865724928835605,0.36263156106286015,0.12223326229880042,0.07675428593412359,1
0.15182405494781862,0.21408306259706797,0.2553645444203572,0.3220622970397214,0.37322986556822996,0.3483307620128953,0.11599394786788757,0.07281074179224221,1
0.1513051060267857,0.21444539388020833,0.2553065127418155,0.32280081612723216,0.3690275355747768,0.34433997744605654,0.11770017351422991,0.06542190551757812,1
0.15681171417236328,0.2204536029270717,0.26222705841064453,0.3289802006312779,0.3799965994698661,0.35403030940464564,0.1130955696105957,0.07106625693184988,1
0.15823399181097325,0.22078002338678065,0.26258815174371425,0.33054899833571744,0.3865812059859155,0.36504560121348206,0.11591755504339514,0.07608229677442094,1
0.15986367587385505,0.22134567786907328,0.265820207266972,0.3423607135641164,0.3872308139143319,0.3479930483061692,0.12617479521652747,0.06091840020541487,1
0.15637896419350616,0.2175344828686683,0.2580353231991039,0.3264698203093086,0.38146673464307596,0.359426111956827,0.12005940605612363,0.07370554855446411,1
0.1621542188856337,0.22340590159098309,0.26524988810221356,0.3325686560736762,0.3919668409559462,0.3705962710910373,0.11327170266045464,0.08022545708550347,1
0.1674157210758754,0.22771143913269043,0.269181421824864,0.3415083885192871,0.3921044554029192,0.3568572998046875,0.11826539891106742,0.0683522139276777,1
0.16081234899393074,0.22340400782608053,0.26374078068208756,0.3309827724992099,0.38535028161050094,0.36344124544435447,0.11381303133765605,0.07398433178926991,1
0.15249424714308518,0.21235539362980768,0.24958674112955728,0.3169116729345077,0.3655978227273012,0.34387877048590243,0.12066943828876202,0.06827124571188903,1
0.14300955865616188,0.2010581224484551,0.2365232195172991,0.3195672286184211,0.34343475685980085,0.30881265052279133,0.15031388648470542,0.03306094865153607,1
0.16206392065271155,0.22758823246150822,0.270111083984375,0.3462136008522727,0.40561854374873174,0.38607322395621957,0.12405355874594155,0.07745755183232295,1
0.14833404994246982,0.2100541331980488,0.24953324723951886,0.32511059600527925,0.370085083612121,0.34087870380665997,0.13242829200064782,0.06306010897796933,1
0.16075187921524048,0.22801458835601807,0.2724408308664958,0.33488186200459796,0.4098239739735921,0.39652081330617267,0.10279297828674316,0.09952683250109355,1
0.15628541684618183,0.21610654569139667,0.2543683519550398,0.3251142314836091,0.3877894457648782,0.3689453274595971,0.12287887872434129,0.08648168339448817,1
0.16897163391113282,0.2314906883239746,0.2734100341796875,0.3312730407714844,0.4129975891113281,0.3993449401855469,0.09592774391174316,0.10871976852416992,1
0.16547266988728287,0.22357447985407441,0.2649890993206637,0.315346845164286,0.39160114672918084,0.37816085607544275,0.08695779119590323,0.10670365169847369,1
0.1411439944536258,0.19381001790364583,0.22749567276392227,0.2724099574944912,0.3170425806290064,0.3046207917042268,0.09008375314565806,0.07409459138527895,1
0.150657529077348,0.20549140119422685,0.24196148698271458,0.295399990653472,0.343392499461161,0.3187351278777993,0.10087354696414126,0.07153099953965855,1
0.12648550271987916,0.17014174461364745,0.19487524032592773,0.2685504913330078,0.27229599952697753,0.24030799865722657,0.16378227472305298,0.0014851637184619903,1
0.15088397301047857,0.20448871916788489,0.24210011300865125,0.28468058299433235,0.3414368892739887,0.3282387388264475,0.08131123174187596,0.08931082158000922,1
0.14995187248279845,0.2070456486122281,0.24295921575010213,0.3109775119357639,0.3607109917534722,0.33731475530886185,0.12568260641659007,0.07008476506650838,1
0.16476271176907797,0.2249328040425688,0.2650257410042929,0.3292448284682967,0.39418847406276664,0.3719575641098283,0.1091673333490261,0.08781858841306928,1
0.16349200580431067,0.22411814979884936,0.2630461817202361,0.3277208079462466,0.3877347863238791,0.36332375070323114,0.11079373567000679,0.08200912890226944,1
0.15915392466953823,0.21705635615757535,0.25480913434709823,0.3237304415021624,0.3748403821672712,0.3489243643624442,0.12115477153233119,0.07045330320085798,1
0.16584838276178065,0.22461278673628687,0.26500100149235256,0.32154061760700925,0.38963565020494056,0.3716978690993618,0.09634079060084383,0.09506732645169111,1
0.15355877649216426,0.20713227892678882,0.24236804719955202,0.31183306376139325,0.36058837648422,0.3345353868272569,0.12785377199687656,0.06963723046439034,1
0.1471895863348087,0.1980989840547395,0.23337836319956037,0.30758672794008435,0.3439922550331957,0.3081992841945402,0.14131923138868674,0.05186527672829284,1
0.15855315491393374,0.21416058383145176,0.2535505609197931,0.29244854686024424,0.3592442103794643,0.3468208941784534,0.07117828956017128,0.10110779646988753,1
0.1610818890604985,0.21331556468413082,0.25067649469937553,0.3055255215560952,0.3772651287961678,0.36112797555508114,0.09901499890751761,0.10282871236564968,1
0.14946751758970064,0.20214531339448075,0.23849507035880252,0.2896479244889884,0.3307949263474037,0.30152044625117863,0.09984373224192652,0.06306530278304527,1
0.1532835274229067,0.20598329915809285,0.24247666655993852,0.3016626465733151,0.3604972853252362,0.33677751162447345,0.1109528949786188,0.08514628731705018,1
0.1411361988907155,0.19159041592513273,0.22461232071217424,0.292280945845399,0.3319638128292913,0.30277027341236323,0.1355646003320564,0.057236341282514376,1
0.14205579255756579,0.19138179814483358,0.22418537907556116,0.289434814453125,0.3249819728981231,0.29459383465557276,0.1325910538711784,0.05150648182021575,1
0.13530673180900743,0.18289982755724724,0.21401758471870558,0.2842801547507996,0.31766100614394543,0.28538794066775497,0.14860765664562234,0.047561851561111854,1
0.12804453045714134,0.17664378297095204,0.20631547067679612,0.2773902930465399,0.28705548305137485,0.24741445803174786,0.14969654644236846,0.0134201260174022,1
0.14590650880345546,0.19539928506557433,0.2327586253425525,0.28261832094579037,0.32473847087727986,0.29437658412542606,0.09973240109516052,0.06488503756203366,1
0.1526231912466196,0.20229876591609075,0.24247034513033353,0.2913526388315054,0.3327553969163161,0.29939786470853363,0.0914972158578726,0.06683335671058067,1
0.13287940154394334,0.17824257050094366,0.20843722758383584,0.26311169116673955,0.28624497064019055,0.24927780496944624,0.11771162015872422,0.03971420847190895,1
0.15110264208492816,0.20404308754325712,0.23848565632864932,0.3049132839945339,0.3648644261712196,0.34441803285739564,0.12420557009293728,0.08717631013601418,1
0.16510216025419014,0.22062625441440317,0.258660028147143,0.31605412239252134,0.3761259566905887,0.35317176996275434,0.10014383182969204,0.08542792741642442,1
0.16116409301757811,0.21554957071940103,0.25263458251953125,0.3208533223470052,0.3851013692220052,0.36229581197102867,0.11927276611328125,0.08974859873453776,1
0.1509262431751598,0.2009051682113053,0.23445302789861505,0.3135202085817015,0.35981626634473923,0.33016742359508167,0.14688930263766994,0.06586561574564352,1
0.14733501912553526,0.1980224253484876,0.23224210600116163,0.3028531978151193,0.34671732288060314,0.3149351114434334,0.13381350770288583,0.06524297864374544,1
0.14851591502521055,0.19675357899767287,0.2294927069481383,0.29495724076074914,0.33493067964594414,0.30556287833139406,0.1272604435048205,0.0599560243863586,1
0.1572999745389841,0.21404923487753763,0.2523602395162095,0.30320141089223596,0.3743364097428148,0.35711296805500115,0.09234428405761719,0.10356726263561387,1
0.14639299765400504,0.2021667875092605,0.2378747435821884,0.300997701184503,0.3505316547963811,0.3274827277523348,0.11962144128207503,0.0727795787241267,1
0.15655176847883798,0.21230316162109375,0.25037856240874357,0.3084877532662697,0.36216943240860133,0.33763167001668687,0.10649030185440211,0.07722407868764933,1
0.1467440318256868,0.19919403848406747,0.23224719261162283,0.2911153291024777,0.340517081606578,0.31733710763604145,0.11477751226881004,0.0738147710569573,1
0.15833729637993707,0.2178108639187283,0.2575864791870117,0.31064720153808595,0.38022982279459633,0.3612305959065755,0.0938124974568685,0.09968848758273655,1
0.15474585997752655,0.20719518416967148,0.24291116763383913,0.2985857205513196,0.35396414536696214,0.3314942090939253,0.10547320048014323,0.08109774956336388,1
0.1657169729039289,0.22162841022878454,0.25925948654395947,0.3210796135059301,0.3963561680005944,0.3841546100118886,0.10900866467019786,0.10080175123352936,1
0.16572646152826004,0.22557766447341981,0.2660916175371335,0.3194006460684317,0.3901723225911458,0.3766675407503858,0.09195848158848138,0.09842828664269467,1
0.15533369824402316,0.21422226984698073,0.2514634670171523,0.31708371728882756,0.3664045692386484,0.3418229755602385,0.11726606698860799,0.06971313361834763,1
0.17746500624823816,0.24013609738694025,0.2840017141755094,0.33566937004168007,0.42873933143222454,0.42160915099468427,0.08344105592707998,0.12068654089858852,1
0.16260786409731265,0.21911921324553313,0.2564181575068721,0.31394711247196905,0.3828078729135019,0.36887454986572266,0.1017761053862395,0.09690943470707646,1
0.1670789082845052,0.22251681373232887,0.2589310055687314,0.3212046305338542,0.3977271670386905,0.3850027901785714,0.10818180810837519,0.10474989754813058,1
0.1643340705891502,0.2159114269923915,0.2530293277909799,0.30256939681329553,0.3696564756547813,0.3542054975624184,0.08971177940269053,0.09834273614709121,1
0.16466817441193954,0.21448178498641304,0.2484300530475119,0.3035774894382643,0.3756424613620924,0.3646833336871603,0.1013071640678074,0.10327748008396315,1
0.1527665894607018,0.19998000572467672,0.23182083656047953,0.28255588926117997,0.32365888398269127,0.29929172910492996,0.0995959314806708,0.06625169556716393,1
0.1625650640119586,0.21862548694275974,0.2570041689956397,0.30940781978138704,0.3810455589963679,0.36687248631527547,0.0930336734704804,0.10181105764288652,1
0.1691166037943826,0.22771971973020638,0.26830007069146455,0.32292522601227264,0.41277734557194495,0.4060390529347889,0.09278507375005465,0.12024066697305708,1
0.16689950227737427,0.22311086654663087,0.26214094161987306,0.31392755508422854,0.3962089538574219,0.3885158061981201,0.08996999263763428,0.11433992385864258,1
0.1615839871493253,0.21986749822443183,0.2595691160722212,0.322479248046875,0.3764554804021662,0.3495905095880682,0.10890060771595347,0.07482044913552025,1
0.17663910077965778,0.24000897614852243,0.2899295558100161,0.3530360512111498,0.4287136741306471,0.4041226843129034,0.09841819431470789,0.09602979991746985,1
0.17247344122992622,0.22994295756022134,0.27356099022759334,0.3236935085720486,0.38497691684299046,0.3601927015516493,0.08404915597703722,0.08485856586032443,1
0.19035225726188498,0.2556779130976251,0.30580163509287733,0.358069805388755,0.45595895483138715,0.44622571417625917,0.07858221074368091,0.11881631485959317,1
0.16171148383565584,0.21883784630389447,0.2549745290976173,0.2942083364129219,0.345524748156242,0.3303518234327058,0.07321787331604769,0.07649816573047175,1
0.16373568369929953,0.21889799878113253,0.2757156773617393,0.32557526208404314,0.38610005199461056,0.36019257853801984,0.08332939434768562,0.08368066916788432,1
0.12900051577337857,0.18351974158451476,0.21534008815370756,0.26831931081311455,0.2910257536789467,0.2630943101027916,0.10956400838391535,0.0377995227945262,1
0.16081318185349142,0.22583682477966813,0.26885816085437114,0.31279887049651345,0.3785611617663675,0.36089659131262913,0.07527142516837633,0.09324727964795325,1
0.1646843509397645,0.22256721828294837,0.26548587964928666,0.32406421606091484,0.4025342858355978,0.3838692485422328,0.09955505149951879,0.10682620725769927,1
0.1635319491227468,0.21750879287719727,0.25616564353307086,0.3078109224637349,0.3764360745747884,0.35945196946461994,0.09166795015335083,0.09944140911102295,1
0.1702012437762636,0.2250354073264382,0.2671091484301018,0.322335012031324,0.4013466690525864,0.3853775082212506,0.09376965147076231,0.10788592425259677,1
0.1350045885358538,0.18505001785163594,0.21795493678042763,0.29417591525199716,0.31907424353119124,0.28083961888363485,0.15333148411342076,0.03497845785958426,1
0.1621687412261963,0.2180599949576638,0.25667624040083453,0.32528127323497424,0.3890012394298207,0.3683250167153098,0.11872410774230957,0.08781608668240634,1
0.15765749324451794,0.2101974920793013,0.24522250348871405,0.30677251382307574,0.3606224927035245,0.3396175124428489,0.11169392412359064,0.0802446657961065,1
0.16178999841213226,0.21327000856399536,0.2481674998998642,0.31293001770973206,0.38660937547683716,0.36644497513771057,0.11518137156963348,0.105422243475914,1
0.1562349979694073,0.20994039682241586,0.24586171370286208,0.3147873144883376,0.36104653431819034,0.3312978744506836,0.12396553846505973,0.06649932036033043,1
0.14392206802530608,0.20554838593417318,0.24911951697236515,0.3031296090423172,0.3494758253997738,0.3146849416349694,0.09809475879114177,0.06983173443460566,1
0.16545098264452437,0.23034751247352278,0.27881101151587256,0.349350459139112,0.4381828039464816,0.42149224079830544,0.11354298658773933,0.11041330955397914,1
0.16505436158516038,0.22768232855998294,0.27120474694480357,0.3484305529527261,0.4284559437926386,0.41424426226548744,0.1251166974994498,0.10192494325234856,1
0.14723561704158783,0.2063056230545044,0.24462687969207764,0.32624000310897827,0.39508625864982605,0.37720435857772827,0.14278124272823334,0.09549317508935928,1
0.15582937664455837,0.21759706073337132,0.2583302921719021,0.35198116302490234,0.42345862918429905,0.4055858982933892,0.15388819906446669,0.09077321820788914,1
0.16511499881744385,0.22664247859608044,0.26946249875155365,0.36580250479958276,0.4429400183937766,0.42466501756147906,0.15227590907703747,0.09374783255837181,1
0.15717572967211405,0.21744428078333536,0.2573599616686503,0.3290272355079651,0.41171741485595703,0.4034748872121175,0.12282766898473103,0.10921796162923177,1
0.16282949447631836,0.22167537212371827,0.26394836902618407,0.33294038772583007,0.413702392578125,0.40011324882507326,0.11606125831604004,0.10729454755783081,1
0.1640806551332827,0.22888082928127712,0.2716805140177409,0.34838612874348956,0.43423857512297453,0.42520897476761427,0.12499717429832176,0.10706925392150879,1
0.17230287052336193,0.23663189297630674,0.28018011365618023,0.3616809390840076,0.44545641399565195,0.4317928495861235,0.12766269275120326,0.10325187728518531,1
0.16591501235961914,0.2253342390060425,0.2678850173950195,0.34751124382019044,0.4249622344970703,0.41310973167419435,0.12951375246047975,0.09922133088111877,1
0.15909553046699043,0.2420425002639358,0.295343017578125,0.34801558760909346,0.41882274730785474,0.4016983169693131,0.08246422844964105,0.09110316371058559,1
0.1529645149879743,0.23807498533579455,0.29728861337585777,0.35879201242305236,0.42851942245105623,0.4022551866085845,0.09529007828530763,0.08604432794839882,1
0.1527943146534455,0.233016107021234,0.2865003380408654,0.34421405498798074,0.41138020833333333,0.3901043544671474,0.09243354992988782,0.08707671336638621,1
0.13704945897835613,0.2005084820998652,0.23800802598197948,0.2918023578191208,0.3406138838898787,0.31731063302015117,0.10345649425347891,0.07353313898636123,1
0.14028395532700172,0.20898374816499857,0.24886535899908474,0.3154855454634604,0.3649627000671596,0.3420452177411207,0.12300434308434766,0.06696592079182911,1
0.14244925629981697,0.21020738322942323,0.2542464700499453,0.3079531314142036,0.3551878613334702,0.3305242128168617,0.09749086710946052,0.06759931692740405,1
0.1575313834256904,0.22867408413715645,0.2835885626569107,0.32412758438078093,0.38234896186038253,0.35725806076985334,0.06676215399647364,0.08210906821123894,1
0.15067751772768861,0.22067549421980576,0.26579985747466217,0.3220671003645247,0.3834834514079509,0.3619307097014006,0.09741082635369745,0.08403389733116906,1
0.12460228350522706,0.18484658074321791,0.22191987620840828,0.30276913722927906,0.31838045188848924,0.28236308658151604,0.1609335517425903,0.0184634526570638,1
0.13623479909282665,0.20524306678636986,0.24866482895988146,0.322132777425303,0.35050185757668745,0.31743866420348993,0.1348088312385273,0.03643972149826665,1
0.10483938534215761,0.16553819399710382,0.1899109691931893,0.2860695630076064,0.27376500031564355,0.2347081770683027,0.20186979349181647,-0.026178860727274954,1
0.16567591828649006,0.24024347230584842,0.2845312872767654,0.3183559579631691,0.3499445996262383,0.323528863576979,0.056639227121296466,0.046250342369339614,1
0.1546846201722051,0.22906027780452246,0.2764742354272117,0.331292079871809,0.3945627991582306,0.3749638946963028,0.09143682130625551,0.0855739754690251,1
0.14592640559870443,0.21468321135189158,0.25320025130106766,0.3303340727379095,0.34379084880192085,0.2956162332186647,0.13542349067009554,0.018414912469301506,1
0.13165016174316407,0.18462697197409236,0.21792057261747472,0.24727520662195543,0.2812153984518612,0.264053591559915,0.06433633355533376,0.06259887358721565,1
0.11670991337588818,0.16892574217672116,0.20239274654430534,0.25727546136110824,0.2670819280426497,0.2346283363190708,0.12083567267748431,0.015380352011842707,1
0.14771606502461523,0.20843300122893257,0.24682037124919534,0.27498189518960675,0.3128749261634627,0.288869193430697,0.05404901325925906,0.06449247210213307,1
0.11627749034336635,0.17182422819591703,0.1980235463096982,0.30500639052618117,0.2932252883911133,0.25079638617379324,0.2181745483761742,-0.022487426087969824,1
0.17316714354923793,0.24659018857138498,0.29528284072875977,0.35362604686192106,0.4486464091709682,0.43779570715767996,0.09023380279541016,0.11835488251277379,1
0.1494208914893014,0.20812552315848215,0.2469967773982457,0.32186358315604074,0.38123410088675364,0.36097250665937153,0.13205606596810476,0.08263483217784337,1
0.16342105865478515,0.22598417070176866,0.2701387617323134,0.3378700680202908,0.4183393266465929,0.40131437513563367,0.11170386208428276,0.10434657202826605,1
0.1639092510354101,0.23215893583534364,0.28190280453057304,0.3279604286413204,0.3634334893243526,0.3312939722362397,0.07683520262614156,0.0497286910379717,1
0.16033251081194197,0.2228082493373326,0.26932726178850447,0.3255913434709821,0.35440032958984374,0.2946775381905692,0.10060719081333705,0.039418792724609374,1
0.15469792884165848,0.21788002374603993,0.2591108787716843,0.31239880539300874,0.38293189702071545,0.36749706118125613,0.09505579790731114,0.09699087818776529,1
0.1551693740643953,0.21553104802181847,0.2551431655883789,0.30330120889764084,0.3773433283755654,0.36179678063643606,0.08647894859313965,0.10740511040938527,1
0.15159795313705632,0.20839545167522666,0.24506535942171825,0.29960931377646366,0.35919467313790027,0.3364946812759211,0.10130958792604046,0.0879333519641264,1
0.14833134242466517,0.2039503914969308,0.24112271990094866,0.2934429495675223,0.34925561087472096,0.3260565621512277,0.09920686994280134,0.08323521750313895,1
0.1526205308975712,0.21242021745251072,0.253521780813894,0.3022570456227949,0.35663364779564644,0.3295375762447234,0.0878989158138152,0.08158289232561665,1
0.14952850341796875,0.2056021994732796,0.24405830464464554,0.29456233978271484,0.3546592225419714,0.3310887762840758,0.0935902088246447,0.09226633640045816,1
0.14141074647294713,0.1986478846123878,0.232873409352404,0.2955915572795462,0.34441574583662316,0.32164484389284825,0.12047527191486765,0.07346620458237668,1
0.1447473206272015,0.19873267377732118,0.23265212395287663,0.2934596772827854,0.33750417191169163,0.3100515597128455,0.11872286052373103,0.06628499554760883,1
0.14937846320016043,0.20155029296875,0.23673455374581473,0.30478880746023995,0.35033433096749445,0.3192542212350028,0.12628746032714844,0.06819372177124024,1
0.17904130935668947,0.24132659912109375,0.2853595924377441,0.3423945999145508,0.4482883071899414,0.4437717056274414,0.09062713623046875,0.13323745727539063,1
0.16155392936106477,0.2256437580237228,0.2677756320224719,0.3138687048065528,0.3685486182737886,0.34648586658949265,0.07925958847731687,0.07988591140575624,1
0.1438383780992948,0.2153785595527062,0.2613618007073036,0.3175812501173753,0.3869471183189979,0.37117980076716495,0.09928757410783035,0.09460911383995643,1
0.1495922429417327,0.22429617406311914,0.27606794813524405,0.3285964833899946,0.38819595029099874,0.36371608151482576,0.08783349798460859,0.08150222184678663,1
0.14953536318059554,0.22938862181546396,0.28641202157003837,0.3558097303959361,0.4113558719032689,0.38461116322299893,0.10909365771109597,0.06999404806839793,1
0.149643229546948,0.229500922087197,0.2860291026463018,0.34896016343731745,0.42222217310254817,0.39839639396310966,0.099273681640625,0.09416125645147305,1
0.14978315096000486,0.22684956586897168,0.2758873012239133,0.34081661659953505,0.3993680221399221,0.3786654620847075,0.10682380570672376,0.07577136478622067,1
0.1436603546142578,0.21832395553588868,0.2671062088012695,0.3179938316345215,0.3762371826171875,0.3535276794433594,0.08742799758911132,0.08293054580688476,1
0.15335647181460732,0.23074234410336142,0.2813128019634046,0.3331598583020662,0.4097016585500617,0.395834671823602,0.08485130510832134,0.10137530878970498,1
0.16212348280281857,0.24391099776344738,0.3003466814413838,0.37184730617479345,0.45009779656070403,0.4320214370201374,0.10680465040535762,0.09411100409496789,1
0.1588278605525655,0.23828071938421494,0.29282439382452713,0.3612415055583294,0.429373490182977,0.40732362216576595,0.10545457395395838,0.0836448167499743,1
0.1431473859651821,0.2131905292901467,0.25548096904604456,0.3092924103023499,0.34046617643101007,0.3113546897107222,0.09551479309562623,0.047090072331466074,1
0.1401525839215758,0.2123407352866465,0.2567570416224485,0.3195971009359194,0.37006148850986725,0.346187348999729,0.11199940146738394,0.06964227643316191,1
0.15322626853475765,0.20298725569329293,0.2371845375112936,0.28769097360623935,0.34286571684337797,0.31988790083904656,0.09718056114352479,0.08530220369092462,1
0.1560974859422253,0.2080955751480595,0.24283363588394657,0.3004648762364541,0.36636241789787044,0.34847855106476816,0.10904700986800656,0.09394889339323967,1
0.13124265015580272,0.18892829836779879,0.22613306991926585,0.31527325579228294,0.3189082254890267,0.26375067325038765,0.16545677185058594,0.005092593549772074,1
0.10114094261984223,0.1537220186400182,0.17975986814035952,0.28611082799226334,0.26450539005612866,0.2091326667267142,0.23595006257584952,-0.046469790264240744,1
0.1220084217840752,0.1675004998352302,0.18445741001961163,0.26790775879910944,0.2630516020849408,0.2360771712942869,0.19288936662085263,-0.014941055588270902,1
0.13130597261923743,0.1851536164130831,0.22152807830721574,0.29902893600241437,0.3328972418871287,0.29092309356778423,0.15173536695474785,0.05000761160002506,1
0.10188084957646389,0.14797138700298235,0.1739938025381051,0.2855077818328259,0.2955025317622166,0.25048599991143916,0.24587186177571616,-0.01190338882745481,1
0.13950460928457756,0.1946953667534722,0.2301554079408999,0.30540751704463254,0.34755401611328124,0.31981548733181425,0.14209697864673757,0.06257839909306279,1
0.13895905069458536,0.19579536471015963,0.2320807155592617,0.2939108316000406,0.3221810741341991,0.2918806199903612,0.12039214295226258,0.04453191715917546,1
0.15299080158102102,0.21636248182976384,0.26272495313622485,0.3216647444100216,0.3867709718901536,0.3637597971949084,0.10139656066894531,0.09039898028318909,1
0.14191064258549838,0.20219681246968724,0.24999541724288224,0.2921938800171718,0.32789107457103345,0.30004959618485216,0.07737973232397297,0.05644695870828308,1
0.15070027225422408,0.21741555771737728,0.25911448136815485,0.31600304369656546,0.3762232222647037,0.3562810286036078,0.100566270216456,0.08180701057865934,1
0.15644703740658966,0.215969935707424,0.2610210543093474,0.30120704485022504,0.3586883130280868,0.3369613730389139,0.07391369861105214,0.08618540349213974,1
0.1332056681315104,0.18996968124852037,0.22152451023910985,0.3002321647875237,0.32285133130622634,0.28856515595407195,0.15416470151959044,0.03271030657219164,1
0.11676002840690425,0.16929690356325047,0.19596518906466479,0.2843582453986107,0.29069205223045913,0.2537923352471713,0.1931984812168065,0.005107008177658607,1
0.12186259055624203,0.1762082002600845,0.20720249098174426,0.288216477997449,0.2994122252172353,0.26103872182417887,0.16787501743861608,0.014607046088393853,1
0.12883855402469635,0.1842334270477295,0.2136644423007965,0.29824283719062805,0.3195321559906006,0.2857269048690796,0.16817988455295563,0.03121003694832325,1
0.15837175051371258,0.22043169339497884,0.2616965929667155,0.3124666213989258,0.38457622528076174,0.3661402066548665,0.08846104939778646,0.10211060841878256,1
0.14458417892456055,0.20045729478200278,0.24133376280466715,0.31712834040323895,0.3602689504623413,0.3123731215794881,0.1358205477396647,0.06368458271026611,1
0.10629499703645706,0.14908500015735626,0.16926999390125275,0.33154749870300293,0.341667503118515,0.25592249631881714,0.3240252137184143,0.015032344497740269,1
0.17076862559599035,0.23530165087275146,0.27894483293805805,0.3417331471162684,0.43246023995535715,0.4234897068568638,0.10145031904973903,0.11578962181796547,1
0.1656298929331254,0.23099796139464088,0.27439016225386637,0.34568362333336655,0.4151710977359694,0.39253351639728157,0.11638143111248406,0.08943559685531928,1
0.17220861397537532,0.23929105272480086,0.2841508753159467,0.3486540252087163,0.43332705030254287,0.4210028554878983,0.10217251497156479,0.10728993883319929,1
0.15520375967025757,0.21602344512939453,0.254059374332428,0.3455931544303894,0.40277767181396484,0.3747311234474182,0.15323200821876526,0.07559105008840561,1
0.16805124282836914,0.23288436369462448,0.27608875794844195,0.3472731113433838,0.42840060320767487,0.41307627071033826,0.11461827971718529,0.10318356210535223,1
0.16888583436304208,0.23351910649513713,0.27798072659239476,0.35015954776686065,0.4244211547228755,0.40288714973294004,0.11619111469813756,0.09332737630727339,1
0.16007374633442273,0.2221175107088956,0.2653124982660467,0.3345337781039151,0.42314624786376953,0.41154497320001776,0.11564315449107777,0.11613140322945335,1
0.1402378593172346,0.19747321946280344,0.2329364333833967,0.28928000586373465,0.34817324365888325,0.3272614138466971,0.10799154213496617,0.09223973751068115,1
0.1623025894165039,0.2260894012451172,0.2676902961730957,0.3544341278076172,0.42471641540527344,0.4003371047973633,0.1404716682434082,0.08904368400573731,1
0.06903249770402908,0.11098374426364899,0.11726750433444977,0.33300501108169556,0.2123900055885315,0.14243000745773315,0.47963613271713257,-0.22156785428524017,2
0.10332866509755452,0.14989716211954754,0.17362531026204428,0.31946948369344075,0.28747304280598956,0.2213708241780599,0.3004224141438802,-0.05547108252843221,2
0.09100041786829631,0.13695291678110758,0.15790792306264242,0.32609331607818604,0.28923418124516803,0.21732626358668009,0.34740257263183594,-0.05980090796947479,2
0.12302416563034058,0.17499915758768717,0.21240834395090738,0.32726667324701947,0.3369191884994507,0.27140502134958905,0.2142172654469808,0.013361078997453054,2
0.1043974980711937,0.16256000101566315,0.1843400001525879,0.42356249690055847,0.31856751441955566,0.23273999989032745,0.39352115988731384,-0.14147791266441345,2
0.11443279266357421,0.15834699630737303,0.1845050048828125,0.34774169921875,0.30845741271972654,0.22958518981933593,0.3118953895568848,-0.06327674388885499,2
0.10173808827119715,0.14261927324182846,0.15962559569115733,0.3288681179869409,0.2846783469705021,0.21235602509741688,0.3472148670869715,-0.07402351790783453,2
0.10739107359023321,0.15139893123081752,0.17212082090831937,0.32376729874383836,0.29429090590704055,0.22681833448864164,0.3080208415076846,-0.049041305269513814,2
0.10214938223361969,0.15538249909877777,0.17641311883926392,0.36198312044143677,0.2841925024986267,0.20584499835968018,0.3459155261516571,-0.12159976363182068,2
0.10831625461578369,0.1550600528717041,0.17834293842315674,0.3175307273864746,0.2893515110015869,0.22705435752868652,0.2893120288848877,-0.051577669382095334,2
0.1133860775402614,0.15819144248962402,0.1742278507777623,0.3324314185551235,0.26527249813079834,0.19262143543788365,0.32287747519356863,-0.11288707596915108,2
0.07760576326019909,0.11599464805758729,0.12566622909234496,0.307601734083526,0.23581831795828684,0.16334570670614437,0.42322189953862405,-0.13465758732386998,2
0.07626086870829264,0.11814612547556559,0.12710103988647461,0.30742905934651693,0.22979701360066732,0.16334190368652343,0.41885369618733725,-0.1473293622334798,2
0.07004083196322124,0.11030312379201253,0.11363062262535095,0.30449668566385907,0.20847582817077637,0.14266146222750345,0.4566354751586914,-0.18734137217203775,2
0.08370008468627929,0.12676874796549478,0.13624709447224934,0.3151446660359701,0.23435975710550944,0.16870625813802084,0.39783283869425456,-0.1481691360473633,2
0.07409053189413888,0.11765839372362409,0.12492624350956508,0.32986014229910715,0.230809109551566,0.16005161830357142,0.45208018166678293,-0.17797272545950754,2
0.10268771130105724,0.14879684862883194,0.16818792923637058,0.3408353225044582,0.2813492443250573,0.21345772950545602,0.3415366048398225,-0.09818842100060504,2
0.12770151537518168,0.17183197376339934,0.20054517790328624,0.3162037827247797,0.3154056460358376,0.25707750542219293,0.22900013590967933,-0.004793136965396793,2
0.13417532088908743,0.18187084603816905,0.21467659321237118,0.33960910553627827,0.34562281344799284,0.27580910540641623,0.22897302343490275,0.006863436800368289,2
0.1397075057029724,0.19042207797368368,0.23584749301274618,0.34341832002003986,0.36873666445414227,0.2920483549435933,0.1854319175084432,0.03552291293938955,2
0.1307435124008744,0.18342537350124782,0.2225385242038303,0.35928687342890986,0.3504471249050564,0.27259563516687463,0.2385782489070186,-0.015181648510473746,2
0.12260009931481403,0.1768695582514224,0.2161479203597359,0.3712491574494735,0.35046867702318274,0.26067999134893005,0.2690750619639521,-0.03215851472771686,2
0.08855726759312517,0.13129505868685448,0.14260001101736294,0.3267442089016155,0.2549066381939387,0.187862800339521,0.39701836796130163,-0.12872461545265326,2
0.08159462055126271,0.12411000178410457,0.13264250588583779,0.3289544165551246,0.2385567351654693,0.16978346551214898,0.4305675479915592,-0.1642357085968231,2
0.07540613379182115,0.11268882966984463,0.11974763600839733,0.3064799335716808,0.22842715419618423,0.15879856260482875,0.44867783885891155,-0.154172983546715,2
0.1116252152816109,0.15981198739314426,0.18905963068423065,0.33282924043959466,0.3076169110726619,0.23660914103190103,0.2813916413680367,-0.043595839237821274,2
0.08851113430289335,0.13134493938712186,0.146428995354231,0.31455858363661654,0.2568043997121412,0.1894345394400663,0.3738511994827625,-0.10890722274780273,2
0.1379421757113549,0.19207902108469316,0.23563458842615928,0.3697760489679152,0.3659180671938004,0.2766016067997102,0.22351954060216103,-0.004976581181249311,2
0.07514750415628607,0.11711499907753685,0.11344000426205722,0.4044200290333141,0.23023999821056018,0.1433849876577204,0.5617565675215288,-0.2740039825439453,2
0.13702166707892166,0.19310382374545984,0.239971027039645,0.3453327312804105,0.3589225233646861,0.29003745631167765,0.1801874930398506,0.019408021056861208,2
0.15473216288798564,0.2156402098165976,0.27152020222431905,0.3596264864947345,0.3955860653439084,0.32675954457875844,0.1399114196364944,0.04808684619697365,2
0.07526277965969509,0.11460671954684787,0.12573139402601455,0.30140505896674263,0.2345415539211697,0.16108965343899198,0.41186514960394965,-0.12572142283121746,2
0.08291736562201317,0.1246664676260441,0.13588822141606757,0.304133821041026,0.2385108826008249,0.1749159833218189,0.38604752560879324,-0.1234916220320032,2
0.09392942701067243,0.139778995513916,0.1518397194998605,0.32839600699288507,0.2682943616594587,0.1993204253060477,0.36643360682896203,-0.09970718111310686,2
0.10494439841727533,0.1508811183229706,0.1688821254632412,0.3171515229655911,0.2750240529077293,0.21100408791084968,0.3074698664497812,-0.0721104638816337,2
0.08452486473581065,0.1229759817538054,0.13546906346860138,0.30066695420638373,0.246764265972635,0.17438440737516983,0.38462319581404975,-0.10222928420357082,2
0.06550699869791667,0.11211767196655273,0.10393366813659669,0.46262534459431964,0.22579533259073895,0.12687233289082844,0.6329867680867513,-0.3438530604044596,2
0.09036424160003662,0.13587950468063353,0.1404940128326416,0.36344749927520753,0.26259675025939944,0.1810152530670166,0.4377749443054199,-0.15693310499191285,2
0.12316842836754344,0.17172109300845137,0.198625867611894,0.31714829774660486,0.3090802486811843,0.24580996504453856,0.23327355072877118,-0.014830936895352658,2
0.09099583824475606,0.13855250676472983,0.14306249221165976,0.4254966576894124,0.29100334644317627,0.1933600107828776,0.4950993061065674,-0.18569769461949667,2
0.112040466732449,0.1653466754489475,0.200017046045374,0.36428267867476855,0.3228483200073242,0.24507730978506584,0.29015383897004304,-0.059863783695079664,2
0.1263036983353751,0.1807389599936349,0.21949335506984166,0.35745395932878765,0.3426319531032017,0.2666268689291818,0.2420337881360735,-0.0224358822618212,2
0.11076592144213225,0.1642736886676989,0.19581183634306254,0.34017382170024674,0.3077440763774671,0.2319743507786801,0.2722409398932206,-0.05173400828712865,2
0.08838218450546265,0.1292540729045868,0.13649344444274902,0.3521828055381775,0.2436678111553192,0.16555750370025635,0.4420078992843628,-0.18308383226394653,2
0.07559812068939209,0.11855313181877136,0.12572890520095825,0.3183492124080658,0.2301085889339447,0.16124515235424042,0.4351383447647095,-0.16249513626098633,2
0.13734849294026694,0.18885131109328496,0.22343136015392484,0.319442385718936,0.332835939195421,0.27363074771941653,0.17855725969587052,0.02023810242849683,2
0.14531414811782414,0.19833597425597807,0.23558862169803177,0.34302322640603417,0.34830790988648136,0.2821065997550501,0.18691586657782286,0.006188209544229244,2
0.1666908004656941,0.22574937262502656,0.27379564038750265,0.36654227120535715,0.3999205089750744,0.3308667552714445,0.14709756812270808,0.04225695214303983,2
0.12624246492160587,0.17288937906580648,0.2052529853159987,0.3284285237470011,0.3308762377641332,0.2618246003398745,0.23550700390432763,0.001210238989882582,2
0.078666185077868,0.1202027672215512,0.12161105557491905,0.32134354741949783,0.22297605715299906,0.1558340725145842,0.4514291662918894,-0.18014611695942126,2
0.08323796838521957,0.12284913659095764,0.12852272391319275,0.2900547385215759,0.20513471961021423,0.14790551364421844,0.39982104301452637,-0.17902874946594238,2
0.11316484957933426,0.15601500868797302,0.17075499892234802,0.3403629660606384,0.2988259196281433,0.22995905578136444,0.3303869962692261,-0.06382814049720764,2
0.09231125563383102,0.1360878050327301,0.14154313504695892,0.3503953218460083,0.27626562118530273,0.19110843539237976,0.4194610118865967,-0.11478658020496368,2
0.15135017843807444,0.20663506002987134,0.24874727585736442,0.3536287644330193,0.37565199908088237,0.30713211508358224,0.17816597433651196,0.027266665065989775,2
0.05617382245905259,0.1049102965523215,0.08821293886970072,0.4328283983118394,0.18430925818050609,0.10196779755985036,0.6607429840985466,-0.4019048915189855,2
0.16896884076811464,0.2324744858180396,0.28270765828505584,0.37016789871236466,0.4060986096868657,0.3225601671190481,0.13442741259831698,0.04680783242108212,2
0.056626562029123306,0.0959034338593483,0.09065781533718109,0.33416688442230225,0.19439813494682312,0.12247531116008759,0.5735483765602112,-0.2649109661579132,2
0.09094802252680277,0.13687421949647313,0.14890160320474088,0.3309810830534791,0.267269710842654,0.20119256767437613,0.3798591010004496,-0.10737395115035901,2
0.06371647442958152,0.10534485365993293,0.10296941357989643,0.3318704412889111,0.20424808827481528,0.13163380290186683,0.5318872022998425,-0.24216532152752543,2
0.11012575626373292,0.15910325050354004,0.18375424146652222,0.3309521198272705,0.29861624240875245,0.21419262886047363,0.28705606460571287,-0.05191419720649719,2
0.14454602140759368,0.20341529190100968,0.2543540785880874,0.35644568740882215,0.37105487195514053,0.2864617949914581,0.1702401725900261,0.019722043442784713,2
0.14133927793540904,0.19815987943809296,0.2525716037470872,0.3451859109728695,0.3637672556383156,0.27383493964427635,0.15424739060484458,0.028244219194556996,2
0.14429249251438547,0.20232305984964527,0.24885554653488795,0.355716394094143,0.3649213459367946,0.2863286918534344,0.17902422243454733,0.01160632529899944,2
0.14542012164753806,0.20625498269876902,0.25570295426416806,0.3830711009046444,0.37680959656168234,0.28485929160658,0.20541770927799416,-0.011052916551294154,2
0.14699169320707933,0.20416847573422536,0.2518897018745725,0.35202205882352944,0.37091633891928866,0.29299486736918606,0.16754385847725717,0.02614863822300359,2
0.13931368885869566,0.19673862092391303,0.25088937245244564,0.3431291397758152,0.3696422809103261,0.29220913298233697,0.1558088909646739,0.03778591255519701,2
0.13228511468483983,0.1899029311313424,0.24013680625560035,0.3520992921671987,0.35897679482736894,0.270266351734011,0.19131827952613967,0.009316082069096171,2
0.05115557825842569,0.09652866319168446,0.07788558338963708,0.5172383508016897,0.2179360500601835,0.10998703712640806,0.7381908949031386,-0.4070647483648256,2
0.11498392861464928,0.1594111343909954,0.1816614742936759,0.3149989226768757,0.289326470473717,0.22555622561224575,0.26928023634285764,-0.042859504962789605,2
0.08496725505293765,0.13438992047201995,0.1524520344683847,0.33522869127368493,0.26114326580617225,0.18826841696714744,0.3880634566777432,-0.1331660758316247,2
0.0792268975648509,0.1265678143883188,0.1409388614191889,0.3317764247309425,0.24438666860899064,0.1766448206432351,0.41271714269432924,-0.15808342905284611,2
0.10918034199170043,0.16410976038906638,0.1926839091236752,0.38056701507948876,0.3175793426589776,0.23181773349828555,0.3363357962515586,-0.09439048862219451,2
0.09157702203333025,0.14135391064806255,0.16367457964794954,0.356979219636033,0.2817954239603879,0.19886112652038132,0.3895111986871302,-0.12971153484999076,2
0.07964215013715956,0.12218618392944336,0.13500347402360705,0.3091456890106201,0.22737442122565377,0.16031416257222494,0.3966953489515517,-0.15596707661946616,2
0.08030232402375803,0.12577233846651908,0.1403892233283045,0.31545646550618844,0.24432376385778515,0.17514081491683192,0.38951568269625275,-0.13081975890979725,2
0.08862879354950345,0.13620544608730498,0.15519196607461105,0.3089026036529322,0.25521898748542865,0.19292893266062142,0.33515328143214224,-0.09786689572217988,2
0.09032389122670091,0.13833459969267758,0.1610270622834133,0.3064127043476255,0.261290222328166,0.19927027344390788,0.3159650266952715,-0.08275085609416011,2
0.09414343535900116,0.1446540653705597,0.16976672410964966,0.32392311096191406,0.2749284505844116,0.2018059343099594,0.3146299719810486,-0.0827772244811058,2
0.07348749786615372,0.1167450025677681,0.12590250372886658,0.3208500146865845,0.21734000742435455,0.1457574963569641,0.4363657832145691,-0.19232985377311707,2
0.07394156899563102,0.11538151807563249,0.12569913198781568,0.2977019908816315,0.22718691271404887,0.15640382988508358,0.4075200280477834,-0.13476945078650185,2
0.0636731496466414,0.10437975475966668,0.10924228382530717,0.31341566178242014,0.2168191245999105,0.14210217849798665,0.48598678521647853,-0.18376073963316528,2
0.08059522840711805,0.12464882010844217,0.1377921665881206,0.31724272517620233,0.2481095802724658,0.17704643894783892,0.4025480608837324,-0.12740334784411278,2
0.05927589109965733,0.0949158923966544,0.09486874512263707,0.3133955342429025,0.1994650023324149,0.1255842787878854,0.5371345111301967,-0.22355905600956508,2
0.07236044872766254,0.11295923693426724,0.120581063456919,0.3151862484285201,0.2290777798356681,0.15578665897764007,0.45545079022988505,-0.16446522679822198,2
0.09710954110833663,0.1428001500383208,0.16227385766395536,0.3117000402780525,0.27101070870830035,0.20929932091306533,0.32229388917045754,-0.0742883642011554,2
0.09566164172045183,0.14459829920666226,0.16545967325713812,0.32481940949778604,0.2714643695843725,0.20417636535843342,0.33559420209754176,-0.0961321479722809,2
0.10189760979055014,0.15083136074784873,0.17770659712393694,0.3133517893424165,0.28142212208918327,0.21954729015700483,0.2827521430121528,-0.057911871328062095,2
0.08763480413527716,0.1355238233293806,0.1528331029982794,0.3213843209402902,0.25821783883231025,0.19223353068033855,0.3609456016903832,-0.11259208860851469,2
0.07054843753576279,0.11646655946969986,0.11556249856948853,0.41295093297958374,0.2472943812608719,0.15452657639980316,0.5603862404823303,-0.2503352165222168,2
0.048787290399724785,0.09066333192767519,0.08109479239492705,0.4433472951253255,0.20435604904637192,0.11081792369033351,0.6902560609759707,-0.3685480464588512,2
0.09471001270228084,0.14367328919888028,0.1682014115359805,0.3159049653375064,0.2749190801995731,0.20878826611875637,0.30983958890800206,-0.07222049413714084,2
0.09902031275025805,0.15079364472478288,0.1674553386714301,0.3455085841289685,0.2666629799949281,0.1953392810864981,0.36033324500151265,-0.13650576997726543,2
0.11514169759229935,0.171158885888222,0.19846513235847804,0.34738118085854447,0.30265078149223734,0.2291324866907889,0.2808478211444122,-0.07234090782073607,2
0.11309362890021118,0.1632252480874213,0.18839493067441476,0.31778256042264796,0.2980903113267447,0.24036615054935953,0.26107154549642503,-0.036400872490010075,2
0.11464639114659161,0.17008472004666703,0.19018940600301582,0.3332018352387947,0.2839948555792429,0.22123961996119748,0.2889740447236377,-0.08831771875974938,2
0.09768887514567506,0.14706791830326313,0.1657746878776761,0.4026660392297566,0.3019775896441212,0.20162894317458346,0.4208017423008028,-0.14459171611301147,2
0.105531958447046,0.15875692524831334,0.17898529830543713,0.4049214101445371,0.3130751671283499,0.22835763819750282,0.39236944333009277,-0.12988798264441997,2
0.05795145034790039,0.0964109270196212,0.08990065047615453,0.3725746054398386,0.1982955305199874,0.12679408725939298,0.6127255590338456,-0.3074277074713456,2
0.10546821096669072,0.14793478924295175,0.17048537212869394,0.26017485494199005,0.2678288169529127,0.22070994584456735,0.21132114659184995,0.010900121668110723,2
0.11802117556136175,0.17635997241695986,0.20625955274299806,0.3702113675755381,0.3165349897169909,0.24151821852256658,0.291113375564811,-0.07957891333708436,2
0.09734052811225835,0.14935077193879734,0.1744428620721302,0.3509756492002167,0.2887654269698763,0.21161838169515568,0.34490443320169933,-0.10260089122465928,2
0.0794091671705246,0.12957833210627237,0.14563832680384317,0.35709500312805176,0.26804083585739136,0.18571499983469644,0.420867919921875,-0.14257805546124777,2
0.1198109699540349,0.1813945234061245,0.2293198367199266,0.3675870780485222,0.354571974421122,0.26855462621972265,0.23472059012416854,-0.01970627030215589,2
0.12900897944084952,0.19526262372453637,0.25050860253449914,0.347098876382703,0.37535373295579,0.31333734387549284,0.16241881112071954,0.03858927700007073,2
0.16041729847590128,0.2371611992518107,0.31408385435740155,0.4445541699727376,0.43924609820048016,0.3338168462117513,0.17248457670211792,-0.005772187064091365,2
0.0767793097394578,0.13054297832732506,0.14503372476456014,0.34544437489611035,0.26476578002280377,0.1843692698377244,0.4089352222199136,-0.1322715333167543,2
0.13761306578113186,0.19462145528485697,0.247486206793016,0.37176224493211313,0.3767211052679246,0.2825043585992629,0.20224315889420047,0.004677495648784022,2
0.1224689211164202,0.1760829380580357,0.21559414182390485,0.35267301286969865,0.34397356850760324,0.2650642939976284,0.24020282200404575,-0.012561161177498954,2
0.12876187013776114,0.1827829982457536,0.22490589270431005,0.3545656097069215,0.3572374622473556,0.28188806169488456,0.22606924678502457,0.001830153250962161,2
0.11936299800872803,0.17530901432037355,0.21105899810791015,0.34477498531341555,0.32732348442077636,0.2548665046691895,0.2381279468536377,-0.023916026949882506,2
0.12671709060668945,0.18280781926335515,0.22426257262358795,0.34659447541108,0.34841800380397486,0.2736284152881519,0.2157776806805585,0.0015765152670241692,2
0.13511784323330583,0.19337233181657462,0.2412891881219272,0.3499469099373653,0.3693182715054216,0.29783985532563306,0.18530722322135135,0.025753580290695716,2
0.12442273185366676,0.1811015492393857,0.22129344940185547,0.3609292847769601,0.3468637012300037,0.26996058509463355,0.24631933938889278,-0.02441082681928362,2
0.1263154797849402,0.18167298240999205,0.22802558831409014,0.3569433836810357,0.3499004397772055,0.26843962205194793,0.22361154471878456,-0.013512029057055447,2
0.11387858390808106,0.16585632960001628,0.20284382502237955,0.36780532201131183,0.33175376256306965,0.2412915865580241,0.29243923823038737,-0.054566725095113115,2
0.1325660327385212,0.18865371572560277,0.2310757801450532,0.35079370695969153,0.3474026712877997,0.2782145533068427,0.20847231766273236,-0.007642036881940118,2
0.11897130634473718,0.17442566415537958,0.21251794566278873,0.34099553978961444,0.33343064266702405,0.2599530427352242,0.23314351620881454,-0.012118399143218994,2
0.12945528213794416,0.1853299874525804,0.2298567295074463,0.36840174748347354,0.35300915057842547,0.26817904985868013,0.23693205760075495,-0.025121496273921087,2
0.13223782181739807,0.19472525517145792,0.2476868232091268,0.38712843259175617,0.36620839436848956,0.2687787612279256,0.22487618525822958,-0.03511082132657369,2
0.12099375327428182,0.18049915631612143,0.21306375662485758,0.35097622871398926,0.32359540462493896,0.25336043039957684,0.2465229034423828,-0.04102693498134613,2
0.12872734069824218,0.18939281961192256,0.2375077952509341,0.3689639879309613,0.36295703390370243,0.2814142641813859,0.22253515824027684,-0.01175254842509394,2
0.14118351322589534,0.20324884546865332,0.25578145697565363,0.3843872523543858,0.3749130928870475,0.2952349823300201,0.20488259343817683,-0.01616413168387838,2
0.13059567475783593,0.19180519755991146,0.24443848022277923,0.3551039116672133,0.35725158050857386,0.278217275639524,0.18665381207101528,0.0017741627242790349,2
0.12773994395607396,0.18899980344270406,0.237040871068051,0.3505858120165373,0.34692252309698807,0.2744140625,0.19830213095012464,-0.010483820187418084,2
0.1294250786304474,0.19107147057851157,0.23839584986368814,0.33959869543711346,0.3495660225550334,0.2883212169011434,0.1771408518155416,0.013186238706111908,2
0.12880133180057302,0.19368191326365752,0.23150897026062012,0.3770599926219267,0.3422207271351534,0.27089867872350354,0.23958761551800897,-0.049889171824735755,2
0.1424855909485748,0.20081549105436905,0.2503652987272843,0.374781456546507,0.37753884688667627,0.2891518966011379,0.20448586560677792,0.00029913541199504465,2
0.12330374866724014,0.17911499738693237,0.24065999686717987,0.3459712266921997,0.3731687664985657,0.26083123683929443,0.179555743932724,0.03785330802202225,2
0.12150616645812988,0.18072649637858074,0.22440382639567058,0.3388001759847005,0.3313348134358724,0.26262149810791013,0.2027992566426595,-0.010953553517659505,2
0.12305166323979695,0.18543084462483725,0.23221751054128012,0.3285316626230876,0.3521999915440877,0.2956875165303548,0.17178062597910562,0.03474385539690653,2
0.1318424940109253,0.19168250262737274,0.24153999984264374,0.3386150002479553,0.3488450050354004,0.2957425117492676,0.1673259735107422,0.014880865812301636,2
0.12799800634384156,0.19327200651168824,0.24122099876403807,0.3547959804534912,0.35138051509857177,0.2907209873199463,0.19313490390777588,-0.008136124908924102,2
0.11427916089693706,0.176942507425944,0.21535082658131918,0.3485974868138631,0.3276425004005432,0.26573999722798664,0.23640739917755127,-0.0311181644598643,2
0.10559375087420146,0.1674779256184896,0.20900291204452515,0.3021729389826457,0.29588456948598224,0.23428459962209067,0.18604294459025064,-0.014382317662239075,2
0.16425949335098267,0.23312501907348632,0.2993560075759888,0.3600870132446289,0.40002803802490233,0.3521285057067871,0.09210840463638306,0.052535510063171385,2
0.10268464258738927,0.15614661148616246,0.186504636492048,0.3389076845986502,0.31010729925973074,0.2446789230619158,0.293820994240897,-0.04694123353276934,2
0.11713071873313502,0.17820751039605393,0.2190319864373458,0.3307427858051501,0.32538170563547236,0.25575098238493266,0.2030824862028423,-0.008050286456158287,2
0.0833832348964011,0.13919694294301113,0.1547318835591161,0.4237268433090328,0.27967994157658066,0.1836563376493232,0.4660504954729893,-0.2035906887793726,2
0.050543333544875634,0.08796415906963927,0.08270499923012474,0.32565914500843396,0.18516748601740057,0.11074166586904814,0.5952510833740234,-0.2751020373720111,2
0.069828428540911,0.11411992481776646,0.1207843508039202,0.3638678686959403,0.2443819318498884,0.16020679473876953,0.501671872820173,-0.19645369393484932,2
0.0808608055114746,0.12423269271850586,0.14006940841674806,0.3076906967163086,0.24000879287719726,0.1690620994567871,0.3777980041503906,-0.12607288360595703,2
0.07940026825549555,0.12334743200563918,0.13807151831832587,0.312406951305913,0.24083956550149357,0.1707903170118145,0.3908392588297526,-0.13228908239626416,2
0.05344550013542175,0.0940904974937439,0.0892175018787384,0.36829848289489747,0.18920749425888062,0.11978650093078613,0.6099515438079834,-0.321333646774292,2
0.05607764762744569,0.094671182465135,0.09458451522024054,0.3120137599476597,0.1961550461618524,0.12250835017154091,0.5372562408447266,-0.22945775483783923,2
0.06404279005081258,0.10431794559254366,0.10962809598382144,0.3180930805716285,0.21767233782273562,0.1418726507992668,0.49325855275526403,-0.1915548395983038,2
0.08038328414739565,0.12389724199161974,0.13617055360660996,0.32100091978561046,0.24622748618902163,0.17531871795654297,0.40807049773460213,-0.13336973412092343,2
0.052147166449048744,0.08909281062693732,0.0849833932482762,0.31754753946775366,0.1843303108987538,0.11003923609189177,0.578917468607667,-0.266295429183404,2
0.06349565505981446,0.1021125316619873,0.1072462272644043,0.30552398681640625,0.21080408096313477,0.13480342864990236,0.4834484100341797,-0.18528711318969726,2
0.07406995736373917,0.11524598630074939,0.12494684310741988,0.31702356989838176,0.23469571454809346,0.16115685948052053,0.4431220160590278,-0.15530902578682468,2
0.05790989597638448,0.09647406140963237,0.09163864453633626,0.37448644638061523,0.19572154680887857,0.12342635790506999,0.6070930560429891,-0.3135547637939453,2
0.056894004344940186,0.09441362619400025,0.09150412082672119,0.33848369121551514,0.19504643678665162,0.11871881484985351,0.5741272926330566,-0.2686010360717773,2
0.08541000431234186,0.12723249738866632,0.1380624987862327,0.31626499782909046,0.24601500684564764,0.18124998699535022,0.3924439170143821,-0.12557402524081143,2
0.0833341399235512,0.1281336884000408,0.13471890919244112,0.3492915594755714,0.247424993942033,0.1721217881387739,0.44227306878388817,-0.16971979568253703,2
0.08408027648925781,0.12705640411376953,0.13533059692382812,0.31412261962890625,0.23886679077148437,0.1773919677734375,0.4056529541015625,-0.1425925750732422,2
0.07338830402919225,0.11193740367889404,0.11668903487069267,0.31611411912100656,0.21953705378941127,0.14811955179486955,0.4605975491659982,-0.18045098440987722,2
0.06934518284267849,0.10867426130506727,0.11041491119949906,0.3200066531146014,0.2122158474392361,0.1423322183114511,0.49257289038764107,-0.20608140804149486,2
0.0842294112495754,0.12277407438858695,0.13489027437956436,0.29855578878651495,0.24273708177649456,0.17572353197180707,0.383220971148947,-0.10797143189803414,2
0.07398250273295812,0.11339000293186732,0.12173429557255336,0.3292492457798549,0.23824000358581543,0.16464214665549143,0.4705963815961565,-0.16826420170920237,2
0.07890225323763761,0.11524224714799361,0.1246794960715554,0.29539052789861503,0.2248729879205877,0.15303124514493074,0.41147280606356534,-0.13835277557373046,2
0.058492760909231084,0.08914513336984735,0.08963724186545924,0.2758209328902395,0.17619998831497996,0.10586512716192949,0.5087616569117496,-0.21984040109734787,2
0.07915976362408332,0.11761566378035636,0.12462453122408886,0.3217185758194833,0.224147544716889,0.1587535930129717,0.4423910176978921,-0.17926885496895267,2
0.060548562269944414,0.09637272519763239,0.09591393449187818,0.3168364995205564,0.1997098965882176,0.12662509555730345,0.5371864974768453,-0.22801909295681916,2
0.055043720617526916,0.08876408600225681,0.08733039367489698,0.29605037410084795,0.1869863649693931,0.11424149536504978,0.5449452283905774,-0.22619968507348037,2
0.06415124734242757,0.09628271063168843,0.09637896219889323,0.26758937040964764,0.18180541197458902,0.11811083555221558,0.46870442231496173,-0.1904292901357015,2
0.06702499866485595,0.1017156982421875,0.10279259681701661,0.2888905906677246,0.19150650024414062,0.12371789932250976,0.4819524002075195,-0.2078459930419922,2
0.08006557030013844,0.12192752693272844,0.12335509288160107,0.3364602583873121,0.2117174848725524,0.14831220650974708,0.47145964224127274,-0.23193171054502076,2
0.07513455200195313,0.1214458251953125,0.1250111083984375,0.3268680908203125,0.2210518798828125,0.1550474365234375,0.45726005859375,-0.1978672119140625,2
0.0615072800562932,0.10267874827751747,0.09861721442295955,0.3439759107736441,0.20119168208195612,0.13241232358492339,0.5541960642887995,-0.2611571275270902,2
0.05698920777125388,0.09426759636920432,0.08361672466586095,0.3660710968586229,0.20071975044582202,0.12141812958332322,0.6280233252862966,-0.29174283424519604,2
0.05797357218606131,0.09071428435189384,0.08757142509732928,0.3350203377859933,0.17889891351972306,0.10809034960610527,0.5835803576878139,-0.30291223526000977,2
0.05778224468231201,0.09465699791908264,0.08602750301361084,0.33980574607849123,0.18930648565292357,0.11534249782562256,0.5958978176116944,-0.2846480131149292,2
0.0619375001300465,0.10286500237204811,0.09826499765569513,0.29610499468716706,0.1923074939034202,0.12250250036066229,0.502792011607777,-0.21519058400934393,2
0.0550319442042598,0.0945871317828143,0.08395685089959039,0.3179125962433992,0.18013454366613318,0.11018777776647497,0.5775133062292028,-0.27485437746401187,2
0.17167444049187428,0.24247187488483932,0.2728466717702038,0.3821708751174639,0.34216096266260687,0.2689951050956294,0.17111182662675967,-0.056451563565236215,2
0.08016655594110489,0.11669687181711197,0.13478843867778778,0.25829780101776123,0.2158515751361847,0.14719781279563904,0.3148605227470398,-0.09095790982246399,2
0.0673641628689236,0.10517055458492702,0.10719944371117486,0.3382880422804091,0.20614137914445665,0.13118555810716417,0.5196753607855903,-0.24422502517700195,2
0.08024633341822131,0.12346068744001717,0.1326324199808055,0.32542498358364763,0.24080509975038725,0.16953218394312367,0.42121966131802263,-0.14976621496266332,2
0.06432124701413242,0.10316625508395108,0.10525000095367432,0.30773999474265357,0.20813250541687012,0.13494125279513272,0.4920703281055797,-0.19479944489218973,2
0.07560249892148105,0.11545499888333408,0.12347999486056241,0.3218699802051891,0.23249500448053534,0.1581812555139715,0.44934745268388226,-0.16590982133691962,2
0.07351844012737274,0.11272312700748444,0.1201343759894371,0.30788373947143555,0.22389531135559082,0.15344031155109406,0.43942028284072876,-0.15848082304000854,2
0.07281718651453654,0.11406032244364421,0.12102468808492024,0.32149624824523926,0.22673467795054117,0.15498948097229004,0.4541619618733724,-0.17368694146474203,2
0.06579437851905823,0.1006850004196167,0.101736880838871,0.31366562843322754,0.20890437066555023,0.13452374935150146,0.5108036994934082,-0.20088765025138855,2
0.09692990546133004,0.13530804129207835,0.1498576893525965,0.3083660836313285,0.2555056927250881,0.190614849913354,0.34877949134976255,-0.09598120521096622,2
0.10646952115572415,0.15790456991929275,0.17846820904658392,0.3866104346055251,0.3066737468426044,0.22000485200148362,0.3717660903930664,-0.11689046713022086,2
0.09879875934030127,0.1458961907334215,0.16426035362904465,0.32564115148829664,0.2804908452071543,0.20197183503879337,0.33269837146668924,-0.07678225659948634,2
0.06813775629237079,0.1146079699198405,0.11326405621957088,0.3510924353115801,0.21050326029459634,0.1395002586254175,0.5129094884015512,-0.2531158889549366,2
0.06165562570095062,0.10642791787783305,0.09915186961491902,0.4069616397221883,0.2196110486984253,0.13373541831970215,0.6068472067515055,-0.29798410336176556,2
0.07717351560239438,0.12296611291390878,0.13005703466909904,0.3369823031955295,0.23388175611142759,0.16529676649305555,0.4421660811812789,-0.17968147772329826,2
0.09681207935015361,0.14661917090415955,0.16569958130518594,0.3272300163904826,0.2663862506548564,0.20760957400004068,0.32563139994939166,-0.10116479794184367,2
0.06748906522989273,0.10935437679290771,0.10881124436855316,0.4020678400993347,0.22519123554229736,0.14705686271190643,0.5721668004989624,-0.28047069907188416,2
0.09187999638644131,0.14001500606536865,0.15126998858018356,0.327072490345348,0.26991748809814453,0.20305249907753684,0.36682493036443536,-0.09566417607394131,2
0.0649533321460088,0.10694124301274617,0.10704207420349121,0.3824775218963623,0.23067291577657065,0.13887333869934082,0.5581754446029663,-0.24607443809509277,2
0.06881897589739631,0.11186617963454303,0.11221720190609202,0.33377501543830423,0.2117461877710679,0.14259984913994284,0.5007246802834904,-0.22782625871546128,2
0.06149374896829778,0.10216250202872536,0.09724874929948286,0.36441750959916547,0.21148250319740988,0.13104748725891113,0.5767008608037775,-0.26370898160067474,2
0.047366934437905586,0.08875799179077148,0.07726476269383584,0.3091491883800876,0.16147330499464466,0.09545733851771201,0.5998174605831024,-0.31399246954148813,2
0.055899080477262796,0.09832289344386051,0.09158394211216976,0.38287117606715154,0.18347447796871788,0.10666552342866596,0.6127025202700966,-0.3531591013858193,2
0.051546426046462285,0.09302952176048643,0.08395452158791679,0.30794724963960196,0.16791072345915295,0.10164880752563477,0.5716798873174758,-0.2946637471516927,2
0.06426910843167986,0.10814339773995536,0.10621447222573417,0.347658566066197,0.23037893431527273,0.14956232479640416,0.5248420238494873,-0.19951859542301723,2
0.0583762526512146,0.10736291607220967,0.08977208534876506,0.43763335545857746,0.23419292767842612,0.12560457984606424,0.6590660015741984,-0.302403728167216,2
0.08601030707359314,0.13344094157218933,0.14389094710350037,0.3199562430381775,0.2573696970939636,0.17922499775886536,0.3811187744140625,-0.10954626649618149,2
0.05365607142448425,0.0928907138960702,0.08322642530713763,0.39565787996564594,0.20642641612461635,0.11431321927479335,0.6523499488830566,-0.3142454283578055,2
0.09189416964848836,0.13784666856129965,0.15131249030431113,0.3175591627756755,0.2601483265558879,0.1987683375676473,0.35733334223429364,-0.10137229164441426,2
0.07476892073949178,0.11938461992475721,0.12567408879597983,0.3412087758382161,0.2451635201772054,0.1696194807688395,0.4604884253607856,-0.16189506318834093,2
0.08996916810671489,0.14220083753267923,0.1500085393587748,0.39442622661590576,0.30005772908528644,0.2117254137992859,0.4364134867986043,-0.12546366453170776,2
0.07532725334167481,0.11928050518035889,0.12525349855422974,0.41998748779296874,0.25693726539611816,0.15691699981689453,0.5410170555114746,-0.2436436891555786,2
0.07163583238919576,0.11653416355450948,0.12130999565124512,0.34908334414164227,0.26461251576741535,0.17442166805267334,0.48375431696573895,-0.1385523279507955,2
0.09504624930295077,0.14374624599109997,0.15604000741785223,0.33477499268271704,0.2801387526772239,0.2128537351434881,0.3677160956642844,-0.0917344635183161,2
0.053362594710456,0.10135927023711028,0.08168352091753925,0.4960219771773727,0.23362000783284506,0.1210686100853814,0.7165229938648365,-0.35998171347158925,2
0.13225362300872803,0.18244593143463134,0.22032408714294432,0.27709593772888186,0.3156088352203369,0.2612671136856079,0.11297497749328614,0.06578602790832519,2
0.07582866350809733,0.12189850807189942,0.12413333257039388,0.3828570048014323,0.2118454933166504,0.14296717643737794,0.5108760833740235,-0.28718226750691733,2
0.1350430708665114,0.1883126955765944,0.22598981857299805,0.280596347955557,0.3267434560335599,0.2882350041316106,0.10775282749762902,0.07631931855128361,2
0.054075937718153,0.0943857803940773,0.08833234757184982,0.4622601270675659,0.20310358703136444,0.1129070371389389,0.676572859287262,-0.38787227869033813,2
0.07473416460884942,0.11611555682288276,0.1215819517771403,0.38118497530619305,0.23868918418884277,0.1422069337632921,0.5212137964036729,-0.23244751824273002,2
0.12220511436462403,0.17833538055419923,0.20892224311828614,0.3423604965209961,0.3455766201019287,0.25412673950195314,0.24373376369476318,0.00555996373295784,2
0.10914124548435211,0.15734875202178955,0.19063234329223633,0.2682734429836273,0.28181034326553345,0.21604062616825104,0.16870564222335815,0.02507733926177025,2
0.09400937706232071,0.13333436846733093,0.1332518756389618,0.35197311639785767,0.23958750069141388,0.1707412451505661,0.4473106861114502,-0.18784910440444946,2
0.0839100033044815,0.12963563203811646,0.12514625489711761,0.42624372243881226,0.23601248860359192,0.1489199995994568,0.5453392863273621,-0.2873011827468872,2
0.0879580020904541,0.12996699810028076,0.12928500175476074,0.38453450202941897,0.2503124952316284,0.1636929988861084,0.49705934524536133,-0.21155543327331544,2
0.10530499368906021,0.14649999141693115,0.15843498706817627,0.32090499997138977,0.28778812289237976,0.21028625965118408,0.33996060490608215,-0.054793018847703934,2
0.11040624976158142,0.1552518755197525,0.17083749175071716,0.3337956368923187,0.3028374910354614,0.23289811611175537,0.32259148359298706,-0.048244643956422806,2
0.0884612500667572,0.1407250016927719,0.15507999062538147,0.3191312551498413,0.22692374885082245,0.1770387440919876,0.34637343883514404,-0.16959130764007568,2
0.06974750012159348,0.11482000350952148,0.09512999653816223,0.44289499521255493,0.1856600046157837,0.10582750290632248,0.6463733315467834,-0.4092482030391693,2
0.11625000089406967,0.15656499564647675,0.16795000433921814,0.33916500210762024,0.30140748620033264,0.23854249715805054,0.3376255929470062,-0.05894336849451065,2
0.11343812942504883,0.1598581224679947,0.17920437455177307,0.3166149854660034,0.2957974970340729,0.23210063576698303,0.2767159342765808,-0.033187396824359894,2
0.09552557651813214,0.1425421146246103,0.1425505784841684,0.3831057915320763,0.277433835543119,0.19263652654794547,0.45639790021456206,-0.15855569105881911,2
0.060113330682118736,0.09266416231791179,0.09054666757583618,0.28368834654490155,0.17112167676289877,0.10428750514984131,0.5162837902704874,-0.2475860913594564,2
0.07225687056779861,0.1004168763756752,0.0991862565279007,0.26707375049591064,0.1669049859046936,0.10936812311410904,0.45866113901138306,-0.23117445409297943,2
0.07123249769210815,0.10549750179052353,0.10728500038385391,0.2862275242805481,0.19078874588012695,0.1284325122833252,0.4554223418235779,-0.19987615942955017,2
0.08359833558400472,0.12226333220799764,0.12424332896868388,0.298877477645874,0.20623000462849936,0.145665834347407,0.4147324164708455,-0.18396355708440146,2
0.10621249675750732,0.15271499752998352,0.1775750070810318,0.3293200135231018,0.2831200063228607,0.21651500463485718,0.29936179518699646,-0.07543595880270004,2
0.13622187077999115,0.19451498985290527,0.2473837435245514,0.36409375071525574,0.39331939816474915,0.30483123660087585,0.19120942056179047,0.038289912045001984,2
0.09587249904870987,0.1394049972295761,0.14908500015735626,0.36320000886917114,0.2698650062084198,0.19212250411510468,0.4179607033729553,-0.14743351936340332,2
,,,,,,,,2
0.1513583262761434,0.20982333024342856,0.2659141818682353,0.3680400053660075,0.4216466744740804,0.3360391855239868,0.1610980530579885,0.06790537138779958,2
0.10272687673568726,0.14902999997138977,0.16823187470436096,0.3607937693595886,0.2894587516784668,0.2084987461566925,0.3651578426361084,-0.11212010681629181,2
0.13828339747020177,0.19095964091164724,0.2379119566508702,0.33256891795567106,0.35838750430515837,0.2922107151576451,0.16659998893737793,0.03716064350945609,2
0.10575028566213754,0.15779616282536432,0.18321990966796875,0.36229779170109677,0.3094449043273926,0.22771277794471154,0.331661004286546,-0.0813460900233342,2
0.10872050523757934,0.16171300411224365,0.18597899675369262,0.3825930118560791,0.3147779941558838,0.2269814968109131,0.3455683708190918,-0.09733274579048157,2
0.10665249824523926,0.1633712500333786,0.18629249930381775,0.42072999477386475,0.3233112692832947,0.2292887568473816,0.388823002576828,-0.13163259625434875,2
0.09233417113622029,0.14654582738876343,0.1600208282470703,0.36529000600179035,0.2765841881434123,0.19170083602269491,0.3902633984883626,-0.13846657673517862,2
0.10906333724657695,0.16587833563486734,0.19372665882110596,0.3506508270899455,0.2988041639328003,0.221684992313385,0.28830164670944214,-0.07907764116923015,2
0.08464639716678196,0.13241693708631727,0.14701333310869005,0.3107758363087972,0.24052556355794272,0.1619061099158393,0.3491421540578206,-0.12014733420477973,2
0.09805285079138619,0.1456907136099679,0.1717803648539952,0.3391492707388742,0.2878028665270124,0.21472748688289098,0.3276605265481131,-0.08283126354217529,2
0.09849875171979268,0.15046916405359903,0.17190082867940268,0.38263336817423504,0.2864612539609273,0.19704957803090414,0.38343246777852374,-0.14483826359113058,2
0.11984857491084508,0.16999285561697824,0.20720035689217703,0.33100925173078266,0.31223855699811665,0.25552570819854736,0.23345654351370676,-0.031477276768003194,2
0.08671500285466512,0.13770916064580283,0.14672917127609253,0.36171499888102215,0.24888249238332114,0.17507251103719076,0.4225796063741048,-0.18513087431589761,2
0.10845375061035156,0.16152875622113547,0.18557292222976685,0.34427082538604736,0.3006145755449931,0.22949039936065674,0.3009917537371318,-0.06870156526565552,2
0.10089124739170074,0.14993062615394592,0.17076873779296875,0.3511618673801422,0.2760593891143799,0.19633686542510986,0.3452593684196472,-0.12004505842924118,2
0.09877374768257141,0.14583998918533325,0.17012250423431396,0.2889362573623657,0.266510009765625,0.2039337456226349,0.2588733434677124,-0.04037534445524216,2
0.06641449928283691,0.10786249637603759,0.11305450201034546,0.3188479900360107,0.20981049537658691,0.13651199340820314,0.47652325630187986,-0.20644257068634034,2
0.06397250294685364,0.10475499927997589,0.1020599976181984,0.32544249296188354,0.19316749274730682,0.1180649995803833,0.522529125213623,-0.25505679845809937,2
0.06776750087738037,0.10711999982595444,0.10794500261545181,0.31730249524116516,0.200592502951622,0.12912000715732574,0.49231916666030884,-0.22535456717014313,2
,,,,,,,,2
0.08927249908447266,0.12922999262809753,0.13943250477313995,0.3095475137233734,0.2209700047969818,0.15477749705314636,0.3788921535015106,-0.1669643372297287,2
0.10155124962329865,0.15688812732696533,0.18250438570976257,0.29872626066207886,0.2789674997329712,0.21755312383174896,0.24349063634872437,-0.03514854609966278,2
0.07145249843597412,0.11644250154495239,0.11935749650001526,0.35308000445365906,0.24016499519348145,0.1554650068283081,0.49471622705459595,-0.1903345137834549,2
,,,,,,,,2
0.06405500322580338,0.10522250086069107,0.10852249711751938,0.3420250117778778,0.21995249390602112,0.1419074982404709,0.5182638764381409,-0.2172195464372635,2
0.06448125094175339,0.09838874638080597,0.10648749768733978,0.41664624214172363,0.22604374587535858,0.14321374893188477,0.5929545760154724,-0.2966262102127075,2
,,,,,,,,2
0.07167937606573105,0.1145862489938736,0.12009312212467194,0.32158562541007996,0.22010375559329987,0.1467612385749817,0.4563440978527069,-0.18789911270141602,2
,,,,,,,,2
0.06101625164349874,0.09915875395139058,0.09955290953318278,0.31466249624888104,0.20122957229614258,0.12763500213623047,0.518311063448588,-0.2194644808769226,2
0.058389998972415924,0.09567999839782715,0.09007000178098679,0.3433449864387512,0.18274499475955963,0.10981500148773193,0.5843706130981445,-0.3052709698677063,2
0.05254624783992767,0.09107375144958496,0.08793875575065613,0.3115825057029724,0.18920749425888062,0.11574125289916992,0.5598772168159485,-0.24432756006717682,2
0.065870001912117,0.10483749955892563,0.10596500337123871,0.3231324851512909,0.19754000008106232,0.12955999374389648,0.5061029195785522,-0.24121208488941193,2
0.08393750339746475,0.13187000155448914,0.13959750533103943,0.3261849880218506,0.2488275021314621,0.17424750328063965,0.40058931708335876,-0.13453185558319092,2
,,,,,,,,2
0.06496799588203431,0.10565700531005859,0.10487599372863769,0.3368494749069214,0.20651049613952638,0.13310749530792237,0.5258034229278564,-0.24058997631072998,2
0.0646049976348877,0.10964999198913575,0.11180599927902221,0.3355569839477539,0.20313899517059325,0.13239799737930297,0.5015914916992188,-0.246811580657959,2
,,,,,,,,2
0.07310249656438828,0.11399500072002411,0.11721249669790268,0.31196749210357666,0.2057349979877472,0.13563750684261322,0.45378395915031433,-0.20519989728927612,2
0.05300144772780569,0.09093696820108514,0.08499117901450709,0.3528064426622893,0.19025684657849765,0.11292104972036261,0.6118083753083882,-0.299343560871325,2
0.05477178522518703,0.09232500621250697,0.08959463664463588,0.3493125098092215,0.20108357497623988,0.12293643610818046,0.5917237145560128,-0.26977951186043875,2
0.06945187350114186,0.1149597962697347,0.11928417285283406,0.34313186009724933,0.2323779066403707,0.16031187772750854,0.48930195967356366,-0.19696609179178873,2
0.06453103443671918,0.10522250471443965,0.10406276275371683,0.34101604593211204,0.2095157689061658,0.13724577015843883,0.5384351138410897,-0.24332077749844255,2
0.07645750045776367,0.11935499581423673,0.12380125305869362,0.3398162668401545,0.22221875190734863,0.15510624105280096,0.4673559448935769,-0.21103089505975897,2
0.05470958352088928,0.09304610888163249,0.08814652760823567,0.32837963104248047,0.182818333307902,0.11417298846774632,0.5776587592230903,-0.2860548496246338,2
0.11359578081329999,0.1677820844767701,0.19069684981063675,0.3908347663211884,0.30866277550074933,0.21734057443140392,0.3544540553609041,-0.1217537049882534,2
0.1158503309058434,0.1704799155763534,0.19498474801783225,0.3320021618697723,0.2879840609752556,0.21952158420945633,0.26753991563080853,-0.07925751980352579,2
0.09214889697539501,0.14330145028921273,0.15912735767853567,0.3396495916904547,0.2592460436698718,0.19335876367031,0.3746444261991061,-0.1411737539829352,2
0.082852849199728,0.13243788736729534,0.14148251118104152,0.33210592913481357,0.23227417834697325,0.1683407414910252,0.41557499236124423,-0.18245405653503044,2
0.07010041673978169,0.11324561635653178,0.11534250775973003,0.3989454507827759,0.24452833334604898,0.1439745823542277,0.5511894226074219,-0.23976500829060873,2
0.07593107223510742,0.12156929288591657,0.1152835658618382,0.42568390710013254,0.241921067237854,0.14673570224217006,0.5725209372384208,-0.27432373591831755,2
0.06478649973869324,0.10640499591827393,0.10600074529647827,0.45442023277282717,0.20831451416015626,0.11615099906921386,0.6214768886566162,-0.37118256092071533,2
0.0871932610221531,0.14181305014568826,0.15178717737612518,0.408740002176036,0.25469456548276154,0.16246913826983908,0.458894563757855,-0.23301622141962466,2
0.07185950279235839,0.11273549795150757,0.11564500331878662,0.45224499702453613,0.22469899654388428,0.12913100719451903,0.5924071788787841,-0.3359184980392456,2
0.11950894028927798,0.17140853237098372,0.19908167162971319,0.34812110578510125,0.30960956985401994,0.23262613144279087,0.27671043861639893,-0.06279006474454638,2
0.05784785747528076,0.09924812827791486,0.09196946450642177,0.42809901918683735,0.2070702144077846,0.11529338359832764,0.6471938405718122,-0.34817310741969515,2
0.06039538291784433,0.10420500315152682,0.09358576627878043,0.40224577830388,0.20609884995680589,0.11748327658726619,0.6223477583665115,-0.32224820210383487,2
0.10309453632520593,0.14673853957134744,0.1607518714407216,0.3186114560002866,0.27212565878163214,0.2091141990993334,0.33409964519998303,-0.08243328592051631,2
0.10379380271548316,0.15220950898670016,0.16741440409705752,0.32720774695986793,0.2742401304699126,0.2043992905389695,0.3244712466285342,-0.08960254419417608,2
0.08457770562941028,0.13795640514742943,0.1652654832409274,0.3358366935483871,0.2742881331905242,0.18994095340851813,0.3547177025579637,-0.11259935932774698,2
0.0875483650759042,0.1410493735807488,0.17187895257788968,0.35618127110492753,0.28062611315623825,0.18837612795542522,0.3529116159462067,-0.12251409277858505,2
0.11103370899462518,0.17050087906932102,0.2178762450472999,0.3738141824270933,0.3456874294135407,0.24511415903804867,0.28148505523914596,-0.05534080330652135,2
0.10802709440210982,0.1665212053857542,0.2105942711270765,0.34311576511548914,0.32602181563717697,0.24547368488515175,0.24370011039402173,-0.028704758253715584,2
0.05361764907836914,0.10110960006713868,0.1021898078918457,0.2946639633178711,0.19927085876464845,0.11970785140991211,0.48472625732421876,-0.1928722381591797,2
0.09326157804395331,0.14827837709520683,0.17841600199214747,0.3866694403476402,0.3001468846055328,0.1987802005204998,0.3985774243464235,-0.1463674639092117,2
0.08132629997645442,0.1320009796986938,0.14917531974702014,0.3314268391122931,0.26107555886973505,0.18546206206672278,0.38310862906836707,-0.1208377732589782,2
0.11489618929918755,0.17800621435407565,0.22544499504753254,0.40203452552436253,0.3528781950728869,0.246917550471982,0.28894547967189727,-0.0710910084244188,2
0.1060653013341567,0.17223676513223088,0.21555190927842083,0.34536443037145276,0.3286434061387006,0.25331079258638267,0.2344191775602453,-0.026273741441614488,2
0.09420405057671573,0.1508883460093353,0.18368958849595188,0.3654151898030796,0.2990348391036433,0.20686214714881582,0.3382546930567116,-0.10453938629667638,2
0.07708890795481499,0.12800935459317925,0.15101824765865898,0.2826427481432341,0.24042564551337167,0.17298881921641515,0.3073845416364,-0.0874942222175381,2
0.09877027646459714,0.15277584152992327,0.18704331523240214,0.3153147456621883,0.2990077818282927,0.23438417068635575,0.2537920017435093,-0.023701123516969007,2
0.09312546421104753,0.14632725603703603,0.17824455941786788,0.2847675448851966,0.2798314878078694,0.21920948297205106,0.23135651780965744,-0.008841848149545875,2
0.14920190339598707,0.22326975467020296,0.28902257940426085,0.36158704581735757,0.4088958233484923,0.3528966305440642,0.11197548334888867,0.060889536164343575,2
0.13499833598281397,0.20128917694091797,0.2609458403153853,0.32838916778564453,0.3696600018125592,0.3169649875525272,0.11443730556603635,0.05910071459683505,2
0.1362811552511679,0.2026408814095162,0.2608331216348184,0.33401133563067464,0.379963849041913,0.3187949464127824,0.12307210870691247,0.06428106411083324,2
0.15496028170866125,0.23270601384779988,0.3026741252225988,0.3747386932373047,0.4326310157775879,0.3689701136420755,0.10638413008521586,0.07170911396251005,2
0.11956084485523578,0.1712771279983278,0.21332986184902242,0.2421270301105096,0.2705190195279294,0.24017785924706947,0.06314198465497908,0.05537350446253803,3
0.12059757531449226,0.17341515101587404,0.21771094316993256,0.25147860167456454,0.2797797364615352,0.2481356483556751,0.07194125760882712,0.05320265514603078,3
0.12527155435271825,0.17738140426353574,0.2130878605849373,0.23569619842138603,0.26679845080097575,0.23228580480279828,0.049341589763527406,0.06135022419784351,3
0.12489349818236897,0.1782823786234285,0.22261246591941836,0.2553713526085845,0.2792503359244831,0.24604600908105498,0.06844221899199579,0.04443481408332702,3
0.13527835667000185,0.18844609036875232,0.23559252184358712,0.26712913257544907,0.3076866076051168,0.2743889758237156,0.062133294827709074,0.07056218514403388,3
0.1346860487430841,0.1942084993320628,0.24141982627437464,0.27008676143941035,0.3153780152915946,0.282611393736033,0.055900591329994774,0.07748699078235384,3
0.12747061031627985,0.18100264175036326,0.22845023703807335,0.2678797533405003,0.31710810635848646,0.28426060749980364,0.07928295177444136,0.08358872989195532,3
0.11868253032061633,0.16873529439594268,0.20871972669391736,0.24773149958787513,0.2900924968039295,0.2537380094788723,0.08489331011976854,0.07689580074182478,3
0.1184658533901698,0.17957470600292866,0.21214286399833274,0.2310906273308617,0.24550492891557343,0.21180928084004255,0.042547764883580315,0.02981684140131406,3
0.1143404533123148,0.16552463071099643,0.19480424091733736,0.20755499806897393,0.21557936175116177,0.18508529663085938,0.03157244057490908,0.01797708149614005,3
0.13980860175063617,0.2010900806173194,0.25241982877668817,0.28538123758689177,0.33604496309039844,0.30457612750783575,0.06113048201166056,0.08168302534116652,3
0.12374918490708582,0.1776061287295575,0.22271970546409234,0.2637178107736695,0.3221529221134387,0.2842762060383963,0.0840167570497525,0.0989444947364013,3
0.11878641782995444,0.1681933324865609,0.20653186126384881,0.2453114244624361,0.2876208955437918,0.2520450258436312,0.08503316016751754,0.07808963690107923,3
0.13005562115432626,0.18661959368483463,0.23134370674764304,0.268570864110961,0.3133855260404429,0.27888789929841695,0.07444490705217634,0.07704822282145794,3
0.14281558558951676,0.1989751962515024,0.24865211728471437,0.2923090662891509,0.33375093624063207,0.2929013627686652,0.08075353354889883,0.06614206063801346,3
0.12075252839888649,0.17041468828573994,0.20830193179777298,0.24959736440373564,0.2874412378771552,0.2509028151939655,0.08922507801275144,0.0685454971488865,3
0.13766464975369153,0.19173778187144885,0.23833083299955404,0.28355675469493263,0.3294527404656118,0.28876116311071287,0.08649654267454249,0.07408790507729915,3
0.14188645802232616,0.20022902654066038,0.25449610532637784,0.30143522895656405,0.3607051171736775,0.32090306805113233,0.08441173448177913,0.0892920308474185,3
0.1250037725924393,0.17863995886796358,0.226795161165149,0.2683886934326711,0.3250577745584989,0.28498182149386037,0.08389143449054912,0.09508923663208817,3
0.11565350001969393,0.16595456308568063,0.20821203008548883,0.2433047564287867,0.27006994345270713,0.23739983919470628,0.07731671899831488,0.05081293824366027,3
0.12631546318474365,0.18153888337188254,0.23061663068867477,0.2735678285615355,0.33323343679148687,0.2922043307579262,0.0850265749561179,0.09804786063318219,3
0.12034660478337728,0.17360260507175815,0.22116898182825984,0.2630021151051654,0.3166375632939837,0.2798234509827421,0.08607630085053632,0.09157312234090365,3
0.1282901609920163,0.1837783103629013,0.22760598763095924,0.26584642550341214,0.3045541659908449,0.26880218376796183,0.0773328336006584,0.06736841022120399,3
0.11493399123514979,0.16635913691244836,0.20246550504826316,0.22182090065696022,0.2690944198734504,0.23341155249225207,0.04550955906387203,0.09478996213802621,3
0.12523235062012336,0.1772624658965099,0.22508066628664067,0.26690944122996624,0.3166868160767477,0.27861096958528836,0.08465477707314623,0.08371490388417334,3
0.1280140133583791,0.18252790931480878,0.22826307904967666,0.27286877751494604,0.33924544985664606,0.2991401215891644,0.08870282363501152,0.10781800435223202,3
0.13690658051923385,0.19003086980916106,0.2351590459802863,0.2835507286105946,0.33484292838791585,0.29252992558006435,0.0931518125137456,0.08231966356703355,3
0.1279714110321656,0.17856088375455498,0.2206708461011116,0.26514462672077443,0.31203364539623824,0.27301900659208445,0.09107048295271551,0.08067451180501878,3
0.1426365852355957,0.19947478771209717,0.24547457695007324,0.2883492946624756,0.3449075222015381,0.30768470764160155,0.08029646277427674,0.08938708305358886,3
0.14141515414488764,0.19596896913695633,0.24251544113022697,0.2876875165963216,0.33635033349871424,0.29702166453243795,0.085114937988718,0.07798821683006764,3
0.12283067579393263,0.17443185781503653,0.21426859273538962,0.24508032860693993,0.27748046478667815,0.24892310600776177,0.0670410899372844,0.06203214471990412,3
0.13313194965810904,0.1882991460017386,0.24153348889654083,0.28632362086419194,0.34779390250556963,0.31085205078125,0.08484632017984556,0.09689826450825656,3
0.12189900581026891,0.17486329051529886,0.2185261272162595,0.2516155785808527,0.2743011995782436,0.2415922045481499,0.07034429155671845,0.04309482321114875,3
0.12616383365407513,0.17886227021286283,0.22489455685973048,0.2553874555222459,0.2814730454303485,0.25026507165471257,0.06324071220441556,0.048321231550049734,3
0.12960879632166022,0.1826465922351639,0.23039915451328016,0.2699179629289753,0.31609589521881576,0.2822100410621932,0.07893175764471752,0.07853187250723177,3
0.11244410627028521,0.1626298708074233,0.1936328270856072,0.20934463949764476,0.24109843197990866,0.20937435767229864,0.03891635642332189,0.06928808548871208,3
0.1352198197394192,0.19093232996323528,0.24021862468131783,0.27486746651785715,0.3047778773374584,0.2650934641434699,0.0666511279194295,0.05217784593085281,3
0.13287672287437444,0.18983785593674743,0.2345830560232917,0.25928160628950936,0.29222150110179296,0.25589167476059227,0.04958468901687613,0.058947439727691335,3
0.1284681550299514,0.1834365149285774,0.223473924733998,0.25223678302509217,0.28517922409098523,0.2523117433604222,0.06014437023500335,0.061327580919853804,3
0.12287371405239762,0.17884133437584188,0.21668226307836072,0.24114664011988146,0.2783930285223599,0.2467583491884429,0.053399677934317755,0.07174524767645474,3
0.12114507501775568,0.178629165437813,0.21633360970001925,0.2429897502317267,0.2729273768161956,0.240122085359688,0.05736722196746497,0.05756170687212599,3
0.13304436866273273,0.19166599030190326,0.2378872810526097,0.26857840355406415,0.30996106736203455,0.2755024362117686,0.0603513961142682,0.07173249264980884,3
0.1333668686474446,0.19239267882960562,0.24144721908314173,0.2745511534487789,0.3226032576034699,0.29048447624895485,0.06403475860289506,0.08075191876295551,3
0.13946728626167326,0.1963563946209472,0.24874341009813633,0.2836971702427636,0.3277556307103008,0.2939682697725481,0.06561155430249686,0.07208825884938702,3
0.12269267032020971,0.17291218004728617,0.21112150493421053,0.2397044613486842,0.270386962890625,0.23694663599917762,0.06316669664884868,0.06027446546052632,3
0.13348124554361723,0.18720308389371065,0.23415729513701072,0.2724417529642629,0.3156923403616124,0.28105397678378247,0.07556463282095176,0.07353855736325052,3
0.1368747171795145,0.192624067732179,0.24297534221278747,0.28232061070924724,0.325514941239885,0.2902500860938831,0.07495192571636765,0.07113680603963146,3
0.14552168805605967,0.20635651326382126,0.26266771267899036,0.3036408248771689,0.34552328309661606,0.3037711729746702,0.07232563353800571,0.0645524151939846,3
0.11008293266214701,0.1600985639355678,0.19345203865263652,0.21673744087300922,0.24978348529823843,0.22045339710962594,0.05649368563862378,0.07087699351014622,3
0.11894124174771244,0.17034099526601296,0.21251665402765144,0.24629477932028573,0.28259016063115366,0.2505695395273705,0.07343653456805503,0.0686945915222168,3
0.12305807397068744,0.17581676192072979,0.21046556526398563,0.23326273232578754,0.2718154110582957,0.23486369489187217,0.051101765000676536,0.07575945107333631,3
0.11200177353040307,0.1604754242573516,0.1887183400381983,0.20379629669639565,0.21408056298540054,0.18340743748487626,0.03825174742392031,0.0243066573916635,3
0.10875682679760619,0.15681309215965847,0.18373904355229706,0.1952018545547606,0.19850572842844447,0.16864049923857655,0.03016812823675278,0.007853152341684735,3
0.13776210046583606,0.19281178136025706,0.2530287927196872,0.30539586467127644,0.34203301706621725,0.2985359622586158,0.09377370342131584,0.05661204168873449,3
0.13260095680098816,0.18604990246992087,0.22794103499222787,0.25222506264383476,0.2940304975485001,0.2595687393070191,0.050405595961775275,0.07656326096803336,3
0.14379535781012642,0.20074795352088082,0.2583641741010878,0.3083283371395535,0.37235233518812394,0.3324602444966634,0.08811883131663005,0.09409732951058282,3
0.14308235380384657,0.20193388726976183,0.259796937306722,0.3095031844245063,0.3426956865522597,0.3032897313435872,0.08726021978590223,0.05076169636514452,3
0.13656844068693635,0.1896858855381908,0.2406579600084548,0.29085525410287333,0.31463628167274016,0.2783471945948249,0.09450307628452378,0.039070903854882155,3
0.12900580698355085,0.18000985294408192,0.22399302576318642,0.26312255859375,0.2867226573084131,0.25668626024543895,0.07991119340665079,0.04308313303600157,3
0.12968489788331006,0.18074221302801213,0.22223326824463818,0.2579213711698699,0.2836866197477275,0.25807593167961324,0.07424992028298033,0.04753770574417404,3
0.12584670494342673,0.17432406056814315,0.21427770708087568,0.24572166816725272,0.26268518797498863,0.23525711862664472,0.0683222997426554,0.03332787875471444,3
0.1305403289658939,0.17953141583866597,0.21730693768411477,0.25238817348871173,0.2734562112430686,0.24145531987232646,0.07437041018525968,0.03768223759584798,3
0.13514734882796237,0.18815968534928576,0.23357956097783097,0.2732434173507754,0.29584339913678703,0.26437878509445256,0.07811684969759901,0.03954018522162521,3
0.1267201332818894,0.176540526132735,0.21737471080961682,0.2505864037407769,0.2701689705016121,0.2434467285398453,0.07095789530920604,0.03758845632038419,3
0.1374779966868222,0.1895422739525364,0.23665918498278754,0.27388979419725673,0.2989331249777041,0.27051218459595283,0.07283951920461437,0.043750161993993474,3
0.14122687067304338,0.19624060676211402,0.2449915749686105,0.28554621196928476,0.3056376093909854,0.2744367236182803,0.0764206193742298,0.033690384456089566,3
0.12959923377403845,0.1806767830481896,0.2211882077730619,0.2544148665208083,0.2748087662916917,0.2452271241408128,0.06985114170954777,0.03853215070871206,3
0.1429033583783089,0.20151698335688165,0.2515564370662608,0.30143967080623546,0.33268963022434966,0.2968542017835252,0.09018196958176633,0.049120786342215034,3
0.12849326644624984,0.18068005357469832,0.22376063891819545,0.2649825300489153,0.29480137143816265,0.26045053345816477,0.08422806433268956,0.0529171313558306,3
0.13800340790988347,0.1932352588163408,0.24254113735433397,0.2918376602940053,0.33193803499530816,0.2935734327944963,0.09219850508194397,0.06369609939319461,3
0.12818240423272126,0.18189651600635834,0.22362103427413607,0.2731090183675724,0.31598329196011066,0.27892595834105555,0.09955447259610586,0.07233384403869184,3
0.13048459817697336,0.18127635577777484,0.2233649932586395,0.2557300017760681,0.2757668366303315,0.24766136719299867,0.06753380234177048,0.03760145376394461,3
0.10807788355300275,0.15171055157660482,0.18828063781187312,0.2356443353497994,0.2954915038082999,0.2638740929820712,0.11132463552767678,0.11162541579817578,3
0.1244980205189098,0.17523228038441052,0.21441708189068417,0.25987382368607953,0.30197406537605054,0.2654354211055871,0.09566541874047482,0.07470617872295958,3
0.11977574362683652,0.16776816524676422,0.2040932214082177,0.24719474564737348,0.2877432979754548,0.25546688819999125,0.09540658210640524,0.07529413166330821,3
0.10574942042684962,0.14973381890190973,0.1847843007144765,0.2309784457214877,0.2793620835002671,0.24119586129473825,0.11096610044821714,0.09407812917334402,3
0.11147948136086475,0.15593272545385256,0.19158077536031043,0.23567495409506653,0.30272977368001663,0.2743691319636918,0.10344539397043029,0.12320900386294346,3
0.12056008296615028,0.1689950858366774,0.20747678841340256,0.2512643963810527,0.3159000019164622,0.28247643168062075,0.09475991831704618,0.11364481799024771,3
0.11097138233673878,0.15271678435496794,0.19366649138621794,0.2507134070763221,0.3157960862379808,0.2834529309395032,0.12920407026241987,0.11437703450520834,3
0.1349558209215042,0.18552578890297322,0.23692719246904317,0.29435484088282976,0.34974764724967233,0.3075130706854477,0.1080497084863928,0.0861634850238859,3
0.1279897553580148,0.18017727988106863,0.22361551012311662,0.2656158447265625,0.32238333565848215,0.283738762991769,0.0858227184840611,0.09654160908290318,3
0.12739086567574714,0.18119575467172147,0.22684112282299057,0.26862101992144855,0.32673718315024564,0.28732746240874046,0.08430637542857874,0.09741734000793191,3
0.14152429849421447,0.1970358255392907,0.24860306048311318,0.287912008278968,0.3362489680653995,0.29917309947849546,0.07312264065562245,0.0769838483882524,3
0.12670027040967755,0.1751576965930415,0.21811917248894186,0.27193018969367533,0.32445544822543276,0.2856505524878408,0.10986047632553998,0.08797132267671473,3
0.12704092212140947,0.1789506779560335,0.22436381348710457,0.2660518393072961,0.3254095915616493,0.2838432120793438,0.08491431748062458,0.09990332691275344,3
0.12186946956368423,0.1696134139569002,0.210673677268133,0.24980117536356505,0.2996790814796796,0.26161886625407316,0.08493880249583258,0.09002672287970673,3
0.1264481600156554,0.1771035794308832,0.21611717610043774,0.24069382089894414,0.26514930576665857,0.23756189012341927,0.05364319322638011,0.046831578750709306,3
0.13038288766119677,0.1764921718636281,0.21656432838939682,0.25785363431927766,0.32375190212910526,0.284634541562898,0.08694794500759075,0.11266781114247862,3
0.13469740785198447,0.1811065438352985,0.22016774872202932,0.2639782987994912,0.32027418819474585,0.2840886057159047,0.09049574534098308,0.09631968133243514,3
0.1120241330434902,0.15340377128654675,0.1868717810030006,0.22657339913504465,0.2789431712666496,0.24279917375265295,0.09508683251552895,0.10146683775569014,3
0.1057556984889486,0.15010559409590227,0.18353020355825134,0.2242537141912525,0.260826206377879,0.22249423114046427,0.10046859632024611,0.07316125313583129,3
0.09990460163838155,0.1420680381156303,0.1692001368548419,0.19973479090510188,0.2299468839490736,0.1940950702976536,0.0827339082150846,0.07012096611229149,3
0.10149676316162687,0.14626501455209157,0.17173481664981255,0.1948187463003157,0.22592605795555445,0.19565761117551303,0.06263903201614296,0.07314680501430544,3
0.14348300452371246,0.20205373671448346,0.2581911179625872,0.316153924442032,0.3795291196952746,0.3404855450380196,0.10101627609104787,0.09132250998784038,3
0.1219219826215309,0.1730821628652652,0.20840854726870742,0.23912983132229645,0.2953815651760895,0.26193762714927815,0.06853072441462293,0.1054555819058521,3
0.1325867217883729,0.18680336600855776,0.2387690962406627,0.2926436976382607,0.3615952541953639,0.32684714334052906,0.10135976891768606,0.10545063018798828,3
0.12427274818748321,0.17776868541466131,0.22369959702806008,0.2678369997565589,0.32555378473932217,0.30018961122179444,0.08977154401106957,0.09712127423218123,3
0.10754507155645461,0.1501246316092355,0.19294161115373884,0.2522576831635975,0.32447226388113837,0.2982404073079427,0.13190195901053292,0.1223725818452381,3
0.12538551898450143,0.17547023489251493,0.2241993382524904,0.27784361114008144,0.34777540682203173,0.3163080554949813,0.10687110184851588,0.11180665346411053,3
0.12857946986681906,0.18110393430131297,0.22634024175417003,0.2633497886207965,0.3105698367790394,0.2734555063523664,0.07582491336017048,0.08222671132634563,3
0.12934844865711456,0.18274613476674492,0.22264926805408722,0.26129661350075256,0.30811092831672876,0.2676123872809454,0.07970775814231383,0.0818067340675844,3
0.11843099798266676,0.16826426654780677,0.20861298447355217,0.25072952877126337,0.30155011564948875,0.27684562286470277,0.09167853189170908,0.0919819811433098,3
0.12355670089241844,0.17593831236257493,0.21928818420794025,0.2614524409456073,0.3180472655866131,0.2895565632754152,0.0877255973576,0.09766066449243317,3
0.1062457810360122,0.1527842487471987,0.18861652997385459,0.22973584178909362,0.27374984923586904,0.24457730601033367,0.09798878217598357,0.08532985976017804,3
0.10606357886356378,0.14790284258764494,0.18928239930350826,0.25079055402263906,0.3203840435675855,0.2868309260914161,0.13995860357704404,0.12158571399232876,3
0.1331898140867082,0.18836932640654644,0.23929339918680176,0.29050058297322934,0.3554707827897739,0.31712338735442136,0.09653286346898714,0.10078093092920004,3
0.13344729960206067,0.18818086940749937,0.23705782871014677,0.2869431962851088,0.3552008872090081,0.3177015173290423,0.09513762315757844,0.10644013872030776,3
0.14144324614142728,0.19730305270313817,0.2386604591652199,0.2831015538687658,0.3214827771941419,0.2797022347498422,0.08237323696765836,0.06229538066619976,3
0.12969531936339107,0.17865490281438254,0.22297554475715362,0.27021974617218875,0.32873527802616714,0.279705810546875,0.09518992106119792,0.09524485882985065,3
0.15337800834678952,0.20971973423054394,0.2646435212944054,0.3207626574669928,0.39869252430027863,0.34739160972525646,0.09638638481905396,0.10913343342604245,3
0.11760111864390692,0.1670025357932303,0.2039212583208187,0.2397030198033376,0.29125090036742374,0.24965535899217906,0.08000740067747705,0.09724112360317815,3
0.13231452001284247,0.17996893059717467,0.22586858043931934,0.278570556640625,0.3661840987532106,0.31476300383267336,0.10420051470194777,0.13493577094927225,3
0.15924093794780644,0.2236557948736497,0.2959543056588955,0.3628639342292907,0.4413072697069279,0.3944051967937059,0.10172906838607115,0.09891770377991692,3
0.15732646810597387,0.21257112766134328,0.26098913981996735,0.31279202165274783,0.3678508298150424,0.3254055154734644,0.09027463814307904,0.0809501286210685,3
0.15025085322326534,0.20728820673889034,0.2545887080646602,0.30301112692470117,0.35863813689741425,0.3115438037007861,0.08528862078819355,0.08160206879994478,3
0.1442079697885821,0.19813589895925215,0.24548358301962575,0.3006530269499748,0.3879395761797505,0.3321647028769216,0.10106968110607516,0.12572063169171732,3
0.14603022625321463,0.20252237296163886,0.2585135291044849,0.3173684859810922,0.3874009053903328,0.33333155758065774,0.10221726757629851,0.09922625953122564,3
0.16129037235560043,0.22194885939694523,0.2831675925951325,0.34114098281003113,0.4160377416717872,0.3724891148256452,0.09299496854289194,0.09898388251829683,3
0.14344988994716856,0.19626493039338486,0.24713257973238548,0.30001037313330986,0.3796476518145259,0.3256412292859569,0.09649303981236049,0.11679674231487772,3
0.14123238650235262,0.19511711814186788,0.24285824515602805,0.29634538130326704,0.3819882479580966,0.33748588562011717,0.09922415993430397,0.12627368406815961,3
0.1375866630140966,0.190247655203965,0.23634583851745655,0.2905535933079022,0.39104775603779307,0.34278611820748284,0.10279769095665231,0.14716028878066265,3
0.13884343532536994,0.19031788655464224,0.23379375129346028,0.2872858110642591,0.39633949229259363,0.35180997532724545,0.1025631127768005,0.15929166528562835,3
0.1311161649096143,0.18204012021913632,0.22872136713384272,0.2837677630749378,0.3687420100956173,0.3161760476919321,0.10726474929641891,0.12979664645352207,3
0.14168130247905805,0.1966284813012621,0.2489486182087678,0.3062035685759474,0.39760740945686035,0.3459698355937659,0.10312571093849345,0.12992355952063994,3
0.0971373594724215,0.1417684188255897,0.1715271106133094,0.2001018524169922,0.24365619512704703,0.20467042922973633,0.07650947112303513,0.09771356215843788,3
0.13833609871242358,0.19146130050438037,0.23810848291369452,0.29193712317425274,0.3854722009188887,0.3438184986943784,0.10157600347546564,0.13799671504808508,3
0.13240788729594952,0.1861957244776898,0.22985278335696283,0.2817728178412492,0.36697308853428245,0.32154064502968455,0.10139789352945809,0.13015456701421707,3
0.14641954808053606,0.20238848057443012,0.2587412373575276,0.3200494005589304,0.4051112478863978,0.35289830148578405,0.10588838963327045,0.11730301117371461,3
0.14535679136003768,0.20313231150309244,0.2606845810299828,0.324523857661656,0.38188098725818453,0.331009274437314,0.1089102654230027,0.08143845058622814,3
0.1433227743421282,0.20024677685328893,0.2528444698878697,0.30764215333121164,0.38471286637442453,0.3460468905312674,0.09776977130344935,0.11135542392730713,3
0.13593061958871236,0.19137531373558975,0.24378897504108707,0.30731194193770245,0.36317583409751336,0.3131325651959675,0.11526150819731922,0.08328552943904226,3
0.10007182835745733,0.14325772024223907,0.16769368892455652,0.19085378615376186,0.21757653365434199,0.1868964091385945,0.06448206885813093,0.0651974630827951,3
0.09824198225270146,0.13819769154424252,0.16107709511466647,0.18588120004405145,0.2158570911573327,0.18958143565965735,0.07129760928775954,0.07474209951317828,3
0.12433208271893971,0.17714756845638452,0.21975246538915907,0.2602831775252656,0.3140427545206436,0.2737216738938759,0.08441717893082575,0.09339530894298427,3
0.12627083491353155,0.1816568022792779,0.23217204566140776,0.28752844356796114,0.34016042172330097,0.29366200271162013,0.10671580786843901,0.08350889335558252,3
0.13234545967795633,0.18577892130071466,0.23319593342867764,0.28119921684265137,0.3342142105102539,0.288462985645641,0.09325234456495805,0.08616275137121027,3
0.12076015057771103,0.1707980321801227,0.21272242587545645,0.2576597877170729,0.3129097897073497,0.28392327350118884,0.09547961276510487,0.09679703090501868,3
0.12119868155301473,0.1733474366402512,0.20696630888578424,0.23702170632102273,0.28697290374901874,0.2544226395456414,0.06755754936254765,0.09549760590329695,3
0.11416316032409668,0.16190715630849203,0.19278937578201294,0.2186986804008484,0.2746829390525818,0.24281416336695352,0.06287922461827596,0.11333632469177246,3
0.1294869922456287,0.17675391832987467,0.21740154992966426,0.2601814042954218,0.3177245003836496,0.27694461459205266,0.08960770993005662,0.09948440960475377,3
0.09912613797778926,0.13726841319691052,0.17623113206595428,0.2366279412892239,0.30084521711365253,0.2713490951159769,0.146695113379108,0.11943109370460195,3
0.10826118967028338,0.15212590081713964,0.1890396138482024,0.2393487963314539,0.3005592965889231,0.2702953272589672,0.11769243181942306,0.11209273052596538,3
0.10634964503599016,0.1507181531927559,0.1838933966133032,0.22820736317152387,0.27924608380607,0.2403003392594584,0.10732700047868021,0.09955959105759524,3
0.12362079277723849,0.17681297713411068,0.22277356907279192,0.26548346787869576,0.3177298357386789,0.292922265515356,0.08744495072050723,0.08956745855822534,3
0.11654853470828555,0.16331725514263187,0.20026726678970758,0.24056110907038417,0.28876953125,0.24671994830490251,0.09066617073269065,0.0899044631818019,3
0.23934691467938637,0.3307832967035265,0.4112317822474739,0.47766172094569725,0.4647175954291856,0.29785378433652304,0.07466177766787674,-0.01339751494773195,3
0.247288819873895,0.3414052201263958,0.42953089863135857,0.5090009059858677,0.4710373038393688,0.24519276204830956,0.08467601842383297,-0.03874349712438086,3
0.19595720712664072,0.28398883153521826,0.3614259004884005,0.41749060401404153,0.4626272944449214,0.36554931342529,0.07221394260578831,0.051268683539496526,3
0.19501845041910806,0.2758927956605569,0.34807818975204075,0.40088347899608123,0.44649398021208936,0.36938009506616837,0.07049427888332269,0.05386171585474259,3
0.21336870797072785,0.3115196002686577,0.39294392388581223,0.4600624052281118,0.5009440104166667,0.3790621858105881,0.07875968192700092,0.0436280198238067,3
0.17147285455852812,0.2588618231829803,0.3475178397424557,0.41536242845199506,0.4617273011636003,0.38623274252134315,0.08894664689169215,0.05290241116063276,3
0.2079992326771507,0.3023586909409037,0.39721255889954904,0.4677384534281399,0.4991284728131382,0.3634702969441372,0.08159696138822116,0.033790422183790525,3
0.18380089328713614,0.26698602004746674,0.34880263876473105,0.4040607018974114,0.448909442910833,0.3949873660669319,0.07340517128599353,0.05292054821078956,3
0.21530719001837367,0.30940335094552923,0.4034643954918033,0.47014180167776637,0.5030807745261271,0.3668339502014699,0.07638279456659343,0.03439008994180648,3
0.20725610753992102,0.29902284223954756,0.39174073607057003,0.453864506312779,0.4933161054338728,0.4255558055835766,0.07353990680568821,0.04164033407693381,3
0.14832087756713713,0.21570668038592847,0.277479551718904,0.3254548171767211,0.4125162645845065,0.3774637133407539,0.07964759642987558,0.11904888751891807,3
0.14864133612467803,0.21313722162487242,0.2758547417423985,0.32478591590934863,0.41360904569827156,0.3788129773736048,0.0819751614489681,0.12250903080249388,3
0.20499847838460483,0.29386765317407054,0.3805117261917648,0.44249765246146516,0.4989105143567429,0.45797852464532096,0.07530397213216936,0.06037179620749625,3
0.19628118562249303,0.28893740666964596,0.37439867491334583,0.4397995798771582,0.47831367889180765,0.4193372829558336,0.08038745210858476,0.04200733984477187,3
0.2091474673098491,0.3075184658728844,0.3990876787443923,0.4643458604423685,0.5155862680656097,0.4745176729136929,0.0756033108635011,0.052289816528121175,3
0.18776299318291506,0.2709375251367439,0.3554664562721203,0.4133873584801319,0.47033022140444014,0.4223281526504183,0.07523374815244932,0.06497270935137146,3
0.1564551310193805,0.23878315155297902,0.3163221479350034,0.37628533344617465,0.41384368255966486,0.3622874637673494,0.08753023244435511,0.047011992313124154,3
0.17071479348575366,0.26256844656808037,0.35287737165178573,0.410129168855042,0.44946278804490547,0.39781914719012607,0.07503854447052258,0.045777354520909926,3
0.16782602409166486,0.2578526045073775,0.34213595328626983,0.40141364484527187,0.4421945342596126,0.39309824142090055,0.07981930896455698,0.04832668556760158,3
0.17072090938173493,0.26240439579404634,0.34915376860519937,0.4108104048104122,0.4468431143925108,0.39057141008048224,0.08115126511146283,0.042033123147898706,3
0.1780144476121472,0.2673790552282846,0.35002172326528896,0.4216008012012769,0.45749380460349465,0.4075648153981855,0.09284354589318716,0.04078287924489667,3
0.1854508916536967,0.26886582374572754,0.3539680242538452,0.42005165417989093,0.4744856357574463,0.43213963508605957,0.08537729581197102,0.06085339685281118,3
0.17026183839185802,0.24778249725422746,0.3266548541243576,0.3874559478355023,0.43311000186505305,0.38632036204047165,0.08515523409653722,0.05565936748798077,3
0.1516799383740408,0.21751322355983096,0.2799927518036866,0.3212931622814029,0.3675754044828042,0.3275196984993605,0.06848239559295763,0.06720253072175267,3
0.17433606396924267,0.25789669827298,0.3330480902044623,0.4057095501873944,0.4390026126895939,0.38597361246744794,0.09896717415199624,0.039814888894020975,3
0.1822091802531472,0.2722215410127055,0.3574100602724449,0.41496197026228515,0.4610775432957306,0.41189990307361735,0.07454314181979284,0.05258934807884319,3
0.1674893077988452,0.24658416481351436,0.3266017499487945,0.3917407775193118,0.43239598268277935,0.3797317866826623,0.09119970581207085,0.04907061782817864,3
