{
"type": "FeatureCollection",
"name": "training_data_2024",
"crs": { "type": "name", "properties": { "name": "urn:ogc:def:crs:OGC:1.3:CRS84" } },
"features": [
{ "type": "Feature", "properties": { "Name": "1", "description": null, "timestamp": null, "begin": null, "end": null, "altitudeMode": null, "tessellate": 1, "extrude": 0, "visibility": -1, "drawOrder": null, "icon": null, "class": 1 }, "geometry": { "type": "Polygon", "coordinates": [ [ [ 51.696693480684019, 32.670941619933672, 0.0 ], [ 51.702222719772998, 32.65900081623397, 0.0 ], [ 51.70793149680717, 32.662814129993301, 0.0 ], [ 51.696693480684019, 32.670941619933672, 0.0 ] ] ] } },
{ "type": "Feature", "properties": { "Name": "Untitled Polygon", "description": null, "timestamp": null, "begin": null, "end": null, "altitudeMode": null, "tessellate": 1, "extrude": 0, "visibility": -1, "drawOrder": null, "icon": null, "class": 1 }, "geometry": { "type": "Polygon", "coordinates": [ [ [ 51.686829194177967, 32.680357643437127, 0.0 ], [ 51.680215756225692, 32.662141567321527, 0.0 ], [ 51.692863656045972, 32.661961907869518, 0.0 ], [ 51.686829194177967, 32.680357643437127, 0.0 ] ] ] } },
{ "type": "Feature", "properties": { "Name": "Untitled Polygon", "description": null, "timestamp": null, "begin": null, "end": null, "altitudeMode": null, "tessellate": 1, "extrude": 0, "visibility": -1, "drawOrder": null, "icon": null, "class": 1 }, "geometry": { "type": "Polygon", "coordinates": [ [ [ 51.658486448660398, 32.665492166113488, 0.0 ], [ 51.66166399102201, 32.659843585174947, 0.0 ], [ 51.666644979799933, 32.665234424772827, 0.0 ], [ 51.658486448660398, 32.665492166113488, 0.0 ] ] ] } },
{ "type": "Feature", "properties": { "Name": "Untitled Polygon", "description": null, "timestamp": null, "begin": null, "end": null, "altitudeMode": null, "tessellate": 1, "extrude": 0, "visibility": -1, "drawOrder": null, "icon": null, "class": 1 }, "geometry": { "type": "Polygon", "coordinates": [ [ [ 51.693569259554259, 32.654171002112861, 0.0 ], [ 51.695134043800927, 32.647906355934779, 0.0 ], [ 51.702147330690451, 32.651455801968581, 0.0 ], [ 51.693569259554259, 32.654171002112861, 0.0 ] ] ] } },
{ "type": "Feature", "properties": { "Name": "Untitled Polygon", "description": null, "timestamp": null, "begin": null, "end": null, "altitudeMode": null, "tessellate": 1, "extrude": 0, "visibility": -1, "drawOrder": null, "icon": null, "class": 1 }, "geometry": { "type": "Polygon", "coordinates": [ [ [ 51.649871938978052, 32.658409688245086, 0.0 ], [ 51.649855961726693, 32.658052629697117, 0.0 ], [ 51.650467911163076, 32.657497027615968, 0.0 ], [ 51.651071866332671, 32.656762883847477, 0.0 ], [ 51.652109198128763, 32.656193711570239, 0.0 ], [ 51.652940610506221, 32.65581014757911, 0.0 ], [ 51.653998508305882, 32.655776239459527, 0.0 ], [ 51.655273286358039, 32.655736973787043, 0.0 ], [ 51.656335248053701, 32.655704039453248, 0.0 ], [ 51.657208118148503, 32.656213068219678, 0.0 ], [ 51.657240822441707, 32.656927295310567, 0.0 ], [ 51.657289158771512, 32.657998502346928, 0.0 ], [ 51.657320065606008, 32.65871234827334, 0.0 ], [ 51.656263623969757, 32.658923458868003, 0.0 ], [ 51.65520393909231, 32.6589566551432, 0.0 ], [ 51.654355312530228, 32.658983198562979, 0.0 ], [ 51.65329566911911, 32.659016947536429, 0.0 ], [ 51.652235750179813, 32.659050347506117, 0.0 ], [ 51.65138780611457, 32.659077056861712, 0.0 ], [ 51.650539877139252, 32.659103743979252, 0.0 ], [ 51.649479960102077, 32.659137120080153, 0.0 ], [ 51.649871938978052, 32.658409688245086, 0.0 ] ] ] } },
{ "type": "Feature", "properties": { "Name": "Untitled Polygon", "description": null, "timestamp": null, "begin": null, "end": null, "altitudeMode": null, "tessellate": 1, "extrude": 0, "visibility": -1, "drawOrder": null, "icon": null, "class": 1 }, "geometry": { "type": "Polygon", "coordinates": [ [ [ 51.697809077820267, 32.68103174050681, 0.0 ], [ 51.70030708162016, 32.679879438943338, 0.0 ], [ 51.699774840487031, 32.682220311677291, 0.0 ], [ 51.697809077820267, 32.68103174050681, 0.0 ] ] ] } },
{ "type": "Feature", "properties": { "Name": "Untitled Polygon", "description": null, "timestamp": null, "begin": null, "end": null, "altitudeMode": null, "tessellate": 1, "extrude": 0, "visibility": -1, "drawOrder": null, "icon": null, "class": 1 }, "geometry": { "type": "Polygon", "coordinates": [ [ [ 51.701683713757248, 32.672681114450278, 0.0 ], [ 51.70280048926179, 32.673896983442049, 0.0 ], [ 51.699706261300683, 32.675963825536961, 0.0 ], [ 51.701683713757248, 32.672681114450278, 0.0 ] ] ] } },
{ "type": "Feature", "properties": { "Name": "Untitled Polygon", "description": null, "timestamp": null, "begin": null, "end": null, "altitudeMode": null, "tessellate": 1, "extrude": 0, "visibility": -1, "drawOrder": null, "icon": null, "class": 1 }, "geometry": { "type": "Polygon", "coordinates": [ [ [ 51.709003146224212, 32.670123386319908, 0.0 ], [ 51.712705789189201, 32.672150949863713, 0.0 ], [ 51.709311773809638, 32.672259249678227, 0.0 ], [ 51.709003146224212, 32.670123386319908, 0.0 ] ] ] } },
{ "type": "Feature", "properties": { "Name": "Untitled Polygon", "description": null, "timestamp": null, "begin": null, "end": null, "altitudeMode": null, "tessellate": 1, "extrude": 0, "visibility": -1, "drawOrder": null, "icon": null, "class": 1 }, "geometry": { "type": "Polygon", "coordinates": [ [ [ 51.679001236166037, 32.6784069450771, 0.0 ], [ 51.678657024770111, 32.680205544792933, 0.0 ], [ 51.676456179649932, 32.678487324527303, 0.0 ], [ 51.679001236166037, 32.6784069450771, 0.0 ] ] ] } },
{ "type": "Feature", "properties": { "Name": "10", "description": null, "timestamp": null, "begin": null, "end": null, "altitudeMode": null, "tessellate": 1, "extrude": 0, "visibility": -1, "drawOrder": null, "icon": null, "class": 1 }, "geometry": { "type": "Polygon", "coordinates": [ [ [ 51.653362827613243, 32.67492471483709, 0.0 ], [ 51.65429043767508, 32.676683166720828, 0.0 ], [ 51.650895325875737, 32.676790201981703, 0.0 ], [ 51.653362827613243, 32.67492471483709, 0.0 ] ] ] } },
{ "type": "Feature", "properties": { "Name": "Untitled Polygon", "description": null, "timestamp": null, "begin": null, "end": null, "altitudeMode": null, "tessellate": 1, "extrude": 0, "visibility": -1, "drawOrder": null, "icon": null, "class": 1 }, "geometry": { "type": "Polygon", "coordinates": [ [ [ 51.6476452266877, 32.665629998806523, 0.0 ], [ 51.647810155216952, 32.669378686917483, 0.0 ], [ 51.645046095519866, 32.66446038053563, 0.0 ], [ 51.6476452266877, 32.665629998806523, 0.0 ] ] ] } },
{ "type": "Feature", "properties": { "Name": "Untitled Polygon", "description": null, "timestamp": null, "begin": null, "end": null, "altitudeMode": null, "tessellate": 1, "extrude": 0, "visibility": -1, "drawOrder": null, "icon": null, "class": 1 }, "geometry": { "type": "Polygon", "coordinates": [ [ [ 51.601037025343167, 32.682817012783282, 0.0 ], [ 51.600947796097323, 32.685680359755992, 0.0 ], [ 51.598167155902061, 32.685230279943639, 0.0 ], [ 51.601037025343167, 32.682817012783282, 0.0 ] ] ] } },
{ "type": "Feature", "properties": { "Name": "Untitled Polygon", "description": null, "timestamp": null, "begin": null, "end": null, "altitudeMode": null, "tessellate": 1, "extrude": 0, "visibility": -1, "drawOrder": null, "icon": null, "class": 1 }, "geometry": { "type": "Polygon", "coordinates": [ [ [ 51.637049416262919, 32.704940383734588, 0.0 ], [ 51.639113482164632, 32.708453729350147, 0.0 ], [ 51.63583071739766, 32.706230571774682, 0.0 ], [ 51.637049416262919, 32.704940383734588, 0.0 ] ] ] } },
{ "type": "Feature", "properties": { "Name": "Untitled Polygon", "description": null, "timestamp": null, "begin": null, "end": null, "altitudeMode": null, "tessellate": 1, "extrude": 0, "visibility": -1, "drawOrder": null, "icon": null, "class": 1 }, "geometry": { "type": "Polygon", "coordinates": [ [ [ 51.644722413800963, 32.710426047558137, 0.0 ], [ 51.647582744027197, 32.712662125281689, 0.0 ], [ 51.643921225397342, 32.711523940327112, 0.0 ], [ 51.644722413800963, 32.710426047558137, 0.0 ] ] ] } },
{ "type": "Feature", "properties": { "Name": "Untitled Polygon", "description": null, "timestamp": null, "begin": null, "end": null, "altitudeMode": null, "tessellate": 1, "extrude": 0, "visibility": -1, "drawOrder": null, "icon": null, "class": 1 }, "geometry": { "type": "Polygon", "coordinates": [ [ [ 51.67378485907021, 32.666235663032758, 0.0 ], [ 51.676841656338937, 32.668105620810458, 0.0 ], [ 51.67387951856697, 32.668378123139263, 0.0 ], [ 51.67378485907021, 32.666235663032758, 0.0 ] ] ] } },
{ "type": "Feature", "properties": { "Name": "Untitled Polygon", "description": null, "timestamp": null, "begin": null, "end": null, "altitudeMode": null, "tessellate": 1, "extrude": 0, "visibility": -1, "drawOrder": null, "icon": null, "class": 1 }, "geometry": { "type": "Polygon", "coordinates": [ [ [ 51.695952762994807, 32.686990907029077, 0.0 ], [ 51.697982234074722, 32.689609695602293, 0.0 ], [ 51.694375173008808, 32.689723873391827, 0.0 ], [ 51.695952762994807, 32.686990907029077, 0.0 ] ] ] } },
{ "type": "Feature", "properties": { "Name": "Untitled Polygon", "description": null, "timestamp": null, "begin": null, "end": null, "altitudeMode": null, "tessellate": 1, "extrude": 0, "visibility": -1, "drawOrder": null, "icon": null, "class": 1 }, "geometry": { "type": "Polygon", "coordinates": [ [ [ 51.660367435253747, 32.67005608129157, 0.0 ], [ 51.660055233411448, 32.672568676925813, 0.0 ], [ 51.658253205779737, 32.670301497303981, 0.0 ], [ 51.660367435253747, 32.67005608129157, 0.0 ] ] ] } },
{ "type": "Feature", "properties": { "Name": "Untitled Polygon", "description": null, "timestamp": null, "begin": null, "end": null, "altitudeMode": null, "tessellate": 1, "extrude": 0, "visibility": -1, "drawOrder": null, "icon": null, "class": 1 }, "geometry": { "type": "Polygon", "coordinates": [ [ [ 51.64730142587171, 32.633999219046842, 0.0 ], [ 51.646991358782401, 32.636687616929613, 0.0 ], [ 51.644990645984677, 32.634606398692888, 0.0 ], [ 51.64730142587171, 32.633999219046842, 0.0 ] ] ] } },
{ "type": "Feature", "properties": { "Name": "Untitled Polygon", "description": null, "timestamp": null, "begin": null, "end": null, "altitudeMode": null, "tessellate": 1, "extrude": 0, "visibility": -1, "drawOrder": null, "icon": null, "class": 1 }, "geometry": { "type": "Polygon", "coordinates": [ [ [ 51.63759511081588, 32.625375753052097, 0.0 ], [ 51.636614404762383, 32.627367536083987, 0.0 ], [ 51.63571433180693, 32.626146397545817, 0.0 ], [ 51.63759511081588, 32.625375753052097, 0.0 ] ] ] } },
{ "type": "Feature", "properties": { "Name": "20", "description": null, "timestamp": null, "begin": null, "end": null, "altitudeMode": null, "tessellate": 1, "extrude": 0, "visibility": -1, "drawOrder": null, "icon": null, "class": 1 }, "geometry": { "type": "Polygon", "coordinates": [ [ [ 51.649228110336793, 32.648775308267908, 0.0 ], [ 51.651425383508908, 32.650493144636251, 0.0 ], [ 51.648260468784038, 32.650773980680341, 0.0 ], [ 51.649228110336793, 32.648775308267908, 0.0 ] ] ] } },
{ "type": "Feature", "properties": { "Name": "Untitled Polygon", "description": null, "timestamp": null, "begin": null, "end": null, "altitudeMode": null, "tessellate": 1, "extrude": 0, "visibility": -1, "drawOrder": null, "icon": null, "class": 1 }, "geometry": { "type": "Polygon", "coordinates": [ [ [ 51.688494603474908, 32.64377787812824, 0.0 ], [ 51.688402737491323, 32.646463043811274, 0.0 ], [ 51.686014377990062, 32.645287382807069, 0.0 ], [ 51.688494603474908, 32.64377787812824, 0.0 ] ] ] } },
{ "type": "Feature", "properties": { "Name": "Untitled Polygon", "description": null, "timestamp": null, "begin": null, "end": null, "altitudeMode": null, "tessellate": 1, "extrude": 0, "visibility": -1, "drawOrder": null, "icon": null, "class": 1 }, "geometry": { "type": "Polygon", "coordinates": [ [ [ 51.68365792918177, 32.654302124872089, 0.0 ], [ 51.686014739554871, 32.654763959812207, 0.0 ], [ 51.684657188484039, 32.657666954201282, 0.0 ], [ 51.68365792918177, 32.654302124872089, 0.0 ] ] ] } },
{ "type": "Feature", "properties": { "Name": "Untitled Polygon", "description": null, "timestamp": null, "begin": null, "end": null, "altitudeMode": null, "tessellate": 1, "extrude": 0, "visibility": -1, "drawOrder": null, "icon": null, "class": 1 }, "geometry": { "type": "Polygon", "coordinates": [ [ [ 51.700009808618503, 32.654319166408129, 0.0 ], [ 51.702062447629572, 32.657471883968093, 0.0 ], [ 51.696932667977869, 32.656740546209889, 0.0 ], [ 51.700009808618503, 32.654319166408129, 0.0 ] ] ] } },
{ "type": "Feature", "properties": { "Name": "Untitled Polygon", "description": null, "timestamp": null, "begin": null, "end": null, "altitudeMode": null, "tessellate": 1, "extrude": 0, "visibility": -1, "drawOrder": null, "icon": null, "class": 1 }, "geometry": { "type": "Polygon", "coordinates": [ [ [ 51.70130315904678, 32.668938512728062, 0.0 ], [ 51.705301002364322, 32.668095749190442, 0.0 ], [ 51.703904656851059, 32.670107004113113, 0.0 ], [ 51.70130315904678, 32.668938512728062, 0.0 ] ] ] } },
{ "type": "Feature", "properties": { "Name": "Untitled Polygon", "description": null, "timestamp": null, "begin": null, "end": null, "altitudeMode": null, "tessellate": 1, "extrude": 0, "visibility": -1, "drawOrder": null, "icon": null, "class": 1 }, "geometry": { "type": "Polygon", "coordinates": [ [ [ 51.664944092117707, 32.667945403988043, 0.0 ], [ 51.665471505257607, 32.670252781299808, 0.0 ], [ 51.663028417538008, 32.667826965190123, 0.0 ], [ 51.664944092117707, 32.667945403988043, 0.0 ] ] ] } },
{ "type": "Feature", "properties": { "Name": "Untitled Polygon", "description": null, "timestamp": null, "begin": null, "end": null, "altitudeMode": null, "tessellate": 1, "extrude": 0, "visibility": -1, "drawOrder": null, "icon": null, "class": 1 }, "geometry": { "type": "Polygon", "coordinates": [ [ [ 51.652709302751127, 32.669760973561146, 0.0 ], [ 51.654082963035329, 32.672041855930061, 0.0 ], [ 51.651327635843003, 32.672128420929361, 0.0 ], [ 51.652709302751127, 32.669760973561146, 0.0 ] ] ] } },
{ "type": "Feature", "properties": { "Name": "Untitled Polygon", "description": null, "timestamp": null, "begin": null, "end": null, "altitudeMode": null, "tessellate": 1, "extrude": 0, "visibility": -1, "drawOrder": null, "icon": null, "class": 1 }, "geometry": { "type": "Polygon", "coordinates": [ [ [ 51.678638887710598, 32.656069415857438, 0.0 ], [ 51.680234188698293, 32.658521677254093, 0.0 ], [ 51.67688129676965, 32.659522030810962, 0.0 ], [ 51.678638887710598, 32.656069415857438, 0.0 ] ] ] } },
{ "type": "Feature", "properties": { "Name": "Untitled Polygon", "description": null, "timestamp": null, "begin": null, "end": null, "altitudeMode": null, "tessellate": 1, "extrude": 0, "visibility": -1, "drawOrder": null, "icon": null, "class": 1 }, "geometry": { "type": "Polygon", "coordinates": [ [ [ 51.681641798853093, 32.680469087279107, 0.0 ], [ 51.683237574068777, 32.682922302242979, 0.0 ], [ 51.679192552986983, 32.682691920130537, 0.0 ], [ 51.681641798853093, 32.680469087279107, 0.0 ] ] ] } },
{ "type": "Feature", "properties": { "Name": "Untitled Polygon", "description": null, "timestamp": null, "begin": null, "end": null, "altitudeMode": null, "tessellate": 1, "extrude": 0, "visibility": -1, "drawOrder": null, "icon": null, "class": 1 }, "geometry": { "type": "Polygon", "coordinates": [ [ [ 51.652923963895908, 32.660989402199093, 0.0 ], [ 51.654488673942659, 32.662728973960398, 0.0 ], [ 51.650442291030082, 32.662498628483029, 0.0 ], [ 51.652923963895908, 32.660989402199093, 0.0 ] ] ] } },
{ "type": "Feature", "properties": { "Name": "30", "description": null, "timestamp": null, "begin": null, "end": null, "altitudeMode": null, "tessellate": 1, "extrude": 0, "visibility": -1, "drawOrder": null, "icon": null, "class": 1 }, "geometry": { "type": "Polygon", "coordinates": [ [ [ 51.646720404522391, 32.655281232235843, 0.0 ], [ 51.64827726453629, 32.656842201129102, 0.0 ], [ 51.645516059052341, 32.656928502609837, 0.0 ], [ 51.646720404522391, 32.655281232235843, 0.0 ] ] ] } },
{ "type": "Feature", "properties": { "Name": "Untitled Polygon", "description": null, "timestamp": null, "begin": null, "end": null, "altitudeMode": null, "tessellate": 1, "extrude": 0, "visibility": -1, "drawOrder": null, "icon": null, "class": 1 }, "geometry": { "type": "Polygon", "coordinates": [ [ [ 51.652886218195498, 32.636301925702142, 0.0 ], [ 51.653419826109058, 32.638788702842142, 0.0 ], [ 51.651045770680263, 32.637968420896428, 0.0 ], [ 51.652886218195498, 32.636301925702142, 0.0 ] ] ] } },
{ "type": "Feature", "properties": { "Name": "Untitled Polygon", "description": null, "timestamp": null, "begin": null, "end": null, "altitudeMode": null, "tessellate": 1, "extrude": 0, "visibility": -1, "drawOrder": null, "icon": null, "class": 1 }, "geometry": { "type": "Polygon", "coordinates": [ [ [ 51.689501288118052, 32.656969879600723, 0.0 ], [ 51.690437974947812, 32.658908005001663, 0.0 ], [ 51.6870659403315, 32.659551356824387, 0.0 ], [ 51.689501288118052, 32.656969879600723, 0.0 ] ] ] } },
{ "type": "Feature", "properties": { "Name": "Untitled Polygon", "description": null, "timestamp": null, "begin": null, "end": null, "altitudeMode": null, "tessellate": 1, "extrude": 0, "visibility": -1, "drawOrder": null, "icon": null, "class": 1 }, "geometry": { "type": "Polygon", "coordinates": [ [ [ 51.692016867974147, 32.689455781514383, 0.0 ], [ 51.694252250964908, 32.691890254242637, 0.0 ], [ 51.691688466543511, 32.691613406659187, 0.0 ], [ 51.692016867974147, 32.689455781514383, 0.0 ] ] ] } },
{ "type": "Feature", "properties": { "Name": "Untitled Polygon", "description": null, "timestamp": null, "begin": null, "end": null, "altitudeMode": null, "tessellate": 1, "extrude": 0, "visibility": -1, "drawOrder": null, "icon": null, "class": 1 }, "geometry": { "type": "Polygon", "coordinates": [ [ [ 51.670042821375461, 32.673329932465919, 0.0 ], [ 51.669777248126728, 32.676916427435067, 0.0 ], [ 51.666908820861472, 32.674501878786323, 0.0 ], [ 51.670042821375461, 32.673329932465919, 0.0 ] ] ] } },
{ "type": "Feature", "properties": { "Name": "Untitled Polygon", "description": null, "timestamp": null, "begin": null, "end": null, "altitudeMode": null, "tessellate": 1, "extrude": 0, "visibility": -1, "drawOrder": null, "icon": null, "class": 1 }, "geometry": { "type": "Polygon", "coordinates": [ [ [ 51.671516053486883, 32.629994171223899, 0.0 ], [ 51.671491867387303, 32.634285073758363, 0.0 ], [ 51.669354752848612, 32.633994955430367, 0.0 ], [ 51.671516053486883, 32.629994171223899, 0.0 ] ] ] } },
{ "type": "Feature", "properties": { "Name": "Untitled Polygon", "description": null, "timestamp": null, "begin": null, "end": null, "altitudeMode": null, "tessellate": 1, "extrude": 0, "visibility": -1, "drawOrder": null, "icon": null, "class": 1 }, "geometry": { "type": "Polygon", "coordinates": [ [ [ 51.683227795823939, 32.630694167421233, 0.0 ], [ 51.685019819403152, 32.632782573194802, 0.0 ], [ 51.67696044910668, 32.633039998176073, 0.0 ], [ 51.683227795823939, 32.630694167421233, 0.0 ] ] ] } },
{ "type": "Feature", "properties": { "Name": "Untitled Polygon", "description": null, "timestamp": null, "begin": null, "end": null, "altitudeMode": null, "tessellate": 1, "extrude": 0, "visibility": -1, "drawOrder": null, "icon": null, "class": 1 }, "geometry": { "type": "Polygon", "coordinates": [ [ [ 51.67285520893833, 32.62656129282432, 0.0 ], [ 51.673596491103261, 32.629033475937277, 0.0 ], [ 51.670984883252913, 32.627512684089183, 0.0 ], [ 51.67285520893833, 32.62656129282432, 0.0 ] ] ] } },
{ "type": "Feature", "properties": { "Name": "Untitled Polygon", "description": null, "timestamp": null, "begin": null, "end": null, "altitudeMode": null, "tessellate": 1, "extrude": 0, "visibility": -1, "drawOrder": null, "icon": null, "class": 1 }, "geometry": { "type": "Polygon", "coordinates": [ [ [ 51.641874724753549, 32.632178959530357, 0.0 ], [ 51.643087977200381, 32.635715519096642, 0.0 ], [ 51.640278133141081, 32.634553228222288, 0.0 ], [ 51.641874724753549, 32.632178959530357, 0.0 ] ] ] } },
{ "type": "Feature", "properties": { "Name": "Untitled Polygon", "description": null, "timestamp": null, "begin": null, "end": null, "altitudeMode": null, "tessellate": 1, "extrude": 0, "visibility": -1, "drawOrder": null, "icon": null, "class": 1 }, "geometry": { "type": "Polygon", "coordinates": [ [ [ 51.641812783838311, 32.625575289212499, 0.0 ], [ 51.641021317771447, 32.627026321583052, 0.0 ], [ 51.640083916722773, 32.624913547591078, 0.0 ], [ 51.641812783838311, 32.625575289212499, 0.0 ] ] ] } },
{ "type": "Feature", "properties": { "Name": "40", "description": null, "timestamp": null, "begin": null, "end": null, "altitudeMode": null, "tessellate": 1, "extrude": 0, "visibility": -1, "drawOrder": null, "icon": null, "class": 1 }, "geometry": { "type": "Polygon", "coordinates": [ [ [ 51.643988385188592, 32.621586464496481, 0.0 ], [ 51.6447399044158, 32.624414700711718, 0.0 ], [ 51.642150007343837, 32.623424710463922, 0.0 ], [ 51.643988385188592, 32.621586464496481, 0.0 ] ] ] } },
{ "type": "Feature", "properties": { "Name": "Untitled Polygon", "description": null, "timestamp": null, "begin": null, "end": null, "altitudeMode": null, "tessellate": 1, "extrude": 0, "visibility": -1, "drawOrder": null, "icon": null, "class": 1 }, "geometry": { "type": "Polygon", "coordinates": [ [ [ 51.630824886017081, 32.62163788909065, 0.0 ], [ 51.629786347336051, 32.62738101829391, 0.0 ], [ 51.627326655637091, 32.624247574650553, 0.0 ], [ 51.630824886017081, 32.62163788909065, 0.0 ] ] ] } },
{ "type": "Feature", "properties": { "Name": "Untitled Polygon", "description": null, "timestamp": null, "begin": null, "end": null, "altitudeMode": null, "tessellate": 1, "extrude": 0, "visibility": -1, "drawOrder": null, "icon": null, "class": 1 }, "geometry": { "type": "Polygon", "coordinates": [ [ [ 51.669946042197182, 32.617928210761143, 0.0 ], [ 51.669210410462561, 32.620621368405381, 0.0 ], [ 51.66828803119467, 32.618869895656857, 0.0 ], [ 51.669946042197182, 32.617928210761143, 0.0 ] ] ] } },
{ "type": "Feature", "properties": { "Name": "Untitled Polygon", "description": null, "timestamp": null, "begin": null, "end": null, "altitudeMode": null, "tessellate": 1, "extrude": 0, "visibility": -1, "drawOrder": null, "icon": null, "class": 1 }, "geometry": { "type": "Polygon", "coordinates": [ [ [ 51.661205526461721, 32.632283557444133, 0.0 ], [ 51.658471323634522, 32.632906204925909, 0.0 ], [ 51.657768415595683, 32.626494751766508, 0.0 ], [ 51.661205526461721, 32.632283557444133, 0.0 ] ] ] } },
{ "type": "Feature", "properties": { "Name": "Untitled Polygon", "description": null, "timestamp": null, "begin": null, "end": null, "altitudeMode": null, "tessellate": 1, "extrude": 0, "visibility": -1, "drawOrder": null, "icon": null, "class": 1 }, "geometry": { "type": "Polygon", "coordinates": [ [ [ 51.695081721338433, 32.629777781338731, 0.0 ], [ 51.691595633929069, 32.632573279264513, 0.0 ], [ 51.691216443681768, 32.628831483853702, 0.0 ], [ 51.695081721338433, 32.629777781338731, 0.0 ] ] ] } },
{ "type": "Feature", "properties": { "Name": "Untitled Polygon", "description": null, "timestamp": null, "begin": null, "end": null, "altitudeMode": null, "tessellate": 1, "extrude": 0, "visibility": -1, "drawOrder": null, "icon": null, "class": 1 }, "geometry": { "type": "Polygon", "coordinates": [ [ [ 51.659292786153799, 32.646653590547913, 0.0 ], [ 51.657315097667137, 32.649935839545677, 0.0 ], [ 51.655481851377608, 32.646952547622952, 0.0 ], [ 51.659292786153799, 32.646653590547913, 0.0 ] ] ] } },
{ "type": "Feature", "properties": { "Name": "Untitled Polygon", "description": null, "timestamp": null, "begin": null, "end": null, "altitudeMode": null, "tessellate": 1, "extrude": 0, "visibility": -1, "drawOrder": null, "icon": null, "class": 1 }, "geometry": { "type": "Polygon", "coordinates": [ [ [ 51.639439202314342, 32.668384245418892, 0.0 ], [ 51.638440694179032, 32.669846966403639, 0.0 ], [ 51.637953970295783, 32.668430803870628, 0.0 ], [ 51.639439202314342, 32.668384245418892, 0.0 ] ] ] } },
{ "type": "Feature", "properties": { "Name": "Untitled Polygon", "description": null, "timestamp": null, "begin": null, "end": null, "altitudeMode": null, "tessellate": 1, "extrude": 0, "visibility": -1, "drawOrder": null, "icon": null, "class": 1 }, "geometry": { "type": "Polygon", "coordinates": [ [ [ 51.57983084675169, 32.680434569808277, 0.0 ], [ 51.578028279726027, 32.682994851052193, 0.0 ], [ 51.578085859717781, 32.679415370525398, 0.0 ], [ 51.57983084675169, 32.680434569808277, 0.0 ] ] ] } },
{ "type": "Feature", "properties": { "Name": "Untitled Polygon", "description": null, "timestamp": null, "begin": null, "end": null, "altitudeMode": null, "tessellate": 1, "extrude": 0, "visibility": -1, "drawOrder": null, "icon": null, "class": 1 }, "geometry": { "type": "Polygon", "coordinates": [ [ [ 51.603794175788373, 32.684347660745857, 0.0 ], [ 51.606151578689513, 32.684811574897857, 0.0 ], [ 51.605419363787739, 32.68751813207323, 0.0 ], [ 51.603794175788373, 32.684347660745857, 0.0 ] ] ] } },
{ "type": "Feature", "properties": { "Name": "Untitled Polygon", "description": null, "timestamp": null, "begin": null, "end": null, "altitudeMode": null, "tessellate": 1, "extrude": 0, "visibility": -1, "drawOrder": null, "icon": null, "class": 1 }, "geometry": { "type": "Polygon", "coordinates": [ [ [ 51.602071805333857, 32.678852996229253, 0.0 ], [ 51.600670455418239, 32.680864937238873, 0.0 ], [ 51.599737673615962, 32.67892528178502, 0.0 ], [ 51.602071805333857, 32.678852996229253, 0.0 ] ] ] } },
{ "type": "Feature", "properties": { "Name": "50", "description": null, "timestamp": null, "begin": null, "end": null, "altitudeMode": null, "tessellate": 1, "extrude": 0, "visibility": -1, "drawOrder": null, "icon": null, "class": 1 }, "geometry": { "type": "Polygon", "coordinates": [ [ [ 51.575869750661639, 32.677337463198661, 0.0 ], [ 51.574696236345758, 32.679699340036223, 0.0 ], [ 51.573746729391857, 32.677403151918668, 0.0 ], [ 51.575869750661639, 32.677337463198661, 0.0 ] ] ] } },
{ "type": "Feature", "properties": { "Name": "Untitled Polygon", "description": null, "timestamp": null, "begin": null, "end": null, "altitudeMode": null, "tessellate": 1, "extrude": 0, "visibility": -1, "drawOrder": null, "icon": null, "class": 1 }, "geometry": { "type": "Polygon", "coordinates": [ [ [ 51.617856811774963, 32.699839123745683, 0.0 ], [ 51.619870982645857, 32.697270860245709, 0.0 ], [ 51.620215713708419, 32.700302664125957, 0.0 ], [ 51.617856811774963, 32.699839123745683, 0.0 ] ] ] } },
{ "type": "Feature", "properties": { "Name": "Untitled Polygon", "description": null, "timestamp": null, "begin": null, "end": null, "altitudeMode": null, "tessellate": 1, "extrude": 0, "visibility": -1, "drawOrder": null, "icon": null, "class": 1 }, "geometry": { "type": "Polygon", "coordinates": [ [ [ 51.644014817986523, 32.719432376012143, 0.0 ], [ 51.647131922240369, 32.717722303104694, 0.0 ], [ 51.646839595727073, 32.720775930594613, 0.0 ], [ 51.644014817986523, 32.719432376012143, 0.0 ] ] ] } },
{ "type": "Feature", "properties": { "Name": "Untitled Polygon", "description": null, "timestamp": null, "begin": null, "end": null, "altitudeMode": null, "tessellate": 1, "extrude": 0, "visibility": -1, "drawOrder": null, "icon": null, "class": 1 }, "geometry": { "type": "Polygon", "coordinates": [ [ [ 51.672982075992422, 32.720315331262221, 0.0 ], [ 51.674872049724009, 32.719716211534227, 0.0 ], [ 51.676414758390607, 32.72092083558536, 0.0 ], [ 51.672982075992422, 32.720315331262221, 0.0 ] ] ] } },
{ "type": "Feature", "properties": { "Name": "Untitled Polygon", "description": null, "timestamp": null, "begin": null, "end": null, "altitudeMode": null, "tessellate": 1, "extrude": 0, "visibility": -1, "drawOrder": null, "icon": null, "class": 1 }, "geometry": { "type": "Polygon", "coordinates": [ [ [ 51.677816063177247, 32.690079963840773, 0.0 ], [ 51.677950467252082, 32.693118704033402, 0.0 ], [ 51.675700555343283, 32.690326103393431, 0.0 ], [ 51.677816063177247, 32.690079963840773, 0.0 ] ] ] } },
{ "type": "Feature", "properties": { "Name": "Untitled Polygon", "description": null, "timestamp": null, "begin": null, "end": null, "altitudeMode": null, "tessellate": 1, "extrude": 0, "visibility": -1, "drawOrder": null, "icon": null, "class": 1 }, "geometry": { "type": "Polygon", "coordinates": [ [ [ 51.629084363191588, 32.693939483499577, 0.0 ], [ 51.631693579664322, 32.695290107133303, 0.0 ], [ 51.629608643063712, 32.696250690152283, 0.0 ], [ 51.629084363191588, 32.693939483499577, 0.0 ] ] ] } },
{ "type": "Feature", "properties": { "Name": "Untitled Polygon", "description": null, "timestamp": null, "begin": null, "end": null, "altitudeMode": null, "tessellate": 1, "extrude": 0, "visibility": -1, "drawOrder": null, "icon": null, "class": 1 }, "geometry": { "type": "Polygon", "coordinates": [ [ [ 51.696099526792771, 32.633685064134752, 0.0 ], [ 51.697456134887211, 32.630779098447761, 0.0 ], [ 51.698626734992459, 32.633244996409779, 0.0 ], [ 51.696099526792771, 32.633685064134752, 0.0 ] ] ] } },
{ "type": "Feature", "properties": { "Name": "Untitled Polygon", "description": null, "timestamp": null, "begin": null, "end": null, "altitudeMode": null, "tessellate": 1, "extrude": 0, "visibility": -1, "drawOrder": null, "icon": null, "class": 1 }, "geometry": { "type": "Polygon", "coordinates": [ [ [ 51.699969956230589, 32.629983624327402, 0.0 ], [ 51.701563861470753, 32.627608600221293, 0.0 ], [ 51.703372081417562, 32.630053499047477, 0.0 ], [ 51.699969956230589, 32.629983624327402, 0.0 ] ] ] } },
{ "type": "Feature", "properties": { "Name": "Untitled Polygon", "description": null, "timestamp": null, "begin": null, "end": null, "altitudeMode": null, "tessellate": 1, "extrude": 0, "visibility": -1, "drawOrder": null, "icon": null, "class": 1 }, "geometry": { "type": "Polygon", "coordinates": [ [ [ 51.678783666989077, 32.626191532323681, 0.0 ], [ 51.68216826285834, 32.625905458919171, 0.0 ], [ 51.680994253723789, 32.628264834502232, 0.0 ], [ 51.678783666989077, 32.626191532323681, 0.0 ] ] ] } },
{ "type": "Feature", "properties": { "Name": "Untitled Polygon", "description": null, "timestamp": null, "begin": null, "end": null, "altitudeMode": null, "tessellate": 1, "extrude": 0, "visibility": -1, "drawOrder": null, "icon": null, "class": 1 }, "geometry": { "type": "Polygon", "coordinates": [ [ [ 51.673264162046131, 32.631191597145452, 0.0 ], [ 51.675148035846647, 32.630594984311919, 0.0 ], [ 51.675730276699319, 32.634153815450667, 0.0 ], [ 51.673264162046131, 32.631191597145452, 0.0 ] ] ] } },
{ "type": "Feature", "properties": { "Name": "60", "description": null, "timestamp": null, "begin": null, "end": null, "altitudeMode": null, "tessellate": 1, "extrude": 0, "visibility": -1, "drawOrder": null, "icon": null, "class": 1 }, "geometry": { "type": "Polygon", "coordinates": [ [ [ 51.674323717877662, 32.674276685457357, 0.0 ], [ 51.675526575550229, 32.672627544945144, 0.0 ], [ 51.679478455504338, 32.675548514288181, 0.0 ], [ 51.674323717877662, 32.674276685457357, 0.0 ] ] ] } },
{ "type": "Feature", "properties": { "Name": "Untitled Polygon", "description": null, "timestamp": null, "begin": null, "end": null, "altitudeMode": null, "tessellate": 1, "extrude": 0, "visibility": -1, "drawOrder": null, "icon": null, "class": 1 }, "geometry": { "type": "Polygon", "coordinates": [ [ [ 51.673131991814969, 32.661787704608592, 0.0 ], [ 51.674067474749613, 32.663726756350719, 0.0 ], [ 51.67061058684412, 32.662403845617298, 0.0 ], [ 51.673131991814969, 32.661787704608592, 0.0 ] ] ] } },
{ "type": "Feature", "properties": { "Name": "Untitled Polygon", "description": null, "timestamp": null, "begin": null, "end": null, "altitudeMode": null, "tessellate": 1, "extrude": 0, "visibility": -1, "drawOrder": null, "icon": null, "class": 1 }, "geometry": { "type": "Polygon", "coordinates": [ [ [ 51.688863697089978, 32.652342239703508, 0.0 ], [ 51.689592258403323, 32.649635682121087, 0.0 ], [ 51.691865680899951, 32.65296268429244, 0.0 ], [ 51.688863697089978, 32.652342239703508, 0.0 ] ] ] } },
{ "type": "Feature", "properties": { "Name": "Untitled Polygon", "description": null, "timestamp": null, "begin": null, "end": null, "altitudeMode": null, "tessellate": 1, "extrude": 0, "visibility": -1, "drawOrder": null, "icon": null, "class": 1 }, "geometry": { "type": "Polygon", "coordinates": [ [ [ 51.677198023748467, 32.648060884778701, 0.0 ], [ 51.678294299480051, 32.644090294834712, 0.0 ], [ 51.680380461974522, 32.647960010338771, 0.0 ], [ 51.677198023748467, 32.648060884778701, 0.0 ] ] ] } },
{ "type": "Feature", "properties": { "Name": "Untitled Polygon", "description": null, "timestamp": null, "begin": null, "end": null, "altitudeMode": null, "tessellate": 1, "extrude": 0, "visibility": -1, "drawOrder": null, "icon": null, "class": 1 }, "geometry": { "type": "Polygon", "coordinates": [ [ [ 51.659552917474677, 32.638242138709728, 0.0 ], [ 51.662325202978323, 32.638512346891069, 0.0 ], [ 51.662205324561967, 32.640662717857992, 0.0 ], [ 51.659552917474677, 32.638242138709728, 0.0 ] ] ] } },
{ "type": "Feature", "properties": { "Name": "Untitled Polygon", "description": null, "timestamp": null, "begin": null, "end": null, "altitudeMode": null, "tessellate": 1, "extrude": 0, "visibility": -1, "drawOrder": null, "icon": null, "class": 1 }, "geometry": { "type": "Polygon", "coordinates": [ [ [ 51.669898871300759, 32.636842149266052, 0.0 ], [ 51.671816209876873, 32.636960434853393, 0.0 ], [ 51.668522118955451, 32.639390152119887, 0.0 ], [ 51.669898871300759, 32.636842149266052, 0.0 ] ] ] } },
{ "type": "Feature", "properties": { "Name": "Untitled Polygon", "description": null, "timestamp": null, "begin": null, "end": null, "altitudeMode": null, "tessellate": 1, "extrude": 0, "visibility": -1, "drawOrder": null, "icon": null, "class": 1 }, "geometry": { "type": "Polygon", "coordinates": [ [ [ 51.648388009449377, 32.630545389603327, 0.0 ], [ 51.651498195732593, 32.628837806972541, 0.0 ], [ 51.651852876281943, 32.63222386421198, 0.0 ], [ 51.648388009449377, 32.630545389603327, 0.0 ] ] ] } },
{ "type": "Feature", "properties": { "Name": "Untitled Polygon", "description": null, "timestamp": null, "begin": null, "end": null, "altitudeMode": null, "tessellate": 1, "extrude": 0, "visibility": -1, "drawOrder": null, "icon": null, "class": 1 }, "geometry": { "type": "Polygon", "coordinates": [ [ [ 51.652748719053932, 32.63326895078071, 0.0 ], [ 51.653504625536357, 32.631099082850113, 0.0 ], [ 51.655107350173843, 32.633731639590458, 0.0 ], [ 51.652748719053932, 32.63326895078071, 0.0 ] ] ] } },
{ "type": "Feature", "properties": { "Name": "Untitled Polygon", "description": null, "timestamp": null, "begin": null, "end": null, "altitudeMode": null, "tessellate": 1, "extrude": 0, "visibility": -1, "drawOrder": null, "icon": null, "class": 1 }, "geometry": { "type": "Polygon", "coordinates": [ [ [ 51.64025594209631, 32.629191099664517, 0.0 ], [ 51.64418738219296, 32.626566847528643, 0.0 ], [ 51.643800659060069, 32.632655922620351, 0.0 ], [ 51.64025594209631, 32.629191099664517, 0.0 ] ] ] } },
{ "type": "Feature", "properties": { "Name": "Untitled Polygon", "description": null, "timestamp": null, "begin": null, "end": null, "altitudeMode": null, "tessellate": 1, "extrude": 0, "visibility": -1, "drawOrder": null, "icon": null, "class": 1 }, "geometry": { "type": "Polygon", "coordinates": [ [ [ 51.621327977061839, 32.622818180691027, 0.0 ], [ 51.623644904717509, 32.622211872404158, 0.0 ], [ 51.624810361731349, 32.625030873296872, 0.0 ], [ 51.621327977061839, 32.622818180691027, 0.0 ] ] ] } },
{ "type": "Feature", "properties": { "Name": "70", "description": null, "timestamp": null, "begin": null, "end": null, "altitudeMode": null, "tessellate": 1, "extrude": 0, "visibility": -1, "drawOrder": null, "icon": null, "class": 1 }, "geometry": { "type": "Polygon", "coordinates": [ [ [ 51.635929735907183, 32.632366431890091, 0.0 ], [ 51.637320941499489, 32.630176469254458, 0.0 ], [ 51.63794150279822, 32.634628800341453, 0.0 ], [ 51.635929735907183, 32.632366431890091, 0.0 ] ] ] } },
{ "type": "Feature", "properties": { "Name": "Untitled Polygon", "description": null, "timestamp": null, "begin": null, "end": null, "altitudeMode": null, "tessellate": 1, "extrude": 0, "visibility": -1, "drawOrder": null, "icon": null, "class": 1 }, "geometry": { "type": "Polygon", "coordinates": [ [ [ 51.66169199183296, 32.657674275850141, 0.0 ], [ 51.665901538299252, 32.65682647286733, 0.0 ], [ 51.666271706661007, 32.660393261526153, 0.0 ], [ 51.66169199183296, 32.657674275850141, 0.0 ] ] ] } },
{ "type": "Feature", "properties": { "Name": "Untitled Polygon", "description": null, "timestamp": null, "begin": null, "end": null, "altitudeMode": null, "tessellate": 1, "extrude": 0, "visibility": -1, "drawOrder": null, "icon": null, "class": 1 }, "geometry": { "type": "Polygon", "coordinates": [ [ [ 51.662590597518928, 32.634925979988033, 0.0 ], [ 51.663941480783919, 32.63667211042732, 0.0 ], [ 51.661407087288509, 32.636931494412757, 0.0 ], [ 51.662590597518928, 32.634925979988033, 0.0 ] ] ] } },
{ "type": "Feature", "properties": { "Name": "Untitled Polygon", "description": null, "timestamp": null, "begin": null, "end": null, "altitudeMode": null, "tessellate": 1, "extrude": 0, "visibility": -1, "drawOrder": null, "icon": null, "class": 1 }, "geometry": { "type": "Polygon", "coordinates": [ [ [ 51.692580671281263, 32.645247387182152, 0.0 ], [ 51.69973126968349, 32.643588572621788, 0.0 ], [ 51.697786398829457, 32.647586308281006, 0.0 ], [ 51.692580671281263, 32.645247387182152, 0.0 ] ] ] } },
{ "type": "Feature", "properties": { "Name": "Untitled Polygon", "description": null, "timestamp": null, "begin": null, "end": null, "altitudeMode": null, "tessellate": 1, "extrude": 0, "visibility": -1, "drawOrder": null, "icon": null, "class": 1 }, "geometry": { "type": "Polygon", "coordinates": [ [ [ 51.67957447480088, 32.672858443658342, 0.0 ], [ 51.675603310841467, 32.669583333376558, 0.0 ], [ 51.680282733691882, 32.669612801524217, 0.0 ], [ 51.67957447480088, 32.672858443658342, 0.0 ] ] ] } },
{ "type": "Feature", "properties": { "Name": "Untitled Polygon", "description": null, "timestamp": null, "begin": null, "end": null, "altitudeMode": null, "tessellate": 1, "extrude": 0, "visibility": -1, "drawOrder": null, "icon": null, "class": 1 }, "geometry": { "type": "Polygon", "coordinates": [ [ [ 51.65653912990296, 32.661235261361867, 0.0 ], [ 51.65712137344979, 32.659963852024227, 0.0 ], [ 51.658283994251391, 32.662253575635027, 0.0 ], [ 51.65653912990296, 32.661235261361867, 0.0 ] ] ] } },
{ "type": "Feature", "properties": { "Name": "Untitled Polygon", "description": null, "timestamp": null, "begin": null, "end": null, "altitudeMode": null, "tessellate": 1, "extrude": 0, "visibility": -1, "drawOrder": null, "icon": null, "class": 1 }, "geometry": { "type": "Polygon", "coordinates": [ [ [ 51.706038822567393, 32.698868364046639, 0.0 ], [ 51.708122125656573, 32.69790879859044, 0.0 ], [ 51.708463176753369, 32.700762756482384, 0.0 ], [ 51.706038822567393, 32.698868364046639, 0.0 ] ] ] } },
{ "type": "Feature", "properties": { "Name": "Untitled Polygon", "description": null, "timestamp": null, "begin": null, "end": null, "altitudeMode": null, "tessellate": 1, "extrude": 0, "visibility": -1, "drawOrder": null, "icon": null, "class": 1 }, "geometry": { "type": "Polygon", "coordinates": [ [ [ 51.703813163760657, 32.682472187000378, 0.0 ], [ 51.706745123586558, 32.681485866050807, 0.0 ], [ 51.706890232753572, 32.684699160275599, 0.0 ], [ 51.703813163760657, 32.682472187000378, 0.0 ] ] ] } },
{ "type": "Feature", "properties": { "Name": "Untitled Polygon", "description": null, "timestamp": null, "begin": null, "end": null, "altitudeMode": null, "tessellate": 1, "extrude": 0, "visibility": -1, "drawOrder": null, "icon": null, "class": 1 }, "geometry": { "type": "Polygon", "coordinates": [ [ [ 51.707987925905059, 32.657102148070408, 0.0 ], [ 51.712019908397757, 32.656974188020968, 0.0 ], [ 51.71232871640904, 32.659111602042763, 0.0 ], [ 51.707987925905059, 32.657102148070408, 0.0 ] ] ] } },
{ "type": "Feature", "properties": { "Name": "Untitled Polygon", "description": null, "timestamp": null, "begin": null, "end": null, "altitudeMode": null, "tessellate": 1, "extrude": 0, "visibility": -1, "drawOrder": null, "icon": null, "class": 1 }, "geometry": { "type": "Polygon", "coordinates": [ [ [ 51.710328088566513, 32.647724208198071, 0.0 ], [ 51.715256890331723, 32.648639753246002, 0.0 ], [ 51.711281484130197, 32.65001957439911, 0.0 ], [ 51.710328088566513, 32.647724208198071, 0.0 ] ] ] } },
{ "type": "Feature", "properties": { "Name": "80", "description": null, "timestamp": null, "begin": null, "end": null, "altitudeMode": null, "tessellate": 1, "extrude": 0, "visibility": -1, "drawOrder": null, "icon": null, "class": 1 }, "geometry": { "type": "Polygon", "coordinates": [ [ [ 51.666849842427673, 32.625139946588341, 0.0 ], [ 51.668914079629637, 32.623647665706301, 0.0 ], [ 51.668826453325693, 32.626685564742402, 0.0 ], [ 51.666849842427673, 32.625139946588341, 0.0 ] ] ] } },
{ "type": "Feature", "properties": { "Name": "Untitled Polygon", "description": null, "timestamp": null, "begin": null, "end": null, "altitudeMode": null, "tessellate": 1, "extrude": 0, "visibility": -1, "drawOrder": null, "icon": null, "class": 1 }, "geometry": { "type": "Polygon", "coordinates": [ [ [ 51.686381157966757, 32.630059974509258, 0.0 ], [ 51.688533767586101, 32.630706921341798, 0.0 ], [ 51.68779618488194, 32.633234291474658, 0.0 ], [ 51.686381157966757, 32.630059974509258, 0.0 ] ] ] } },
{ "type": "Feature", "properties": { "Name": "Untitled Polygon", "description": null, "timestamp": null, "begin": null, "end": null, "altitudeMode": null, "tessellate": 1, "extrude": 0, "visibility": -1, "drawOrder": null, "icon": null, "class": 1 }, "geometry": { "type": "Polygon", "coordinates": [ [ [ 51.708918742138707, 32.668346175280597, 0.0 ], [ 51.714028884167419, 32.668542111339598, 0.0 ], [ 51.71429755579031, 32.669786367989801, 0.0 ], [ 51.708918742138707, 32.668346175280597, 0.0 ] ] ] } },
{ "type": "Feature", "properties": { "Name": "Untitled Polygon", "description": null, "timestamp": null, "begin": null, "end": null, "altitudeMode": null, "tessellate": 1, "extrude": 0, "visibility": -1, "drawOrder": null, "icon": null, "class": 1 }, "geometry": { "type": "Polygon", "coordinates": [ [ [ 51.721935465642453, 32.660057515261038, 0.0 ], [ 51.725831303612559, 32.656891483762223, 0.0 ], [ 51.725984681567823, 32.660286399178659, 0.0 ], [ 51.721935465642453, 32.660057515261038, 0.0 ] ] ] } },
{ "type": "Feature", "properties": { "Name": "Untitled Polygon", "description": null, "timestamp": null, "begin": null, "end": null, "altitudeMode": null, "tessellate": 1, "extrude": 0, "visibility": -1, "drawOrder": null, "icon": null, "class": 1 }, "geometry": { "type": "Polygon", "coordinates": [ [ [ 51.715630285271182, 32.652206272632668, 0.0 ], [ 51.718888256892868, 32.649060472587323, 0.0 ], [ 51.718609177626149, 32.652291139083843, 0.0 ], [ 51.715630285271182, 32.652206272632668, 0.0 ] ] ] } },
{ "type": "Feature", "properties": { "Name": "Untitled Polygon", "description": null, "timestamp": null, "begin": null, "end": null, "altitudeMode": null, "tessellate": 1, "extrude": 0, "visibility": -1, "drawOrder": null, "icon": null, "class": 1 }, "geometry": { "type": "Polygon", "coordinates": [ [ [ 51.754421240760358, 32.659019607536813, 0.0 ], [ 51.756436986871243, 32.651973067271861, 0.0 ], [ 51.759698954683209, 32.653479841539742, 0.0 ], [ 51.754421240760358, 32.659019607536813, 0.0 ] ] ] } },
{ "type": "Feature", "properties": { "Name": "Untitled Polygon", "description": null, "timestamp": null, "begin": null, "end": null, "altitudeMode": null, "tessellate": 1, "extrude": 0, "visibility": -1, "drawOrder": null, "icon": null, "class": 1 }, "geometry": { "type": "Polygon", "coordinates": [ [ [ 51.75003537424076, 32.646809567442773, 0.0 ], [ 51.755173274279493, 32.647539275066627, 0.0 ], [ 51.754501943576862, 32.651498402550423, 0.0 ], [ 51.75003537424076, 32.646809567442773, 0.0 ] ] ] } },
{ "type": "Feature", "properties": { "Name": "Untitled Polygon", "description": null, "timestamp": null, "begin": null, "end": null, "altitudeMode": null, "tessellate": 1, "extrude": 0, "visibility": -1, "drawOrder": null, "icon": null, "class": 1 }, "geometry": { "type": "Polygon", "coordinates": [ [ [ 51.647137349092063, 32.645788277435052, 0.0 ], [ 51.648955292010783, 32.643763797155927, 0.0 ], [ 51.652471170342302, 32.646336884994618, 0.0 ], [ 51.647137349092063, 32.645788277435052, 0.0 ] ] ] } },
{ "type": "Feature", "properties": { "Name": "Untitled Polygon", "description": null, "timestamp": null, "begin": null, "end": null, "altitudeMode": null, "tessellate": 1, "extrude": 0, "visibility": -1, "drawOrder": null, "icon": null, "class": 1 }, "geometry": { "type": "Polygon", "coordinates": [ [ [ 51.657783218278801, 32.674795890585621, 0.0 ], [ 51.664520191082381, 32.673331034209568, 0.0 ], [ 51.665438881659441, 32.674912329767288, 0.0 ], [ 51.657783218278801, 32.674795890585621, 0.0 ] ] ] } },
{ "type": "Feature", "properties": { "Name": "Untitled Polygon", "description": null, "timestamp": null, "begin": null, "end": null, "altitudeMode": null, "tessellate": 1, "extrude": 0, "visibility": -1, "drawOrder": null, "icon": null, "class": 1 }, "geometry": { "type": "Polygon", "coordinates": [ [ [ 51.666738541641372, 32.670756729905463, 0.0 ], [ 51.66763188470506, 32.666971409487282, 0.0 ], [ 51.670540670406787, 32.670278926719817, 0.0 ], [ 51.666738541641372, 32.670756729905463, 0.0 ] ] ] } },
{ "type": "Feature", "properties": { "Name": "90", "description": null, "timestamp": null, "begin": null, "end": null, "altitudeMode": null, "tessellate": 1, "extrude": 0, "visibility": -1, "drawOrder": null, "icon": null, "class": 1 }, "geometry": { "type": "Polygon", "coordinates": [ [ [ 51.69003849060099, 32.678789290609302, 0.0 ], [ 51.694712662940269, 32.673808475317657, 0.0 ], [ 51.695901700988308, 32.681466418797797, 0.0 ], [ 51.69003849060099, 32.678789290609302, 0.0 ] ] ] } },
{ "type": "Feature", "properties": { "Name": "Untitled Polygon", "description": null, "timestamp": null, "begin": null, "end": null, "altitudeMode": null, "tessellate": 1, "extrude": 0, "visibility": -1, "drawOrder": null, "icon": null, "class": 1 }, "geometry": { "type": "Polygon", "coordinates": [ [ [ 51.682811173966769, 32.649852697853817, 0.0 ], [ 51.685278803919978, 32.647985619887137, 0.0 ], [ 51.68618564404715, 32.65403974647316, 0.0 ], [ 51.682811173966769, 32.649852697853817, 0.0 ] ] ] } },
{ "type": "Feature", "properties": { "Name": "Untitled Polygon", "description": null, "timestamp": null, "begin": null, "end": null, "altitudeMode": null, "tessellate": 1, "extrude": 0, "visibility": -1, "drawOrder": null, "icon": null, "class": 1 }, "geometry": { "type": "Polygon", "coordinates": [ [ [ 51.691786281521303, 32.670143521369148, 0.0 ], [ 51.695624875114532, 32.660895342256353, 0.0 ], [ 51.695028096053683, 32.671293237775387, 0.0 ], [ 51.691786281521303, 32.670143521369148, 0.0 ] ] ] } },
{ "type": "Feature", "properties": { "Name": "Untitled Polygon", "description": null, "timestamp": null, "begin": null, "end": null, "altitudeMode": null, "tessellate": 1, "extrude": 0, "visibility": -1, "drawOrder": null, "icon": null, "class": 1 }, "geometry": { "type": "Polygon", "coordinates": [ [ [ 51.687654384017947, 32.687096522510657, 0.0 ], [ 51.691220973648491, 32.6860890704871, 0.0 ], [ 51.689920364909142, 32.690246189734097, 0.0 ], [ 51.687654384017947, 32.687096522510657, 0.0 ] ] ] } },
{ "type": "Feature", "properties": { "Name": "Untitled Polygon", "description": null, "timestamp": null, "begin": null, "end": null, "altitudeMode": null, "tessellate": 1, "extrude": 0, "visibility": -1, "drawOrder": null, "icon": null, "class": 1 }, "geometry": { "type": "Polygon", "coordinates": [ [ [ 51.524734508517852, 32.690131215492897, 0.0 ], [ 51.526556960390757, 32.686971674248078, 0.0 ], [ 51.529952297073933, 32.690521436913443, 0.0 ], [ 51.524734508517852, 32.690131215492897, 0.0 ] ] ] } },
{ "type": "Feature", "properties": { "Name": "Untitled Polygon", "description": null, "timestamp": null, "begin": null, "end": null, "altitudeMode": null, "tessellate": 1, "extrude": 0, "visibility": -1, "drawOrder": null, "icon": null, "class": 1 }, "geometry": { "type": "Polygon", "coordinates": [ [ [ 51.530797613252624, 32.679358494443377, 0.0 ], [ 51.534535905331431, 32.675413090352279, 0.0 ], [ 51.535513881268841, 32.678119915210218, 0.0 ], [ 51.530797613252624, 32.679358494443377, 0.0 ] ] ] } },
{ "type": "Feature", "properties": { "Name": "Untitled Polygon", "description": null, "timestamp": null, "begin": null, "end": null, "altitudeMode": null, "tessellate": 1, "extrude": 0, "visibility": -1, "drawOrder": null, "icon": null, "class": 1 }, "geometry": { "type": "Polygon", "coordinates": [ [ [ 51.53982183666124, 32.682733676698952, 0.0 ], [ 51.544492905162947, 32.680400827795111, 0.0 ], [ 51.544613036210997, 32.683318137194448, 0.0 ], [ 51.53982183666124, 32.682733676698952, 0.0 ] ] ] } },
{ "type": "Feature", "properties": { "Name": "Untitled Polygon", "description": null, "timestamp": null, "begin": null, "end": null, "altitudeMode": null, "tessellate": 1, "extrude": 0, "visibility": -1, "drawOrder": null, "icon": null, "class": 1 }, "geometry": { "type": "Polygon", "coordinates": [ [ [ 51.545236288144643, 32.677458382074249, 0.0 ], [ 51.548639131739122, 32.675894178179263, 0.0 ], [ 51.548931695808683, 32.677709883059507, 0.0 ], [ 51.545236288144643, 32.677458382074249, 0.0 ] ] ] } },
{ "type": "Feature", "properties": { "Name": "Untitled Polygon", "description": null, "timestamp": null, "begin": null, "end": null, "altitudeMode": null, "tessellate": 1, "extrude": 0, "visibility": -1, "drawOrder": null, "icon": null, "class": 1 }, "geometry": { "type": "Polygon", "coordinates": [ [ [ 51.526253469393041, 32.684789480392801, 0.0 ], [ 51.52880557074765, 32.683616531398577, 0.0 ], [ 51.528924611997553, 32.686533941448523, 0.0 ], [ 51.526253469393041, 32.684789480392801, 0.0 ] ] ] } },
{ "type": "Feature", "properties": { "Name": "Untitled Polygon", "description": null, "timestamp": null, "begin": null, "end": null, "altitudeMode": null, "tessellate": 1, "extrude": 0, "visibility": -1, "drawOrder": null, "icon": null, "class": 1 }, "geometry": { "type": "Polygon", "coordinates": [ [ [ 51.448271018713747, 32.581248531446469, 0.0 ], [ 51.44998229223178, 32.578844883640762, 0.0 ], [ 51.45201564213599, 32.580970913623098, 0.0 ], [ 51.448271018713747, 32.581248531446469, 0.0 ] ] ] } },
{ "type": "Feature", "properties": { "Name": "100", "description": null, "timestamp": null, "begin": null, "end": null, "altitudeMode": null, "tessellate": 1, "extrude": 0, "visibility": -1, "drawOrder": null, "icon": null, "class": 1 }, "geometry": { "type": "Polygon", "coordinates": [ [ [ 51.355060299635632, 32.640242265449963, 0.0 ], [ 51.356390001675969, 32.635469891952042, 0.0 ], [ 51.358511661258291, 32.640142235697908, 0.0 ], [ 51.355060299635632, 32.640242265449963, 0.0 ] ] ] } },
{ "type": "Feature", "properties": { "Name": "Untitled Polygon", "description": null, "timestamp": null, "begin": null, "end": null, "altitudeMode": null, "tessellate": 1, "extrude": 0, "visibility": -1, "drawOrder": null, "icon": null, "class": 1 }, "geometry": { "type": "Polygon", "coordinates": [ [ [ 51.36223430416544, 32.641491457950657, 0.0 ], [ 51.364956148161347, 32.639226717652363, 0.0 ], [ 51.365560792866013, 32.643763478959407, 0.0 ], [ 51.36223430416544, 32.641491457950657, 0.0 ] ] ] } },
{ "type": "Feature", "properties": { "Name": "Untitled Polygon", "description": null, "timestamp": null, "begin": null, "end": null, "altitudeMode": null, "tessellate": 1, "extrude": 0, "visibility": -1, "drawOrder": null, "icon": null, "class": 1 }, "geometry": { "type": "Polygon", "coordinates": [ [ [ 51.357184341488789, 32.633626474023302, 0.0 ], [ 51.359162402872769, 32.628837350986927, 0.0 ], [ 51.360622398225701, 32.633162343741162, 0.0 ], [ 51.357184341488789, 32.633626474023302, 0.0 ] ] ] } },
{ "type": "Feature", "properties": { "Name": "Untitled Polygon", "description": null, "timestamp": null, "begin": null, "end": null, "altitudeMode": null, "tessellate": 1, "extrude": 0, "visibility": -1, "drawOrder": null, "icon": null, "class": 1 }, "geometry": { "type": "Polygon", "coordinates": [ [ [ 51.362416960116597, 32.634930407015979, 0.0 ], [ 51.366006645762361, 32.632823317415493, 0.0 ], [ 51.367092709835497, 32.638618236446419, 0.0 ], [ 51.362416960116597, 32.634930407015979, 0.0 ] ] ] } },
{ "type": "Feature", "properties": { "Name": "Untitled Polygon", "description": null, "timestamp": null, "begin": null, "end": null, "altitudeMode": null, "tessellate": 1, "extrude": 0, "visibility": -1, "drawOrder": null, "icon": null, "class": 1 }, "geometry": { "type": "Polygon", "coordinates": [ [ [ 51.370884648717428, 32.636140382502823, 0.0 ], [ 51.373144505751469, 32.633161231768788, 0.0 ], [ 51.37371734297956, 32.636786315095122, 0.0 ], [ 51.370884648717428, 32.636140382502823, 0.0 ] ] ] } },
{ "type": "Feature", "properties": { "Name": "Untitled Polygon", "description": null, "timestamp": null, "begin": null, "end": null, "altitudeMode": null, "tessellate": 1, "extrude": 0, "visibility": -1, "drawOrder": null, "icon": null, "class": 1 }, "geometry": { "type": "Polygon", "coordinates": [ [ [ 51.363724982900891, 32.629613893558151, 0.0 ], [ 51.367736204465388, 32.627313053768887, 0.0 ], [ 51.368913229477187, 32.629826270588943, 0.0 ], [ 51.363724982900891, 32.629613893558151, 0.0 ] ] ] } },
{ "type": "Feature", "properties": { "Name": "Untitled Polygon", "description": null, "timestamp": null, "begin": null, "end": null, "altitudeMode": null, "tessellate": 1, "extrude": 0, "visibility": -1, "drawOrder": null, "icon": null, "class": 1 }, "geometry": { "type": "Polygon", "coordinates": [ [ [ 51.370291387567697, 32.631970181509388, 0.0 ], [ 51.371695087609417, 32.629198922155886, 0.0 ], [ 51.375503293860717, 32.63272826430542, 0.0 ], [ 51.370291387567697, 32.631970181509388, 0.0 ] ] ] } },
{ "type": "Feature", "properties": { "Name": "Untitled Polygon", "description": null, "timestamp": null, "begin": null, "end": null, "altitudeMode": null, "tessellate": 1, "extrude": 0, "visibility": -1, "drawOrder": null, "icon": null, "class": 1 }, "geometry": { "type": "Polygon", "coordinates": [ [ [ 51.360880634483877, 32.628605203376146, 0.0 ], [ 51.36215285330924, 32.628022175368692, 0.0 ], [ 51.362535753802078, 32.632378535684857, 0.0 ], [ 51.360880634483877, 32.628605203376146, 0.0 ] ] ] } },
{ "type": "Feature", "properties": { "Name": "Untitled Polygon", "description": null, "timestamp": null, "begin": null, "end": null, "altitudeMode": null, "tessellate": 1, "extrude": 0, "visibility": -1, "drawOrder": null, "icon": null, "class": 1 }, "geometry": { "type": "Polygon", "coordinates": [ [ [ 51.359451988548841, 32.636473184819067, 0.0 ], [ 51.362346573731507, 32.638756144903176, 0.0 ], [ 51.360320445449688, 32.642275569919548, 0.0 ], [ 51.359451988548841, 32.636473184819067, 0.0 ] ] ] } },
{ "type": "Feature", "properties": { "Name": "Untitled Polygon", "description": null, "timestamp": null, "begin": null, "end": null, "altitudeMode": null, "tessellate": 1, "extrude": 0, "visibility": -1, "drawOrder": null, "icon": null, "class": 1 }, "geometry": { "type": "Polygon", "coordinates": [ [ [ 51.328731782661393, 32.64591551788422, 0.0 ], [ 51.329908902851997, 32.642787154449032, 0.0 ], [ 51.332241323913507, 32.647453778501053, 0.0 ], [ 51.328731782661393, 32.64591551788422, 0.0 ] ] ] } },
{ "type": "Feature", "properties": { "Name": "110", "description": null, "timestamp": null, "begin": null, "end": null, "altitudeMode": null, "tessellate": 1, "extrude": 0, "visibility": -1, "drawOrder": null, "icon": null, "class": 1 }, "geometry": { "type": "Polygon", "coordinates": [ [ [ 51.453356495356161, 32.582024415032507, 0.0 ], [ 51.458487997949369, 32.580595164152733, 0.0 ], [ 51.460932148232878, 32.5821624465136, 0.0 ], [ 51.453356495356161, 32.582024415032507, 0.0 ] ] ] } },
{ "type": "Feature", "properties": { "Name": "Untitled Polygon", "description": null, "timestamp": null, "begin": null, "end": null, "altitudeMode": null, "tessellate": 1, "extrude": 0, "visibility": -1, "drawOrder": null, "icon": null, "class": 1 }, "geometry": { "type": "Polygon", "coordinates": [ [ [ 51.458382512654083, 32.578047029239983, 0.0 ], [ 51.460711478859999, 32.576883920220617, 0.0 ], [ 51.46169780732103, 32.579770002577817, 0.0 ], [ 51.458382512654083, 32.578047029239983, 0.0 ] ] ] } },
{ "type": "Feature", "properties": { "Name": "Untitled Polygon", "description": null, "timestamp": null, "begin": null, "end": null, "altitudeMode": null, "tessellate": 1, "extrude": 0, "visibility": -1, "drawOrder": null, "icon": null, "class": 1 }, "geometry": { "type": "Polygon", "coordinates": [ [ [ 51.456197628596847, 32.572283391026012, 0.0 ], [ 51.45811041136411, 32.571497618040759, 0.0 ], [ 51.457561229805762, 32.573881834710647, 0.0 ], [ 51.456197628596847, 32.572283391026012, 0.0 ] ] ] } },
{ "type": "Feature", "properties": { "Name": "Untitled Polygon", "description": null, "timestamp": null, "begin": null, "end": null, "altitudeMode": null, "tessellate": 1, "extrude": 0, "visibility": -1, "drawOrder": null, "icon": null, "class": 1 }, "geometry": { "type": "Polygon", "coordinates": [ [ [ 51.45236415836731, 32.573673039164433, 0.0 ], [ 51.45364454481615, 32.573270461891987, 0.0 ], [ 51.454389722146409, 32.575616021513028, 0.0 ], [ 51.45236415836731, 32.573673039164433, 0.0 ] ] ] } },
{ "type": "Feature", "properties": { "Name": "Untitled Polygon", "description": null, "timestamp": null, "begin": null, "end": null, "altitudeMode": null, "tessellate": 1, "extrude": 0, "visibility": -1, "drawOrder": null, "icon": null, "class": 1 }, "geometry": { "type": "Polygon", "coordinates": [ [ [ 51.45924303392745, 32.572738594891632, 0.0 ], [ 51.460746744231322, 32.572511195083507, 0.0 ], [ 51.461305988090103, 32.575590757636363, 0.0 ], [ 51.45924303392745, 32.572738594891632, 0.0 ] ] ] } },
{ "type": "Feature", "properties": { "Name": "Untitled Polygon", "description": null, "timestamp": null, "begin": null, "end": null, "altitudeMode": null, "tessellate": 1, "extrude": 0, "visibility": -1, "drawOrder": null, "icon": null, "class": 1 }, "geometry": { "type": "Polygon", "coordinates": [ [ [ 51.450212563596232, 32.573919487159323, 0.0 ], [ 51.451806189248977, 32.575875317915518, 0.0 ], [ 51.447711384362549, 32.576179948578947, 0.0 ], [ 51.450212563596232, 32.573919487159323, 0.0 ] ] ] } },
{ "type": "Feature", "properties": { "Name": "Untitled Polygon", "description": null, "timestamp": null, "begin": null, "end": null, "altitudeMode": null, "tessellate": 1, "extrude": 0, "visibility": -1, "drawOrder": null, "icon": null, "class": 1 }, "geometry": { "type": "Polygon", "coordinates": [ [ [ 51.45270549994386, 32.571477255559607, 0.0 ], [ 51.455182837765449, 32.568671579152301, 0.0 ], [ 51.455318902143723, 32.571945430501842, 0.0 ], [ 51.45270549994386, 32.571477255559607, 0.0 ] ] ] } },
{ "type": "Feature", "properties": { "Name": "Untitled Polygon", "description": null, "timestamp": null, "begin": null, "end": null, "altitudeMode": null, "tessellate": 1, "extrude": 0, "visibility": -1, "drawOrder": null, "icon": null, "class": 1 }, "geometry": { "type": "Polygon", "coordinates": [ [ [ 51.633028764456569, 32.62357515566427, 0.0 ], [ 51.635433583659427, 32.623689927765227, 0.0 ], [ 51.632755986788503, 32.626710303302779, 0.0 ], [ 51.633028764456569, 32.62357515566427, 0.0 ] ] ] } },
{ "type": "Feature", "properties": { "Name": "Untitled Polygon", "description": null, "timestamp": null, "begin": null, "end": null, "altitudeMode": null, "tessellate": 1, "extrude": 0, "visibility": -1, "drawOrder": null, "icon": null, "class": 1 }, "geometry": { "type": "Polygon", "coordinates": [ [ [ 51.666572731223383, 32.616821826958919, 0.0 ], [ 51.670647895467518, 32.615962600337667, 0.0 ], [ 51.674007065165149, 32.61823362900131, 0.0 ], [ 51.666572731223383, 32.616821826958919, 0.0 ] ] ] } },
{ "type": "Feature", "properties": { "Name": "Untitled Polygon", "description": null, "timestamp": null, "begin": null, "end": null, "altitudeMode": null, "tessellate": 1, "extrude": 0, "visibility": -1, "drawOrder": null, "icon": null, "class": 1 }, "geometry": { "type": "Polygon", "coordinates": [ [ [ 51.503532223436743, 32.639115053309389, 0.0 ], [ 51.500334780964018, 32.645981425760318, 0.0 ], [ 51.496139913905573, 32.644094785668187, 0.0 ], [ 51.503532223436743, 32.639115053309389, 0.0 ] ] ] } },
{ "type": "Feature", "properties": { "Name": "Untitled Polygon", "description": null, "timestamp": null, "begin": null, "end": null, "altitudeMode": null, "tessellate": 1, "extrude": 0, "visibility": -1, "drawOrder": null, "icon": null, "class": 1 }, "geometry": { "type": "Polygon", "coordinates": [ [ [ 51.436733766854573, 32.625578028381391, 0.0 ], [ 51.439297651700358, 32.624588477583238, 0.0 ], [ 51.439585137540661, 32.626588822914229, 0.0 ], [ 51.436733766854573, 32.625578028381391, 0.0 ] ] ] } },
{ "type": "Feature", "properties": { "Name": "120", "description": null, "timestamp": null, "begin": null, "end": null, "altitudeMode": null, "tessellate": 1, "extrude": 0, "visibility": -1, "drawOrder": null, "icon": null, "class": 1 }, "geometry": { "type": "Polygon", "coordinates": [ [ [ 51.454914786058801, 32.579290912790121, 0.0 ], [ 51.457200130022649, 32.576857916521433, 0.0 ], [ 51.457276948705321, 32.57885677592003, 0.0 ], [ 51.454914786058801, 32.579290912790121, 0.0 ] ] ] } },
{ "type": "Feature", "properties": { "Name": "Untitled Polygon", "description": null, "timestamp": null, "begin": null, "end": null, "altitudeMode": null, "tessellate": 1, "extrude": 0, "visibility": -1, "drawOrder": null, "icon": null, "class": 1 }, "geometry": { "type": "Polygon", "coordinates": [ [ [ 51.461951876949932, 32.582537033932873, 0.0 ], [ 51.462667284403942, 32.578694308434443, 0.0 ], [ 51.463881304155429, 32.58211536307136, 0.0 ], [ 51.461951876949932, 32.582537033932873, 0.0 ] ] ] } },
{ "type": "Feature", "properties": { "Name": "Untitled Polygon", "description": null, "timestamp": null, "begin": null, "end": null, "altitudeMode": null, "tessellate": 1, "extrude": 0, "visibility": -1, "drawOrder": null, "icon": null, "class": 1 }, "geometry": { "type": "Polygon", "coordinates": [ [ [ 51.552174891389491, 32.615345016755967, 0.0 ], [ 51.55552772143637, 32.612685916308052, 0.0 ], [ 51.557491475174508, 32.618106347444403, 0.0 ], [ 51.552174891389491, 32.615345016755967, 0.0 ] ] ] } },
{ "type": "Feature", "properties": { "Name": "Untitled Polygon", "description": null, "timestamp": null, "begin": null, "end": null, "altitudeMode": null, "tessellate": 1, "extrude": 0, "visibility": -1, "drawOrder": null, "icon": null, "class": 1 }, "geometry": { "type": "Polygon", "coordinates": [ [ [ 51.504497019605317, 32.778375456496789, 0.0 ], [ 51.508494680517899, 32.776073515515492, 0.0 ], [ 51.510552911663083, 32.779631057201243, 0.0 ], [ 51.504497019605317, 32.778375456496789, 0.0 ] ] ] } },
{ "type": "Feature", "properties": { "Name": "Untitled Polygon", "description": null, "timestamp": null, "begin": null, "end": null, "altitudeMode": null, "tessellate": 1, "extrude": 0, "visibility": -1, "drawOrder": null, "icon": null, "class": 1 }, "geometry": { "type": "Polygon", "coordinates": [ [ [ 51.510852378810327, 32.781979066493342, 0.0 ], [ 51.51580609287948, 32.776200700248211, 0.0 ], [ 51.517146861235418, 32.783413987051127, 0.0 ], [ 51.510852378810327, 32.781979066493342, 0.0 ] ] ] } },
{ "type": "Feature", "properties": { "Name": "Untitled Polygon", "description": null, "timestamp": null, "begin": null, "end": null, "altitudeMode": null, "tessellate": 1, "extrude": 0, "visibility": -1, "drawOrder": null, "icon": null, "class": 1 }, "geometry": { "type": "Polygon", "coordinates": [ [ [ 51.661939876016788, 32.803169784164808, 0.0 ], [ 51.663652879051249, 32.797639213197513, 0.0 ], [ 51.666798798170753, 32.80502556381407, 0.0 ], [ 51.661939876016788, 32.803169784164808, 0.0 ] ] ] } },
{ "type": "Feature", "properties": { "Name": "Untitled Polygon", "description": null, "timestamp": null, "begin": null, "end": null, "altitudeMode": null, "tessellate": 1, "extrude": 0, "visibility": -1, "drawOrder": null, "icon": null, "class": 1 }, "geometry": { "type": "Polygon", "coordinates": [ [ [ 51.619186607985498, 32.808889732126033, 0.0 ], [ 51.621080479080312, 32.796965719792993, 0.0 ], [ 51.624474622593119, 32.810734341512372, 0.0 ], [ 51.619186607985498, 32.808889732126033, 0.0 ] ] ] } },
{ "type": "Feature", "properties": { "Name": "Untitled Polygon", "description": null, "timestamp": null, "begin": null, "end": null, "altitudeMode": null, "tessellate": 1, "extrude": 0, "visibility": -1, "drawOrder": null, "icon": null, "class": 1 }, "geometry": { "type": "Polygon", "coordinates": [ [ [ 51.688376173806631, 32.801787806581608, 0.0 ], [ 51.698214605099643, 32.798371453686322, 0.0 ], [ 51.69762752453655, 32.804599120706847, 0.0 ], [ 51.688376173806631, 32.801787806581608, 0.0 ] ] ] } },
{ "type": "Feature", "properties": { "Name": "Untitled Polygon", "description": null, "timestamp": null, "begin": null, "end": null, "altitudeMode": null, "tessellate": 1, "extrude": 0, "visibility": -1, "drawOrder": null, "icon": null, "class": 1 }, "geometry": { "type": "Polygon", "coordinates": [ [ [ 51.703707495902009, 32.654772422669559, 0.0 ], [ 51.707678501107623, 32.651357743375293, 0.0 ], [ 51.706044950867792, 32.658719437939673, 0.0 ], [ 51.703707495902009, 32.654772422669559, 0.0 ] ] ] } },
{ "type": "Feature", "properties": { "Name": "Untitled Polygon", "description": null, "timestamp": null, "begin": null, "end": null, "altitudeMode": null, "tessellate": 1, "extrude": 0, "visibility": -1, "drawOrder": null, "icon": null, "class": 1 }, "geometry": { "type": "Polygon", "coordinates": [ [ [ 51.661725547001069, 32.651901620480153, 0.0 ], [ 51.664498462145232, 32.650717956637983, 0.0 ], [ 51.666661071926093, 32.655948310162572, 0.0 ], [ 51.661725547001069, 32.651901620480153, 0.0 ] ] ] } },
{ "type": "Feature", "properties": { "Name": "130", "description": null, "timestamp": null, "begin": null, "end": null, "altitudeMode": null, "tessellate": 1, "extrude": 0, "visibility": -1, "drawOrder": null, "icon": null, "class": 1 }, "geometry": { "type": "Polygon", "coordinates": [ [ [ 51.703755860656251, 32.676361779727223, 0.0 ], [ 51.708683207035143, 32.674738758047837, 0.0 ], [ 51.709047440172682, 32.678208995485633, 0.0 ], [ 51.703755860656251, 32.676361779727223, 0.0 ] ] ] } },
{ "type": "Feature", "properties": { "Name": "Untitled Polygon", "description": null, "timestamp": null, "begin": null, "end": null, "altitudeMode": null, "tessellate": 1, "extrude": 0, "visibility": -1, "drawOrder": null, "icon": null, "class": 1 }, "geometry": { "type": "Polygon", "coordinates": [ [ [ 51.730524488258709, 32.702107305673358, 0.0 ], [ 51.729316684478718, 32.699390934395552, 0.0 ], [ 51.734659219255491, 32.697197302875402, 0.0 ], [ 51.734773021433433, 32.699765447950178, 0.0 ], [ 51.730524488258709, 32.702107305673358, 0.0 ] ] ] } },
{ "type": "Feature", "properties": { "Name": "Untitled Polygon", "description": null, "timestamp": null, "begin": null, "end": null, "altitudeMode": null, "tessellate": 1, "extrude": 0, "visibility": -1, "drawOrder": null, "icon": null, "class": 1 }, "geometry": { "type": "Polygon", "coordinates": [ [ [ 51.727233740270187, 32.711401468931648, 0.0 ], [ 51.72926369093264, 32.712990398532163, 0.0 ], [ 51.726904023087869, 32.713801696018592, 0.0 ], [ 51.727233740270187, 32.711401468931648, 0.0 ] ] ] } },
{ "type": "Feature", "properties": { "Name": "Untitled Polygon", "description": null, "timestamp": null, "begin": null, "end": null, "altitudeMode": null, "tessellate": 1, "extrude": 0, "visibility": -1, "drawOrder": null, "icon": null, "class": 1 }, "geometry": { "type": "Polygon", "coordinates": [ [ [ 51.704751636504149, 32.689526703521572, 0.0 ], [ 51.709748720333899, 32.68955578284077, 0.0 ], [ 51.708515169099101, 32.691247974414473, 0.0 ], [ 51.704751636504149, 32.689526703521572, 0.0 ] ] ] } },
{ "type": "Feature", "properties": { "Name": "Untitled Polygon", "description": null, "timestamp": null, "begin": null, "end": null, "altitudeMode": null, "tessellate": 1, "extrude": 0, "visibility": -1, "drawOrder": null, "icon": null, "class": 1 }, "geometry": { "type": "Polygon", "coordinates": [ [ [ 51.712886030016982, 32.701749338953462, 0.0 ], [ 51.716425676756977, 32.703106149666191, 0.0 ], [ 51.71416276653185, 32.706116613981813, 0.0 ], [ 51.712886030016982, 32.701749338953462, 0.0 ] ] ] } },
{ "type": "Feature", "properties": { "Name": "Untitled Polygon", "description": null, "timestamp": null, "begin": null, "end": null, "altitudeMode": null, "tessellate": 1, "extrude": 0, "visibility": -1, "drawOrder": null, "icon": null, "class": 1 }, "geometry": { "type": "Polygon", "coordinates": [ [ [ 51.656517479563377, 32.700588439269801, 0.0 ], [ 51.658725675939891, 32.701437242343573, 0.0 ], [ 51.65639757849776, 32.702977491221702, 0.0 ], [ 51.656517479563377, 32.700588439269801, 0.0 ] ] ] } },
{ "type": "Feature", "properties": { "Name": "Untitled Polygon", "description": null, "timestamp": null, "begin": null, "end": null, "altitudeMode": null, "tessellate": 1, "extrude": 0, "visibility": -1, "drawOrder": null, "icon": null, "class": 1 }, "geometry": { "type": "Polygon", "coordinates": [ [ [ 51.540802641155722, 32.861555012985633, 0.0 ], [ 51.546867276947467, 32.861187528330262, 0.0 ], [ 51.54613869924107, 32.869787676696951, 0.0 ], [ 51.540802641155722, 32.861555012985633, 0.0 ] ] ] } },
{ "type": "Feature", "properties": { "Name": "Untitled Polygon", "description": null, "timestamp": null, "begin": null, "end": null, "altitudeMode": null, "tessellate": 1, "extrude": 0, "visibility": -1, "drawOrder": null, "icon": null, "class": 1 }, "geometry": { "type": "Polygon", "coordinates": [ [ [ 51.53336908467422, 32.860138939760681, 0.0 ], [ 51.536144264950117, 32.859142846153411, 0.0 ], [ 51.537108347396128, 32.861485112647529, 0.0 ], [ 51.53336908467422, 32.860138939760681, 0.0 ] ] ] } },
{ "type": "Feature", "properties": { "Name": "Untitled Polygon", "description": null, "timestamp": null, "begin": null, "end": null, "altitudeMode": null, "tessellate": 1, "extrude": 0, "visibility": -1, "drawOrder": null, "icon": null, "class": 1 }, "geometry": { "type": "Polygon", "coordinates": [ [ [ 51.546529607104567, 32.858278855654241, 0.0 ], [ 51.551213773249103, 32.850841635250987, 0.0 ], [ 51.553589669454787, 32.850586555838063, 0.0 ], [ 51.54783823931254, 32.858421286881111, 0.0 ], [ 51.546529607104567, 32.858278855654241, 0.0 ] ] ] } },
{ "type": "Feature", "properties": { "Name": "Untitled Polygon", "description": null, "timestamp": null, "begin": null, "end": null, "altitudeMode": null, "tessellate": 1, "extrude": 0, "visibility": -1, "drawOrder": null, "icon": null, "class": 1 }, "geometry": { "type": "Polygon", "coordinates": [ [ [ 51.528221669561589, 32.675359529254187, 0.0 ], [ 51.53138033227048, 32.673074712254092, 0.0 ], [ 51.53175525212378, 32.677076079746072, 0.0 ], [ 51.528221669561589, 32.675359529254187, 0.0 ] ] ] } },
{ "type": "Feature", "properties": { "Name": "140", "description": null, "timestamp": null, "begin": null, "end": null, "altitudeMode": null, "tessellate": 1, "extrude": 0, "visibility": -1, "drawOrder": null, "icon": null, "class": 1 }, "geometry": { "type": "Polygon", "coordinates": [ [ [ 51.609449423910362, 32.686293234527028, 0.0 ], [ 51.610050135133001, 32.684992536404657, 0.0 ], [ 51.611422867528518, 32.686781529566481, 0.0 ], [ 51.609449423910362, 32.686293234527028, 0.0 ] ] ] } },
{ "type": "Feature", "properties": { "Name": "Untitled Polygon", "description": null, "timestamp": null, "begin": null, "end": null, "altitudeMode": null, "tessellate": 1, "extrude": 0, "visibility": -1, "drawOrder": null, "icon": null, "class": 1 }, "geometry": { "type": "Polygon", "coordinates": [ [ [ 51.601679005318651, 32.682112708212117, 0.0 ], [ 51.602944426323731, 32.681161032099759, 0.0 ], [ 51.603891931709732, 32.683321564205272, 0.0 ], [ 51.601679005318651, 32.682112708212117, 0.0 ] ] ] } },
{ "type": "Feature", "properties": { "Name": "Untitled Polygon", "description": null, "timestamp": null, "begin": null, "end": null, "altitudeMode": null, "tessellate": 1, "extrude": 0, "visibility": -1, "drawOrder": null, "icon": null, "class": 1 }, "geometry": { "type": "Polygon", "coordinates": [ [ [ 51.648628276872117, 32.725754427018863, 0.0 ], [ 51.650897053830327, 32.722943484138817, 0.0 ], [ 51.651035137490886, 32.726227017098907, 0.0 ], [ 51.648628276872117, 32.725754427018863, 0.0 ] ] ] } },
{ "type": "Feature", "properties": { "Name": "Untitled Polygon", "description": null, "timestamp": null, "begin": null, "end": null, "altitudeMode": null, "tessellate": 1, "extrude": 0, "visibility": -1, "drawOrder": null, "icon": null, "class": 1 }, "geometry": { "type": "Polygon", "coordinates": [ [ [ 51.669361880768832, 32.683352963020873, 0.0 ], [ 51.674472562588079, 32.681372283706423, 0.0 ], [ 51.671619289545283, 32.685465154463422, 0.0 ], [ 51.669361880768832, 32.683352963020873, 0.0 ] ] ] } },
{ "type": "Feature", "properties": { "Name": "Untitled Polygon", "description": null, "timestamp": null, "begin": null, "end": null, "altitudeMode": null, "tessellate": 1, "extrude": 0, "visibility": -1, "drawOrder": null, "icon": null, "class": 1 }, "geometry": { "type": "Polygon", "coordinates": [ [ [ 51.647309223685141, 32.678956480762857, 0.0 ], [ 51.650019508390642, 32.676506803533371, 0.0 ], [ 51.649038284646913, 32.678901347009777, 0.0 ], [ 51.647309223685141, 32.678956480762857, 0.0 ] ] ] } },
{ "type": "Feature", "properties": { "Name": "Untitled Polygon", "description": null, "timestamp": null, "begin": null, "end": null, "altitudeMode": null, "tessellate": 1, "extrude": 0, "visibility": -1, "drawOrder": null, "icon": null, "class": 1 }, "geometry": { "type": "Polygon", "coordinates": [ [ [ 51.648432994153538, 32.669651397913157, 0.0 ], [ 51.651950556692988, 32.665905909509597, 0.0 ], [ 51.651271470281223, 32.670287989115877, 0.0 ], [ 51.648432994153538, 32.669651397913157, 0.0 ] ] ] } },
{ "type": "Feature", "properties": { "Name": "Untitled Polygon", "description": null, "timestamp": null, "begin": null, "end": null, "altitudeMode": null, "tessellate": 1, "extrude": 0, "visibility": -1, "drawOrder": null, "icon": null, "class": 1 }, "geometry": { "type": "Polygon", "coordinates": [ [ [ 51.676099669120511, 32.664224634510653, 0.0 ], [ 51.677716244549018, 32.661631169410043, 0.0 ], [ 51.678507613616361, 32.664873993417601, 0.0 ], [ 51.676099669120511, 32.664224634510653, 0.0 ] ] ] } },
{ "type": "Feature", "properties": { "Name": "Untitled Polygon", "description": null, "timestamp": null, "begin": null, "end": null, "altitudeMode": null, "tessellate": 1, "extrude": 0, "visibility": -1, "drawOrder": null, "icon": null, "class": 1 }, "geometry": { "type": "Polygon", "coordinates": [ [ [ 51.699618280191409, 32.648157401068282, 0.0 ], [ 51.70257053369648, 32.646425132443639, 0.0 ], [ 51.703156731548987, 32.649862743096087, 0.0 ], [ 51.699618280191409, 32.648157401068282, 0.0 ] ] ] } },
{ "type": "Feature", "properties": { "Name": "Untitled Polygon", "description": null, "timestamp": null, "begin": null, "end": null, "altitudeMode": null, "tessellate": 1, "extrude": 0, "visibility": -1, "drawOrder": null, "icon": null, "class": 1 }, "geometry": { "type": "Polygon", "coordinates": [ [ [ 51.651752198186273, 32.626064956477407, 0.0 ], [ 51.65472050519103, 32.624701823163043, 0.0 ], [ 51.654630028376033, 32.627959379421092, 0.0 ], [ 51.651752198186273, 32.626064956477407, 0.0 ] ] ] } },
{ "type": "Feature", "properties": { "Name": "Untitled Polygon", "description": null, "timestamp": null, "begin": null, "end": null, "altitudeMode": null, "tessellate": 1, "extrude": 0, "visibility": -1, "drawOrder": null, "icon": null, "class": 1 }, "geometry": { "type": "Polygon", "coordinates": [ [ [ 51.729182645226238, 32.716929307746717, 0.0 ], [ 51.728841378466527, 32.718955478894578, 0.0 ], [ 51.727722426036159, 32.71825845131643, 0.0 ], [ 51.729182645226238, 32.716929307746717, 0.0 ] ] ] } },
{ "type": "Feature", "properties": { "Name": "150", "description": null, "timestamp": null, "begin": null, "end": null, "altitudeMode": null, "tessellate": 1, "extrude": 0, "visibility": -1, "drawOrder": null, "icon": null, "class": 1 }, "geometry": { "type": "Polygon", "coordinates": [ [ [ 51.692067932964129, 32.658587213530438, 0.0 ], [ 51.69304506586704, 32.65618909482351, 0.0 ], [ 51.693981480665222, 32.657797061523908, 0.0 ], [ 51.692067932964129, 32.658587213530438, 0.0 ] ] ] } },
{ "type": "Feature", "properties": { "Name": "Untitled Polygon", "description": null, "timestamp": null, "begin": null, "end": null, "altitudeMode": null, "tessellate": 1, "extrude": 0, "visibility": -1, "drawOrder": null, "icon": null, "class": 1 }, "geometry": { "type": "Polygon", "coordinates": [ [ [ 51.646309723024679, 32.624970210888577, 0.0 ], [ 51.648174711957367, 32.622748032485873, 0.0 ], [ 51.649111591610243, 32.624705247019357, 0.0 ], [ 51.646309723024679, 32.624970210888577, 0.0 ] ] ] } },
{ "type": "Feature", "properties": { "Name": "Untitled Polygon", "description": null, "timestamp": null, "begin": null, "end": null, "altitudeMode": null, "tessellate": 1, "extrude": 0, "visibility": -1, "drawOrder": null, "icon": null, "class": 1 }, "geometry": { "type": "Polygon", "coordinates": [ [ [ 51.667106561913087, 32.631737630808402, 0.0 ], [ 51.668320562568788, 32.629706116686819, 0.0 ], [ 51.669112767937932, 32.633128942185458, 0.0 ], [ 51.667106561913087, 32.631737630808402, 0.0 ] ] ] } },
{ "type": "Feature", "properties": { "Name": "Untitled Polygon", "description": null, "timestamp": null, "begin": null, "end": null, "altitudeMode": null, "tessellate": 1, "extrude": 0, "visibility": -1, "drawOrder": null, "icon": null, "class": 1 }, "geometry": { "type": "Polygon", "coordinates": [ [ [ 51.655734664872533, 32.638998628930679, 0.0 ], [ 51.656472284524831, 32.63588906714886, 0.0 ], [ 51.657903403479573, 32.63911294763917, 0.0 ], [ 51.655734664872533, 32.638998628930679, 0.0 ] ] ] } },
{ "type": "Feature", "properties": { "Name": "Untitled Polygon", "description": null, "timestamp": null, "begin": null, "end": null, "altitudeMode": null, "tessellate": 1, "extrude": 0, "visibility": -1, "drawOrder": null, "icon": null, "class": 1 }, "geometry": { "type": "Polygon", "coordinates": [ [ [ 51.704999853401787, 32.628169197624153, 0.0 ], [ 51.70763620806806, 32.624277353239179, 0.0 ], [ 51.707158781183253, 32.628097156860903, 0.0 ], [ 51.704999853401787, 32.628169197624153, 0.0 ] ] ] } },
{ "type": "Feature", "properties": { "Name": "Untitled Polygon", "description": null, "timestamp": null, "begin": null, "end": null, "altitudeMode": null, "tessellate": 1, "extrude": 0, "visibility": -1, "drawOrder": null, "icon": null, "class": 1 }, "geometry": { "type": "Polygon", "coordinates": [ [ [ 51.715511621761522, 32.678980545228853, 0.0 ], [ 51.71645394361515, 32.675849659997468, 0.0 ], [ 51.719000709941838, 32.679416430022798, 0.0 ], [ 51.715511621761522, 32.678980545228853, 0.0 ] ] ] } },
{ "type": "Feature", "properties": { "Name": "Untitled Polygon", "description": null, "timestamp": null, "begin": null, "end": null, "altitudeMode": null, "tessellate": 1, "extrude": 0, "visibility": -1, "drawOrder": null, "icon": null, "class": 1 }, "geometry": { "type": "Polygon", "coordinates": [ [ [ 51.507956365564723, 32.556490436562648, 0.0 ], [ 51.508627040336393, 32.55230359603496, 0.0 ], [ 51.511555591166903, 32.555112012260182, 0.0 ], [ 51.507956365564723, 32.556490436562648, 0.0 ] ] ] } },
{ "type": "Feature", "properties": { "Name": "Untitled Polygon", "description": null, "timestamp": null, "begin": null, "end": null, "altitudeMode": null, "tessellate": 1, "extrude": 0, "visibility": -1, "drawOrder": null, "icon": null, "class": 1 }, "geometry": { "type": "Polygon", "coordinates": [ [ [ 51.51942383254331, 32.557953893972119, 0.0 ], [ 51.52158983512382, 32.553539097212187, 0.0 ], [ 51.524319057751072, 32.556899053677043, 0.0 ], [ 51.51942383254331, 32.557953893972119, 0.0 ] ] ] } },
{ "type": "Feature", "properties": { "Name": "Untitled Polygon", "description": null, "timestamp": null, "begin": null, "end": null, "altitudeMode": null, "tessellate": 1, "extrude": 0, "visibility": -1, "drawOrder": null, "icon": null, "class": 1 }, "geometry": { "type": "Polygon", "coordinates": [ [ [ 51.524037173960721, 32.550748282211529, 0.0 ], [ 51.526672759291323, 32.547409894635379, 0.0 ], [ 51.527703164913028, 32.550999007418497, 0.0 ], [ 51.524037173960721, 32.550748282211529, 0.0 ] ] ] } },
{ "type": "Feature", "properties": { "Name": "Untitled Polygon", "description": null, "timestamp": null, "begin": null, "end": null, "altitudeMode": null, "tessellate": 1, "extrude": 0, "visibility": -1, "drawOrder": null, "icon": null, "class": 1 }, "geometry": { "type": "Polygon", "coordinates": [ [ [ 51.503019001430893, 32.556822514396302, 0.0 ], [ 51.505459016732623, 32.553668533240909, 0.0 ], [ 51.506665783643072, 32.556529892897757, 0.0 ], [ 51.503019001430893, 32.556822514396302, 0.0 ] ] ] } },
{ "type": "Feature", "properties": { "Name": "160", "description": null, "timestamp": null, "begin": null, "end": null, "altitudeMode": null, "tessellate": 1, "extrude": 0, "visibility": -1, "drawOrder": null, "icon": null, "class": 1 }, "geometry": { "type": "Polygon", "coordinates": [ [ [ 51.436141539122261, 32.619298260814837, 0.0 ], [ 51.438071612992587, 32.619062035068147, 0.0 ], [ 51.436661979169237, 32.621466760201187, 0.0 ], [ 51.436141539122261, 32.619298260814837, 0.0 ] ] ] } },
{ "type": "Feature", "properties": { "Name": "Untitled Polygon", "description": null, "timestamp": null, "begin": null, "end": null, "altitudeMode": null, "tessellate": 1, "extrude": 0, "visibility": -1, "drawOrder": null, "icon": null, "class": 1 }, "geometry": { "type": "Polygon", "coordinates": [ [ [ 51.482238673571857, 32.627725881133571, 0.0 ], [ 51.47737983413252, 32.624964133462989, 0.0 ], [ 51.480393176262872, 32.624873267907127, 0.0 ], [ 51.482238673571857, 32.627725881133571, 0.0 ] ] ] } },
{ "type": "Feature", "properties": { "Name": "Untitled Polygon", "description": null, "timestamp": null, "begin": null, "end": null, "altitudeMode": null, "tessellate": 1, "extrude": 0, "visibility": -1, "drawOrder": null, "icon": null, "class": 1 }, "geometry": { "type": "Polygon", "coordinates": [ [ [ 51.544362569292417, 32.668516601229257, 0.0 ], [ 51.548313891900612, 32.665122538556531, 0.0 ], [ 51.546972989110202, 32.66898337794759, 0.0 ], [ 51.544362569292417, 32.668516601229257, 0.0 ] ] ] } },
{ "type": "Feature", "properties": { "Name": "Untitled Polygon", "description": null, "timestamp": null, "begin": null, "end": null, "altitudeMode": null, "tessellate": 1, "extrude": 0, "visibility": -1, "drawOrder": null, "icon": null, "class": 1 }, "geometry": { "type": "Polygon", "coordinates": [ [ [ 51.417735737958047, 32.668753551435799, 0.0 ], [ 51.419790609862517, 32.666333366732147, 0.0 ], [ 51.421663407936087, 32.670097016203783, 0.0 ], [ 51.417735737958047, 32.668753551435799, 0.0 ] ] ] } },
{ "type": "Feature", "properties": { "Name": "Untitled Polygon", "description": null, "timestamp": null, "begin": null, "end": null, "altitudeMode": null, "tessellate": 1, "extrude": 0, "visibility": -1, "drawOrder": null, "icon": null, "class": 1 }, "geometry": { "type": "Polygon", "coordinates": [ [ [ 51.852026171960112, 32.753915857590023, 0.0 ], [ 51.856028211124148, 32.75159672135667, 0.0 ], [ 51.867261803638087, 32.755601627522317, 0.0 ], [ 51.852026171960112, 32.753915857590023, 0.0 ] ] ] } },
{ "type": "Feature", "properties": { "Name": "Untitled Polygon", "description": null, "timestamp": null, "begin": null, "end": null, "altitudeMode": null, "tessellate": 1, "extrude": 0, "visibility": -1, "drawOrder": null, "icon": null, "class": 1 }, "geometry": { "type": "Polygon", "coordinates": [ [ [ 51.842788836457757, 32.778487420231691, 0.0 ], [ 51.846131219287336, 32.77582103412572, 0.0 ], [ 51.849375916458683, 32.784851776310632, 0.0 ], [ 51.842788836457757, 32.778487420231691, 0.0 ] ] ] } },
{ "type": "Feature", "properties": { "Name": "Untitled Polygon", "description": null, "timestamp": null, "begin": null, "end": null, "altitudeMode": null, "tessellate": 1, "extrude": 0, "visibility": -1, "drawOrder": null, "icon": null, "class": 1 }, "geometry": { "type": "Polygon", "coordinates": [ [ [ 51.877261275046237, 32.76968465240018, 0.0 ], [ 51.890605998302952, 32.763403952452428, 0.0 ], [ 51.892771878521948, 32.772095133518128, 0.0 ], [ 51.877261275046237, 32.76968465240018, 0.0 ] ] ] } },
{ "type": "Feature", "properties": { "Name": "Untitled Polygon", "description": null, "timestamp": null, "begin": null, "end": null, "altitudeMode": null, "tessellate": 1, "extrude": 0, "visibility": -1, "drawOrder": null, "icon": null, "class": 1 }, "geometry": { "type": "Polygon", "coordinates": [ [ [ 51.871440445448449, 32.75692264964033, 0.0 ], [ 51.874021750685337, 32.752098260644622, 0.0 ], [ 51.876340412501811, 32.759679700386798, 0.0 ], [ 51.871440445448449, 32.75692264964033, 0.0 ] ] ] } },
{ "type": "Feature", "properties": { "Name": "Untitled Polygon", "description": null, "timestamp": null, "begin": null, "end": null, "altitudeMode": null, "tessellate": 1, "extrude": 0, "visibility": -1, "drawOrder": null, "icon": null, "class": 1 }, "geometry": { "type": "Polygon", "coordinates": [ [ [ 51.888807197919817, 32.67378048664483, 0.0 ], [ 51.890861000089423, 32.674774197328453, 0.0 ], [ 51.88824144251388, 32.675133079137261, 0.0 ], [ 51.888807197919817, 32.67378048664483, 0.0 ] ] ] } },
{ "type": "Feature", "properties": { "Name": "Untitled Polygon", "description": null, "timestamp": null, "begin": null, "end": null, "altitudeMode": null, "tessellate": 1, "extrude": 0, "visibility": -1, "drawOrder": null, "icon": null, "class": 1 }, "geometry": { "type": "Polygon", "coordinates": [ [ [ 51.934909659739937, 32.509262035162891, 0.0 ], [ 51.939186241548242, 32.508572394773473, 0.0 ], [ 51.939318179508838, 32.511290784875492, 0.0 ], [ 51.934909659739937, 32.509262035162891, 0.0 ] ] ] } },
{ "type": "Feature", "properties": { "Name": "Untitled Polygon", "description": null, "timestamp": null, "begin": null, "end": null, "altitudeMode": null, "tessellate": 1, "extrude": 0, "visibility": -1, "drawOrder": null, "icon": null, "class": 1 }, "geometry": { "type": "Polygon", "coordinates": [ [ [ 51.662771762472047, 32.597034623303927, 0.0 ], [ 51.662398440379008, 32.598660041927872, 0.0 ], [ 51.659011100287927, 32.598959983725877, 0.0 ], [ 51.662771762472047, 32.597034623303927, 0.0 ] ] ] } },
{ "type": "Feature", "properties": { "Name": "170", "description": null, "timestamp": null, "begin": null, "end": null, "altitudeMode": null, "tessellate": 1, "extrude": 0, "visibility": -1, "drawOrder": null, "icon": null, "class": 1 }, "geometry": { "type": "Polygon", "coordinates": [ [ [ 51.6275818588974, 32.61976662417225, 0.0 ], [ 51.629233508807253, 32.61754014729123, 0.0 ], [ 51.637253446671053, 32.619463500488934, 0.0 ], [ 51.6275818588974, 32.61976662417225, 0.0 ] ] ] } },
{ "type": "Feature", "properties": { "Name": "Untitled Polygon", "description": null, "timestamp": null, "begin": null, "end": null, "altitudeMode": null, "tessellate": 1, "extrude": 0, "visibility": -1, "drawOrder": null, "icon": null, "class": 1 }, "geometry": { "type": "Polygon", "coordinates": [ [ [ 51.605870260336538, 32.727351578827083, 0.0 ], [ 51.60569858890311, 32.723032271867538, 0.0 ], [ 51.610337729361731, 32.72685398691798, 0.0 ], [ 51.605870260336538, 32.727351578827083, 0.0 ] ] ] } },
{ "type": "Feature", "properties": { "Name": "Untitled Polygon", "description": null, "timestamp": null, "begin": null, "end": null, "altitudeMode": null, "tessellate": 1, "extrude": 0, "visibility": -1, "drawOrder": null, "icon": null, "class": 1 }, "geometry": { "type": "Polygon", "coordinates": [ [ [ 51.63471097691108, 32.721592541654573, 0.0 ], [ 51.635726512616507, 32.720299618504868, 0.0 ], [ 51.63795214765068, 32.722392095033598, 0.0 ], [ 51.63471097691108, 32.721592541654573, 0.0 ] ] ] } },
{ "type": "Feature", "properties": { "Name": "Untitled Polygon", "description": null, "timestamp": null, "begin": null, "end": null, "altitudeMode": null, "tessellate": 1, "extrude": 0, "visibility": -1, "drawOrder": null, "icon": null, "class": 1 }, "geometry": { "type": "Polygon", "coordinates": [ [ [ 51.665214354489557, 32.719735317490887, 0.0 ], [ 51.66522217650396, 32.719915236861979, 0.0 ], [ 51.665253439220969, 32.720634901271453, 0.0 ], [ 51.665284714171158, 32.72135462054154, 0.0 ], [ 51.665315961609792, 32.722074379593963, 0.0 ], [ 51.66727744948296, 32.722913966127813, 0.0 ], [ 51.665711866796109, 32.721341237817143, 0.0 ], [ 51.662158406462808, 32.723255459348707, 0.0 ], [ 51.665214354489557, 32.719735317490887, 0.0 ] ] ] } },
{ "type": "Feature", "properties": { "Name": "Untitled Polygon", "description": null, "timestamp": null, "begin": null, "end": null, "altitudeMode": null, "tessellate": 1, "extrude": 0, "visibility": -1, "drawOrder": null, "icon": null, "class": 1 }, "geometry": { "type": "Polygon", "coordinates": [ [ [ 51.652707132099131, 32.623695011125342, 0.0 ], [ 51.657482501053437, 32.61882815248395, 0.0 ], [ 51.661135176727733, 32.62433702273443, 0.0 ], [ 51.652707132099131, 32.623695011125342, 0.0 ] ] ] } },
{ "type": "Feature", "properties": { "Name": "Untitled Polygon", "description": null, "timestamp": null, "begin": null, "end": null, "altitudeMode": null, "tessellate": 1, "extrude": 0, "visibility": -1, "drawOrder": null, "icon": null, "class": 1 }, "geometry": { "type": "Polygon", "coordinates": [ [ [ 51.662423508222169, 32.680793684869982, 0.0 ], [ 51.666528157620547, 32.68090428302213, 0.0 ], [ 51.664559109115302, 32.682347150916051, 0.0 ], [ 51.662423508222169, 32.680793684869982, 0.0 ] ] ] } },
{ "type": "Feature", "properties": { "Name": "Untitled Polygon", "description": null, "timestamp": null, "begin": null, "end": null, "altitudeMode": null, "tessellate": 1, "extrude": 0, "visibility": -1, "drawOrder": null, "icon": null, "class": 1 }, "geometry": { "type": "Polygon", "coordinates": [ [ [ 51.645646961958207, 32.689951683167358, 0.0 ], [ 51.647623150245089, 32.687347920910767, 0.0 ], [ 51.648713301113453, 32.690293893936982, 0.0 ], [ 51.645646961958207, 32.689951683167358, 0.0 ] ] ] } },
{ "type": "Feature", "properties": { "Name": "Untitled Polygon", "description": null, "timestamp": null, "begin": null, "end": null, "altitudeMode": null, "tessellate": 1, "extrude": 0, "visibility": -1, "drawOrder": null, "icon": null, "class": 1 }, "geometry": { "type": "Polygon", "coordinates": [ [ [ 51.668489338428728, 32.68958253505506, 0.0 ], [ 51.669878138131708, 32.683944527745361, 0.0 ], [ 51.670547161930763, 32.688431158500578, 0.0 ], [ 51.668489338428728, 32.68958253505506, 0.0 ] ] ] } },
{ "type": "Feature", "properties": { "Name": "Untitled Polygon", "description": null, "timestamp": null, "begin": null, "end": null, "altitudeMode": null, "tessellate": 1, "extrude": 0, "visibility": -1, "drawOrder": null, "icon": null, "class": 1 }, "geometry": { "type": "Polygon", "coordinates": [ [ [ 51.662132158801917, 32.676533379630271, 0.0 ], [ 51.66740002908201, 32.676268754875522, 0.0 ], [ 51.667528611671372, 32.678066523624167, 0.0 ], [ 51.662132158801917, 32.676533379630271, 0.0 ] ] ] } },
{ "type": "Feature", "properties": { "Name": "Untitled Polygon", "description": null, "timestamp": null, "begin": null, "end": null, "altitudeMode": null, "tessellate": 1, "extrude": 0, "visibility": -1, "drawOrder": null, "icon": null, "class": 1 }, "geometry": { "type": "Polygon", "coordinates": [ [ [ 51.647519777485513, 32.663751902471027, 0.0 ], [ 51.649047499680343, 32.660985566865151, 0.0 ], [ 51.649806173341219, 32.664094884460262, 0.0 ], [ 51.647519777485513, 32.663751902471027, 0.0 ] ] ] } },
{ "type": "Feature", "properties": { "Name": "Untitled Polygon", "description": null, "timestamp": null, "begin": null, "end": null, "altitudeMode": null, "tessellate": 1, "extrude": 0, "visibility": -1, "drawOrder": null, "icon": null, "class": 1 }, "geometry": { "type": "Polygon", "coordinates": [ [ [ 51.68833534828601, 32.666619307819872, 0.0 ], [ 51.689570323063393, 32.664485550820167, 0.0 ], [ 51.689620933971653, 32.664433371402843, 0.0 ], [ 51.690884404179883, 32.666389890601749, 0.0 ], [ 51.68833534828601, 32.666619307819872, 0.0 ] ] ] } },
{ "type": "Feature", "properties": { "Name": "180", "description": null, "timestamp": null, "begin": null, "end": null, "altitudeMode": null, "tessellate": 1, "extrude": 0, "visibility": -1, "drawOrder": null, "icon": null, "class": 1 }, "geometry": { "type": "Polygon", "coordinates": [ [ [ 51.680714722428277, 32.67619715448464, 0.0 ], [ 51.681929107783162, 32.674950394105657, 0.0 ], [ 51.684246322230059, 32.677637350778276, 0.0 ], [ 51.680714722428277, 32.67619715448464, 0.0 ] ] ] } },
{ "type": "Feature", "properties": { "Name": "Untitled Polygon", "description": null, "timestamp": null, "begin": null, "end": null, "altitudeMode": null, "tessellate": 1, "extrude": 0, "visibility": -1, "drawOrder": null, "icon": null, "class": 1 }, "geometry": { "type": "Polygon", "coordinates": [ [ [ 51.680685750172522, 32.691362719929558, 0.0 ], [ 51.681332544437808, 32.684791923214149, 0.0 ], [ 51.683452283098731, 32.687417780718569, 0.0 ], [ 51.680685750172522, 32.691362719929558, 0.0 ] ] ] } },
{ "type": "Feature", "properties": { "Name": "Untitled Polygon", "description": null, "timestamp": null, "begin": null, "end": null, "altitudeMode": null, "tessellate": 1, "extrude": 0, "visibility": -1, "drawOrder": null, "icon": null, "class": 1 }, "geometry": { "type": "Polygon", "coordinates": [ [ [ 51.693136612288782, 32.683900069178911, 0.0 ], [ 51.694354606133857, 32.6814916531481, 0.0 ], [ 51.69552633046343, 32.683585620521413, 0.0 ], [ 51.693136612288782, 32.683900069178911, 0.0 ] ] ] } },
{ "type": "Feature", "properties": { "Name": "Untitled Polygon", "description": null, "timestamp": null, "begin": null, "end": null, "altitudeMode": null, "tessellate": 1, "extrude": 0, "visibility": -1, "drawOrder": null, "icon": null, "class": 1 }, "geometry": { "type": "Polygon", "coordinates": [ [ [ 51.703183882946419, 32.686525932386473, 0.0 ], [ 51.699839347197241, 32.688613035042323, 0.0 ], [ 51.700077144655253, 32.685937562624453, 0.0 ], [ 51.703183882946419, 32.686525932386473, 0.0 ] ] ] } },
{ "type": "Feature", "properties": { "Name": "Untitled Polygon", "description": null, "timestamp": null, "begin": null, "end": null, "altitudeMode": null, "tessellate": 1, "extrude": 0, "visibility": -1, "drawOrder": null, "icon": null, "class": 1 }, "geometry": { "type": "Polygon", "coordinates": [ [ [ 51.711410914492411, 32.693180311317043, 0.0 ], [ 51.713875386673081, 32.690696065446033, 0.0 ], [ 51.715493070708533, 32.694674526930477, 0.0 ], [ 51.711410914492411, 32.693180311317043, 0.0 ] ] ] } },
{ "type": "Feature", "properties": { "Name": "Untitled Polygon", "description": null, "timestamp": null, "begin": null, "end": null, "altitudeMode": null, "tessellate": 1, "extrude": 0, "visibility": -1, "drawOrder": null, "icon": null, "class": 1 }, "geometry": { "type": "Polygon", "coordinates": [ [ [ 51.725540548624863, 32.688042004252488, 0.0 ], [ 51.72929625718492, 32.683339609696567, 0.0 ], [ 51.729091981603233, 32.689370909318789, 0.0 ], [ 51.725540548624863, 32.688042004252488, 0.0 ] ] ] } },
{ "type": "Feature", "properties": { "Name": "Untitled Polygon", "description": null, "timestamp": null, "begin": null, "end": null, "altitudeMode": null, "tessellate": 1, "extrude": 0, "visibility": -1, "drawOrder": null, "icon": null, "class": 1 }, "geometry": { "type": "Polygon", "coordinates": [ [ [ 51.71919143677728, 32.677138470813858, 0.0 ], [ 51.720375577003907, 32.673864621690527, 0.0 ], [ 51.722807342677193, 32.677702050599237, 0.0 ], [ 51.71919143677728, 32.677138470813858, 0.0 ] ] ] } },
{ "type": "Feature", "properties": { "Name": "Untitled Polygon", "description": null, "timestamp": null, "begin": null, "end": null, "altitudeMode": null, "tessellate": 1, "extrude": 0, "visibility": -1, "drawOrder": null, "icon": null, "class": 1 }, "geometry": { "type": "Polygon", "coordinates": [ [ [ 51.718253933161357, 32.703893149424403, 0.0 ], [ 51.721153067800799, 32.700855709426392, 0.0 ], [ 51.722356619389167, 32.704867001228493, 0.0 ], [ 51.718253933161357, 32.703893149424403, 0.0 ] ] ] } },
{ "type": "Feature", "properties": { "Name": "Untitled Polygon", "description": null, "timestamp": null, "begin": null, "end": null, "altitudeMode": null, "tessellate": 1, "extrude": 0, "visibility": -1, "drawOrder": null, "icon": null, "class": 1 }, "geometry": { "type": "Polygon", "coordinates": [ [ [ 51.731137009529959, 32.718722011721908, 0.0 ], [ 51.731633456938503, 32.716215981915553, 0.0 ], [ 51.735054909069532, 32.719663799820843, 0.0 ], [ 51.731137009529959, 32.718722011721908, 0.0 ] ] ] } },
{ "type": "Feature", "properties": { "Name": "Untitled Polygon", "description": null, "timestamp": null, "begin": null, "end": null, "altitudeMode": null, "tessellate": 1, "extrude": 0, "visibility": -1, "drawOrder": null, "icon": null, "class": 1 }, "geometry": { "type": "Polygon", "coordinates": [ [ [ 51.726547059181783, 32.721260181613353, 0.0 ], [ 51.726632420440268, 32.721265709529938, 0.0 ], [ 51.728887944283571, 32.719376901314376, 0.0 ], [ 51.728954671921358, 32.719345422167429, 0.0 ], [ 51.72974417044788, 32.721587632899649, 0.0 ], [ 51.726547059181783, 32.721260181613353, 0.0 ] ] ] } },
{ "type": "Feature", "properties": { "Name": "190", "description": null, "timestamp": null, "begin": null, "end": null, "altitudeMode": null, "tessellate": 1, "extrude": 0, "visibility": -1, "drawOrder": null, "icon": null, "class": 1 }, "geometry": { "type": "Polygon", "coordinates": [ [ [ 51.723158296421893, 32.707239356087079, 0.0 ], [ 51.725738670115547, 32.70588625710046, 0.0 ], [ 51.726480540386461, 32.706976660441732, 0.0 ], [ 51.723158296421893, 32.707239356087079, 0.0 ] ] ] } },
{ "type": "Feature", "properties": { "Name": "Untitled Polygon", "description": null, "timestamp": null, "begin": null, "end": null, "altitudeMode": null, "tessellate": 1, "extrude": 0, "visibility": -1, "drawOrder": null, "icon": null, "class": 1 }, "geometry": { "type": "Polygon", "coordinates": [ [ [ 51.71646784915697, 32.69892413201439, 0.0 ], [ 51.716655537768283, 32.698838526852747, 0.0 ], [ 51.719292751940223, 32.697976160343643, 0.0 ], [ 51.719448254762042, 32.697929635845917, 0.0 ], [ 51.720041817118549, 32.699992326444153, 0.0 ], [ 51.71646784915697, 32.69892413201439, 0.0 ] ] ] } },
{ "type": "Feature", "properties": { "Name": "Untitled Polygon", "description": null, "timestamp": null, "begin": null, "end": null, "altitudeMode": null, "tessellate": 1, "extrude": 0, "visibility": -1, "drawOrder": null, "icon": null, "class": 1 }, "geometry": { "type": "Polygon", "coordinates": [ [ [ 51.733035056067393, 32.686677357344713, 0.0 ], [ 51.734916765278612, 32.685081399262522, 0.0 ], [ 51.735587552914161, 32.687488054394002, 0.0 ], [ 51.733035056067393, 32.686677357344713, 0.0 ] ] ] } },
{ "type": "Feature", "properties": { "Name": "Untitled Polygon", "description": null, "timestamp": null, "begin": null, "end": null, "altitudeMode": null, "tessellate": 1, "extrude": 0, "visibility": -1, "drawOrder": null, "icon": null, "class": 1 }, "geometry": { "type": "Polygon", "coordinates": [ [ [ 51.73040472145113, 32.682428563152271, 0.0 ], [ 51.732036148016981, 32.68089669952991, 0.0 ], [ 51.731876833213413, 32.683492016837803, 0.0 ], [ 51.73040472145113, 32.682428563152271, 0.0 ] ] ] } },
{ "type": "Feature", "properties": { "Name": "Untitled Polygon", "description": null, "timestamp": null, "begin": null, "end": null, "altitudeMode": null, "tessellate": 1, "extrude": 0, "visibility": -1, "drawOrder": null, "icon": null, "class": 1 }, "geometry": { "type": "Polygon", "coordinates": [ [ [ 51.717173971938237, 32.671434124676303, 0.0 ], [ 51.713074850326286, 32.662475269882847, 0.0 ], [ 51.717935637037513, 32.662432076722091, 0.0 ], [ 51.722166882071278, 32.670463126469407, 0.0 ], [ 51.717173971938237, 32.671434124676303, 0.0 ] ] ] } },
{ "type": "Feature", "properties": { "Name": "Untitled Polygon", "description": null, "timestamp": null, "begin": null, "end": null, "altitudeMode": null, "tessellate": 1, "extrude": 0, "visibility": -1, "drawOrder": null, "icon": null, "class": 1 }, "geometry": { "type": "Polygon", "coordinates": [ [ [ 51.732099430074733, 32.65842496479344, 0.0 ], [ 51.733258192891867, 32.659352982134841, 0.0 ], [ 51.735230192990947, 32.66262405469292, 0.0 ], [ 51.72739414033704, 32.660938603682517, 0.0 ], [ 51.727436916502462, 32.660908234953851, 0.0 ], [ 51.730356570471017, 32.658100868395287, 0.0 ], [ 51.731197214391372, 32.657361749444888, 0.0 ], [ 51.732099430074733, 32.65842496479344, 0.0 ] ] ] } },
{ "type": "Feature", "properties": { "Name": "Untitled Polygon", "description": null, "timestamp": null, "begin": null, "end": null, "altitudeMode": null, "tessellate": 1, "extrude": 0, "visibility": -1, "drawOrder": null, "icon": null, "class": 1 }, "geometry": { "type": "Polygon", "coordinates": [ [ [ 51.737610800134, 32.656803030330323, 0.0 ], [ 51.752127368139277, 32.653046086252282, 0.0 ], [ 51.752886456590197, 32.661258088443937, 0.0 ], [ 51.736837787590048, 32.659472853465097, 0.0 ], [ 51.737610800134, 32.656803030330323, 0.0 ] ] ] } },
{ "type": "Feature", "properties": { "Name": "Untitled Polygon", "description": null, "timestamp": null, "begin": null, "end": null, "altitudeMode": null, "tessellate": 1, "extrude": 0, "visibility": -1, "drawOrder": null, "icon": null, "class": 1 }, "geometry": { "type": "Polygon", "coordinates": [ [ [ 51.746950823442113, 32.644718208169493, 0.0 ], [ 51.753293583461527, 32.645266590729477, 0.0 ], [ 51.742681574017013, 32.647791069269253, 0.0 ], [ 51.746950823442113, 32.644718208169493, 0.0 ] ] ] } },
{ "type": "Feature", "properties": { "Name": "Untitled Polygon", "description": null, "timestamp": null, "begin": null, "end": null, "altitudeMode": null, "tessellate": 1, "extrude": 0, "visibility": -1, "drawOrder": null, "icon": null, "class": 1 }, "geometry": { "type": "Polygon", "coordinates": [ [ [ 51.748627016572549, 32.647506131192209, 0.0 ], [ 51.751001915605308, 32.650126156106921, 0.0 ], [ 51.744856109048612, 32.648622057322221, 0.0 ], [ 51.748627016572549, 32.647506131192209, 0.0 ] ] ] } },
{ "type": "Feature", "properties": { "Name": "Untitled Polygon", "description": null, "timestamp": null, "begin": null, "end": null, "altitudeMode": null, "tessellate": 1, "extrude": 0, "visibility": -1, "drawOrder": null, "icon": null, "class": 1 }, "geometry": { "type": "Polygon", "coordinates": [ [ [ 51.760349317672528, 32.658459148033103, 0.0 ], [ 51.766236031606638, 32.652233936708768, 0.0 ], [ 51.764124248271642, 32.658737505966748, 0.0 ], [ 51.760349317672528, 32.658459148033103, 0.0 ] ] ] } },
{ "type": "Feature", "properties": { "Name": "200", "description": null, "timestamp": null, "begin": null, "end": null, "altitudeMode": null, "tessellate": 1, "extrude": 0, "visibility": -1, "drawOrder": null, "icon": null, "class": 1 }, "geometry": { "type": "Polygon", "coordinates": [ [ [ 51.767119595060741, 32.630418742956827, 0.0 ], [ 51.768962498089977, 32.629709240309161, 0.0 ], [ 51.776591319317887, 32.642184857806512, 0.0 ], [ 51.773696532995707, 32.643262561679542, 0.0 ], [ 51.767119595060741, 32.630418742956827, 0.0 ] ] ] } },
{ "type": "Feature", "properties": { "Name": "Untitled Polygon", "description": null, "timestamp": null, "begin": null, "end": null, "altitudeMode": null, "tessellate": 1, "extrude": 0, "visibility": -1, "drawOrder": null, "icon": null, "class": 1 }, "geometry": { "type": "Polygon", "coordinates": [ [ [ 51.737316597252693, 32.63137921050339, 0.0 ], [ 51.736880734849507, 32.632555028221013, 0.0 ], [ 51.735809949195968, 32.63322134365194, 0.0 ], [ 51.734309450042012, 32.633685892528412, 0.0 ], [ 51.732489239398191, 32.633551309339431, 0.0 ], [ 51.73110275561443, 32.632877439026423, 0.0 ], [ 51.737316597252693, 32.63137921050339, 0.0 ] ] ] } },
{ "type": "Feature", "properties": { "Name": "Untitled Polygon", "description": null, "timestamp": null, "begin": null, "end": null, "altitudeMode": null, "tessellate": 1, "extrude": 0, "visibility": -1, "drawOrder": null, "icon": null, "class": 1 }, "geometry": { "type": "Polygon", "coordinates": [ [ [ 51.747703755922117, 32.634196435602128, 0.0 ], [ 51.749034464679163, 32.63351604541721, 0.0 ], [ 51.749062632460728, 32.634250350608028, 0.0 ], [ 51.747703755922117, 32.634196435602128, 0.0 ] ] ] } },
{ "type": "Feature", "properties": { "Name": "Untitled Polygon", "description": null, "timestamp": null, "begin": null, "end": null, "altitudeMode": null, "tessellate": 1, "extrude": 0, "visibility": -1, "drawOrder": null, "icon": null, "class": 1 }, "geometry": { "type": "Polygon", "coordinates": [ [ [ 51.756559344711462, 32.6344464367033, 0.0 ], [ 51.754809690236918, 32.635419483296701, 0.0 ], [ 51.753353545181177, 32.634304048759667, 0.0 ], [ 51.756559344711462, 32.6344464367033, 0.0 ] ] ] } },
{ "type": "Feature", "properties": { "Name": "Untitled Polygon", "description": null, "timestamp": null, "begin": null, "end": null, "altitudeMode": null, "tessellate": 1, "extrude": 0, "visibility": -1, "drawOrder": null, "icon": null, "class": 1 }, "geometry": { "type": "Polygon", "coordinates": [ [ [ 51.765923751628073, 32.628751433932102, 0.0 ], [ 51.766557112923827, 32.628447748011411, 0.0 ], [ 51.769662377466119, 32.62753389990003, 0.0 ], [ 51.772887927227622, 32.626856022274232, 0.0 ], [ 51.77578600494855, 32.628710842609792, 0.0 ], [ 51.775122909716401, 32.629100270038677, 0.0 ], [ 51.772347699016457, 32.629968245815412, 0.0 ], [ 51.771323016188788, 32.628895710526628, 0.0 ], [ 51.766396017177669, 32.630371929359271, 0.0 ], [ 51.765923751628073, 32.628751433932102, 0.0 ] ] ] } },
{ "type": "Feature", "properties": { "Name": "Untitled Polygon", "description": null, "timestamp": null, "begin": null, "end": null, "altitudeMode": null, "tessellate": 1, "extrude": 0, "visibility": -1, "drawOrder": null, "icon": null, "class": 1 }, "geometry": { "type": "Polygon", "coordinates": [ [ [ 51.763625247120238, 32.624845758068624, 0.0 ], [ 51.766323336286973, 32.62383742125899, 0.0 ], [ 51.767994118674437, 32.627210781803981, 0.0 ], [ 51.765563683504332, 32.627814988142461, 0.0 ], [ 51.763625247120238, 32.624845758068624, 0.0 ] ] ] } },
{ "type": "Feature", "properties": { "Name": "Untitled Polygon", "description": null, "timestamp": null, "begin": null, "end": null, "altitudeMode": null, "tessellate": 1, "extrude": 0, "visibility": -1, "drawOrder": null, "icon": null, "class": 1 }, "geometry": { "type": "Polygon", "coordinates": [ [ [ 51.763801699762787, 32.61737392350377, 0.0 ], [ 51.76325644687256, 32.616278948836687, 0.0 ], [ 51.763070559836223, 32.615228943064821, 0.0 ], [ 51.763078499766969, 32.615182383391847, 0.0 ], [ 51.762874139714469, 32.614278977096539, 0.0 ], [ 51.762541057979007, 32.613839376203032, 0.0 ], [ 51.762050141904879, 32.613437597394068, 0.0 ], [ 51.760384777362333, 32.613087234081057, 0.0 ], [ 51.75947209302047, 32.612796604404352, 0.0 ], [ 51.759147533117357, 32.612636666859238, 0.0 ], [ 51.758506190186132, 32.612042731495357, 0.0 ], [ 51.757282131468187, 32.611102230017543, 0.0 ], [ 51.757141522586132, 32.611048233658053, 0.0 ], [ 51.756944077312077, 32.610545147420389, 0.0 ], [ 51.757167987005111, 32.610204437934108, 0.0 ], [ 51.757971456394692, 32.609728042973281, 0.0 ], [ 51.75814619392871, 32.609608317338044, 0.0 ], [ 51.758970662234979, 32.609229211163353, 0.0 ], [ 51.759510510264498, 32.609267428710893, 0.0 ], [ 51.75975605772706, 32.609284623595613, 0.0 ], [ 51.760587737491328, 32.609119314278743, 0.0 ], [ 51.760932970290042, 32.609141098568386, 0.0 ], [ 51.762010442065559, 32.608953866829097, 0.0 ], [ 51.763094401601677, 32.608423645655293, 0.0 ], [ 51.76334569118378, 32.608397769436579, 0.0 ], [ 51.764179420716232, 32.607556195925191, 0.0 ], [ 51.764797663681591, 32.606793090740688, 0.0 ], [ 51.765692518021062, 32.605478921753139, 0.0 ], [ 51.76668985969377, 32.603748969996332, 0.0 ], [ 51.766702329405952, 32.603669323893733, 0.0 ], [ 51.767315922306103, 32.602788392821232, 0.0 ], [ 51.767409728536137, 32.602794758222643, 0.0 ], [ 51.768124489562062, 32.602763917107737, 0.0 ], [ 51.768311824816649, 32.602776714360559, 0.0 ], [ 51.769167729327968, 32.603074170391423, 0.0 ], [ 51.769209103382948, 32.603116760600557, 0.0 ], [ 51.769421601695633, 32.603290785323082, 0.0 ], [ 51.770098776390391, 32.603536551188981, 0.0 ], [ 51.770259919074292, 32.603748341828421, 0.0 ], [ 51.770982201954503, 32.604402224092361, 0.0 ], [ 51.771029367443411, 32.604405472861991, 0.0 ], [ 51.77171997962931, 32.604979514243091, 0.0 ], [ 51.771762379143652, 32.605023041420267, 0.0 ], [ 51.771937103479587, 32.605156818782874, 0.0 ], [ 51.77271894582109, 32.605823703355938, 0.0 ], [ 51.77276175116031, 32.605867780442878, 0.0 ], [ 51.773277353222348, 32.606397235094818, 0.0 ], [ 51.773320459798441, 32.606441489274268, 0.0 ], [ 51.773304197811349, 32.607022999805523, 0.0 ], [ 51.773553093902848, 32.607835933352128, 0.0 ], [ 51.77358748199228, 32.607965305364687, 0.0 ], [ 51.7739527452243, 32.609097872119733, 0.0 ], [ 51.773583685365111, 32.60980803770736, 0.0 ], [ 51.771852043609798, 32.611586941623223, 0.0 ], [ 51.772041823235227, 32.61253364550128, 0.0 ], [ 51.771630134227912, 32.613052314642211, 0.0 ], [ 51.771210692098641, 32.613616600882771, 0.0 ], [ 51.770218819128267, 32.613875071713117, 0.0 ], [ 51.771988850785327, 32.615648083833143, 0.0 ], [ 51.77203544072654, 32.617057323902749, 0.0 ], [ 51.763526828151768, 32.618087143900901, 0.0 ], [ 51.763801699762787, 32.61737392350377, 0.0 ] ] ] } },
{ "type": "Feature", "properties": { "Name": "Untitled Polygon", "description": null, "timestamp": null, "begin": null, "end": null, "altitudeMode": null, "tessellate": 1, "extrude": 0, "visibility": -1, "drawOrder": null, "icon": null, "class": 1 }, "geometry": { "type": "Polygon", "coordinates": [ [ [ 51.724893160143807, 32.611684640079417, 0.0 ], [ 51.724946551355579, 32.611479064499527, 0.0 ], [ 51.72503064522143, 32.611129726330709, 0.0 ], [ 51.725102477647241, 32.610831327775422, 0.0 ], [ 51.725179398618813, 32.610528546626313, 0.0 ], [ 51.7253380273375, 32.610333537283083, 0.0 ], [ 51.725509595658302, 32.610088221176042, 0.0 ], [ 51.725668277471193, 32.609893401898788, 0.0 ], [ 51.725898617091133, 32.609646333970218, 0.0 ], [ 51.72596557162597, 32.60959867469446, 0.0 ], [ 51.726247263848272, 32.609356774691094, 0.0 ], [ 51.7265140080534, 32.609166883850158, 0.0 ], [ 51.726818506169217, 32.60903257707723, 0.0 ], [ 51.727062174779867, 32.608902591241112, 0.0 ], [ 51.727342930053737, 32.608828860482518, 0.0 ], [ 51.727624986928276, 32.608753660997422, 0.0 ], [ 51.727843337196937, 32.608723088459293, 0.0 ], [ 51.728188380495233, 32.608603451739071, 0.0 ], [ 51.728406450942273, 32.608572929217111, 0.0 ], [ 51.728699102544297, 32.608448948544229, 0.0 ], [ 51.728945723872037, 32.608314264174147, 0.0 ], [ 51.72925625991958, 32.608133980173761, 0.0 ], [ 51.729489819953223, 32.608049375023441, 0.0 ], [ 51.729682625586037, 32.60791184890747, 0.0 ], [ 51.729966637108653, 32.607832412337707, 0.0 ], [ 51.730325615729122, 32.607658465007788, 0.0 ], [ 51.730619285832582, 32.607531229865991, 0.0 ], [ 51.730965433209022, 32.60740687171338, 0.0 ], [ 51.731434249871313, 32.607195848901362, 0.0 ], [ 51.731704574093143, 32.607166115621752, 0.0 ], [ 51.731982562988541, 32.607091292583718, 0.0 ], [ 51.732207427759533, 32.607014024700227, 0.0 ], [ 51.732371383102993, 32.606979472090657, 0.0 ], [ 51.732780515663762, 32.606771379026128, 0.0 ], [ 51.733007994975139, 32.606690366179272, 0.0 ], [ 51.733348774838092, 32.60656896757385, 0.0 ], [ 51.733606932492933, 32.60634320504645, 0.0 ], [ 51.733791807361193, 32.606210996286869, 0.0 ], [ 51.734006108280312, 32.605936220018421, 0.0 ], [ 51.734272281265923, 32.605664560146742, 0.0 ], [ 51.73438476561374, 32.605381386316289, 0.0 ], [ 51.734524285743973, 32.60520247348115, 0.0 ], [ 51.734681908876389, 32.604930957128538, 0.0 ], [ 51.734732318164539, 32.604693703396357, 0.0 ], [ 51.734924622420699, 32.604516709311497, 0.0 ], [ 51.735073806285477, 32.604291083150393, 0.0 ], [ 51.735202504213163, 32.604160627838027, 0.0 ], [ 51.735402752338437, 32.603938737396938, 0.0 ], [ 51.735593641738127, 32.603763054710839, 0.0 ], [ 51.73572399469036, 32.60363044653257, 0.0 ], [ 51.735924035211177, 32.603408517111248, 0.0 ], [ 51.73597456617513, 32.603173051258679, 0.0 ], [ 51.736019280065051, 32.602979854909982, 0.0 ], [ 51.73595264447561, 32.602792177251672, 0.0 ], [ 51.735765436849398, 32.602690709348373, 0.0 ], [ 51.735641916584363, 32.602542891475473, 0.0 ], [ 51.735479142090419, 32.602344374797937, 0.0 ], [ 51.735262595394524, 32.602182245256287, 0.0 ], [ 51.735164748848717, 32.60193809237213, 0.0 ], [ 51.734971762398757, 32.601880243436682, 0.0 ], [ 51.734780928927798, 32.601820228886268, 0.0 ], [ 51.734610452179837, 32.601668578621577, 0.0 ], [ 51.73442939096082, 32.60156370264999, 0.0 ], [ 51.734248577816523, 32.601458931760178, 0.0 ], [ 51.734138523339567, 32.601266747373508, 0.0 ], [ 51.734077654796607, 32.601079598526319, 0.0 ], [ 51.734126462675441, 32.600855177760323, 0.0 ], [ 51.734175516535139, 32.600631038151271, 0.0 ], [ 51.734226908207027, 32.600405197712931, 0.0 ], [ 51.734278137114892, 32.600180074062813, 0.0 ], [ 51.734180667594458, 32.599944894371802, 0.0 ], [ 51.734072918486319, 32.599755369518149, 0.0 ], [ 51.73388778772155, 32.59969421626468, 0.0 ], [ 51.733673471162803, 32.599540981477027, 0.0 ], [ 51.733452978194457, 32.599393780392369, 0.0 ], [ 51.733337981599732, 32.599212897018091, 0.0 ], [ 51.733170448084053, 32.599067198533987, 0.0 ], [ 51.733092432541497, 32.598971977273862, 0.0 ], [ 51.733053710378108, 32.59870272235927, 0.0 ], [ 51.733043967379359, 32.598525223538772, 0.0 ], [ 51.733034241979553, 32.598348123668814, 0.0 ], [ 51.733014865014027, 32.597995117977611, 0.0 ], [ 51.733024753687317, 32.597733218323867, 0.0 ], [ 51.733024858589332, 32.597515037028337, 0.0 ], [ 51.733073564133747, 32.597301080573907, 0.0 ], [ 51.733211124473691, 32.597136453393993, 0.0 ], [ 51.733411723427317, 32.596893796716003, 0.0 ], [ 51.73368254697818, 32.596784483966687, 0.0 ], [ 51.733952945441679, 32.596675340887167, 0.0 ], [ 51.734263475422573, 32.59661111030038, 0.0 ], [ 51.734720607349843, 32.596556326183702, 0.0 ], [ 51.734932315872712, 32.596485928035648, 0.0 ], [ 51.735189912260772, 32.596421213348627, 0.0 ], [ 51.73550291982496, 32.596319108749171, 0.0 ], [ 51.735768554689457, 32.596212511635301, 0.0 ], [ 51.735872798822371, 32.596143638894773, 0.0 ], [ 51.736228582686543, 32.596048917632238, 0.0 ], [ 51.736432557657977, 32.595984591943072, 0.0 ], [ 51.736647056669888, 32.595876380023057, 0.0 ], [ 51.736762491611671, 32.595798301040752, 0.0 ], [ 51.737106451077317, 32.595565426308262, 0.0 ], [ 51.73745738711937, 32.595325996596912, 0.0 ], [ 51.737733863792108, 32.595175245979888, 0.0 ], [ 51.737855109037788, 32.595057367774743, 0.0 ], [ 51.73812787864275, 32.594908855420947, 0.0 ], [ 51.738223392038073, 32.594916009166838, 0.0 ], [ 51.738492250964541, 32.594770560007397, 0.0 ], [ 51.738747350164331, 32.594740048666488, 0.0 ], [ 51.739001840764402, 32.594675138661003, 0.0 ], [ 51.739346792020591, 32.594621645803862, 0.0 ], [ 51.739591310558183, 32.594599654468368, 0.0 ], [ 51.740041760916263, 32.594509540997237, 0.0 ], [ 51.740289791878133, 32.594484194336232, 0.0 ], [ 51.740502609428489, 32.594375394133017, 0.0 ], [ 51.740748324031649, 32.594351839269443, 0.0 ], [ 51.741055540726173, 32.594250408824003, 0.0 ], [ 51.741267127824138, 32.594142196735717, 0.0 ], [ 51.741369297347198, 32.594108473532458, 0.0 ], [ 51.741642600914943, 32.59392219672678, 0.0 ], [ 51.741813855141658, 32.593769367802473, 0.0 ], [ 51.742087816710963, 32.593581739514903, 0.0 ], [ 51.742207437993869, 32.59342956149635, 0.0 ], [ 51.742276618719281, 32.593310728947557, 0.0 ], [ 51.742311016252927, 32.5931093232061, 0.0 ], [ 51.742207059677916, 32.592894694388363, 0.0 ], [ 51.74209744326992, 32.592719987072513, 0.0 ], [ 51.742034792765971, 32.592549554023627, 0.0 ], [ 51.741859076661562, 32.592210353342161, 0.0 ], [ 51.741779719001741, 32.592123484117643, 0.0 ], [ 51.741682517101403, 32.591873978851133, 0.0 ], [ 51.741704453498507, 32.59175456202572, 0.0 ], [ 51.741638765009107, 32.591589853811207, 0.0 ], [ 51.741547185261837, 32.591304442734618, 0.0 ], [ 51.74156104382805, 32.591225991341197, 0.0 ], [ 51.741543263915872, 32.591065095803962, 0.0 ], [ 51.741583659540368, 32.590831538827331, 0.0 ], [ 51.741566637208791, 32.590670964561703, 0.0 ], [ 51.741549655530328, 32.590510765953987, 0.0 ], [ 51.741547006182763, 32.590273137033947, 0.0 ], [ 51.741589795409368, 32.590040237549417, 0.0 ], [ 51.741649658295259, 32.589728979648953, 0.0 ], [ 51.741648303443966, 32.589493127998281, 0.0 ], [ 51.741603747241321, 32.589219169322803, 0.0 ], [ 51.74162466222063, 32.589104548772461, 0.0 ], [ 51.741652086361853, 32.588952139630422, 0.0 ], [ 51.741685534521437, 32.58876264357562, 0.0 ], [ 51.74172452301972, 32.588536465810833, 0.0 ], [ 51.741756727143972, 32.588348556489002, 0.0 ], [ 51.741783023483649, 32.58819818306651, 0.0 ], [ 51.741843122647097, 32.587860482054481, 0.0 ], [ 51.741889573356623, 32.587598864848133, 0.0 ], [ 51.741909236214603, 32.58748710374033, 0.0 ], [ 51.741941942314781, 32.587301194549028, 0.0 ], [ 51.741945895594647, 32.587036783224193, 0.0 ], [ 51.741942937560793, 32.586810418507007, 0.0 ], [ 51.741891007015298, 32.586617276302903, 0.0 ], [ 51.741944756412437, 32.586323005233012, 0.0 ], [ 51.741992138708, 32.586032221360639, 0.0 ], [ 51.742027577759963, 32.585814722340253, 0.0 ], [ 51.742058517565248, 32.585633710503217, 0.0 ], [ 51.74208910183679, 32.585452366952708, 0.0 ], [ 51.74212017183293, 32.58527167306724, 0.0 ], [ 51.742166349381733, 32.585018552291217, 0.0 ], [ 51.7422011806798, 32.584837780031251, 0.0 ], [ 51.742418595358117, 32.584635076968361, 0.0 ], [ 51.742564552329313, 32.584573192919713, 0.0 ], [ 51.742755034819631, 32.584514639510111, 0.0 ], [ 51.743085700831656, 32.584429743455154, 0.0 ], [ 51.743599981135162, 32.584322167116859, 0.0 ], [ 51.744044066843813, 32.584354469539861, 0.0 ], [ 51.744405202708251, 32.584344646792651, 0.0 ], [ 51.74472213124254, 32.584331698997588, 0.0 ], [ 51.744994424153482, 32.584315131076558, 0.0 ], [ 51.745394087438228, 32.584344158478018, 0.0 ], [ 51.745482906480973, 32.584350607831972, 0.0 ], [ 51.745838347204383, 32.584376455413761, 0.0 ], [ 51.746060131327589, 32.584392698879313, 0.0 ], [ 51.746232012838469, 32.584441452338183, 0.0 ], [ 51.746442880211397, 32.584529289583102, 0.0 ], [ 51.746703930891989, 32.584584476760362, 0.0 ], [ 51.7470097956611, 32.584643125190553, 0.0 ], [ 51.74736103966184, 32.584704623499171, 0.0 ], [ 51.747667855545259, 32.584762951021638, 0.0 ], [ 51.748017948679788, 32.584824895025818, 0.0 ], [ 51.748146023972637, 32.58487098502566, 0.0 ], [ 51.74853188429276, 32.585008535963638, 0.0 ], [ 51.748919184012529, 32.585145594809987, 0.0 ], [ 51.749212736788323, 32.585312594618898, 0.0 ], [ 51.749422331900497, 32.5854373483103, 0.0 ], [ 51.749581948752549, 32.585595603608887, 0.0 ], [ 51.749728415143032, 32.585863165685403, 0.0 ], [ 51.749884685968993, 32.58605860145358, 0.0 ], [ 51.7500056249552, 32.586178057235159, 0.0 ], [ 51.750212187519587, 32.586340873404403, 0.0 ], [ 51.750329053005458, 32.586497512130983, 0.0 ], [ 51.750549886144903, 32.586550572437872, 0.0 ], [ 51.750766422411772, 32.586640468027923, 0.0 ], [ 51.750978104462163, 32.58676842467321, 0.0 ], [ 51.751103784016962, 32.586853433571541, 0.0 ], [ 51.75128057765324, 32.586903285149823, 0.0 ], [ 51.751448651292741, 32.587027059983328, 0.0 ], [ 51.751649755111359, 32.587265220403097, 0.0 ], [ 51.751851437714357, 32.587504070895413, 0.0 ], [ 51.75197110127295, 32.587662602982718, 0.0 ], [ 51.752136169657682, 32.587825518190883, 0.0 ], [ 51.752256236529121, 32.587985773186652, 0.0 ], [ 51.752459392445012, 32.588227890634158, 0.0 ], [ 51.752572033640043, 32.58846350058446, 0.0 ], [ 51.752726742572811, 32.588741488298083, 0.0 ], [ 51.752752576614498, 32.588934472014458, 0.0 ], [ 51.752878066819207, 32.589058610141358, 0.0 ], [ 51.752995952443747, 32.589259120902511, 0.0 ], [ 51.753026335358548, 32.589415117996893, 0.0 ], [ 51.753098438348893, 32.58961289930776, 0.0 ], [ 51.75308705387684, 32.58972810257734, 0.0 ], [ 51.753063304829347, 32.589958498671642, 0.0 ], [ 51.752947298833803, 32.590183480340748, 0.0 ], [ 51.752834964013417, 32.590370083529109, 0.0 ], [ 51.752613462298548, 32.590706057973193, 0.0 ], [ 51.752550607624251, 32.590858933394941, 0.0 ], [ 51.752382667847222, 32.591121977824592, 0.0 ], [ 51.752277102769384, 32.591232743955658, 0.0 ], [ 51.752116414878387, 32.591419007670972, 0.0 ], [ 51.752052832112632, 32.591573194571737, 0.0 ], [ 51.751984824418578, 32.591767258023118, 0.0 ], [ 51.75187004809392, 32.591957961739332, 0.0 ], [ 51.751745851565907, 32.592229276613317, 0.0 ], [ 51.751625782051043, 32.592461719029338, 0.0 ], [ 51.75150096037369, 32.592735040617868, 0.0 ], [ 51.751432059784079, 32.592931405974568, 0.0 ], [ 51.751315302777591, 32.593125494811808, 0.0 ], [ 51.751274723403753, 32.593488980438913, 0.0 ], [ 51.751139378214511, 32.593846139638238, 0.0 ], [ 51.751055290140727, 32.594168816013017, 0.0 ], [ 51.751031956134838, 32.594374081752207, 0.0 ], [ 51.751156171021158, 32.594548750043018, 0.0 ], [ 51.751394358537169, 32.594565527016599, 0.0 ], [ 51.751589257646437, 32.594538046172431, 0.0 ], [ 51.751697674612423, 32.594422290787541, 0.0 ], [ 51.751853432570599, 32.594310139129981, 0.0 ], [ 51.752164208785778, 32.594086368675491, 0.0 ], [ 51.75231499078852, 32.594015347520298, 0.0 ], [ 51.7525727728516, 32.593827943141143, 0.0 ], [ 51.752830422251989, 32.593641197852591, 0.0 ], [ 51.752984372248619, 32.593530283097842, 0.0 ], [ 51.753189280752188, 32.593381503022847, 0.0 ], [ 51.753444791803602, 32.593196740931049, 0.0 ], [ 51.753605491292781, 32.593005903184547, 0.0 ], [ 51.753761938160217, 32.592855581741993, 0.0 ], [ 51.75394987749948, 32.592869644006242, 0.0 ], [ 51.754090888355137, 32.592880452855823, 0.0 ], [ 51.754467000235202, 32.59290927085604, 0.0 ], [ 51.754702316958848, 32.592927024551983, 0.0 ], [ 51.754974065012689, 32.593068249691662, 0.0 ], [ 51.755195591600653, 32.593246233384257, 0.0 ], [ 51.755417505185292, 32.593424517052242, 0.0 ], [ 51.755592847334313, 32.59359984483622, 0.0 ], [ 51.755633403296542, 32.593683425758442, 0.0 ], [ 51.755714648487007, 32.593852935819569, 0.0 ], [ 51.755840197572653, 32.594066108131983, 0.0 ], [ 51.75596233290328, 32.59431792933551, 0.0 ], [ 51.755946600970937, 32.594525604643351, 0.0 ], [ 51.755936758418883, 32.594648133400547, 0.0 ], [ 51.755907141795447, 32.595016884414513, 0.0 ], [ 51.755843093108979, 32.595220484529108, 0.0 ], [ 51.755782091256549, 32.595382470152188, 0.0 ], [ 51.755522853936448, 32.595613943962057, 0.0 ], [ 51.755365554617327, 32.59576996740757, 0.0 ], [ 51.755159916218219, 32.595922668809493, 0.0 ], [ 51.75486140850149, 32.596026796722363, 0.0 ], [ 51.754654837816751, 32.596180424307242, 0.0 ], [ 51.754499525805379, 32.596295696085868, 0.0 ], [ 51.754384805336237, 32.596497713787457, 0.0 ], [ 51.754265749057879, 32.596742114425943, 0.0 ], [ 51.754101975689217, 32.596943708171473, 0.0 ], [ 51.75403829496836, 32.59710959019197, 0.0 ], [ 51.754019009866553, 32.597320497137098, 0.0 ], [ 51.753999688500699, 32.597535276024097, 0.0 ], [ 51.754032731031927, 32.597709972765323, 0.0 ], [ 51.754264025502493, 32.597854003108623, 0.0 ], [ 51.754450856050873, 32.597954869882891, 0.0 ], [ 51.754686651212232, 32.598060094342713, 0.0 ], [ 51.754918944973099, 32.598206715974491, 0.0 ], [ 51.755113712185903, 32.598220045724823, 0.0 ], [ 51.755405853138647, 32.598242260179568, 0.0 ], [ 51.755551906082907, 32.598252681623038, 0.0 ], [ 51.755895987606969, 32.598233371151643, 0.0 ], [ 51.755996696530339, 32.598198041465508, 0.0 ], [ 51.756350328074888, 32.598052317081468, 0.0 ], [ 51.756502619450707, 32.597977002076107, 0.0 ], [ 51.756797371908519, 32.597956783569281, 0.0 ], [ 51.757088444355759, 32.597974927866439, 0.0 ], [ 51.75737981809494, 32.597996471342363, 0.0 ], [ 51.757668558310478, 32.598061193397889, 0.0 ], [ 51.757903265328892, 32.59820800989435, 0.0 ], [ 51.758087083850782, 32.598395066492166, 0.0 ], [ 51.758219798538683, 32.598621049451758, 0.0 ], [ 51.758355137720457, 32.598804188748638, 0.0 ], [ 51.758536886707361, 32.599033511921562, 0.0 ], [ 51.758572734900731, 32.599254308522568, 0.0 ], [ 51.758608728121501, 32.5994759915515, 0.0 ], [ 51.758595747844922, 32.599694772431839, 0.0 ], [ 51.758484305034223, 32.59990661915851, 0.0 ], [ 51.75843518804696, 32.599903209486442, 0.0 ], [ 51.75823871278503, 32.599889564747421, 0.0 ], [ 51.757894858603237, 32.599865684438853, 0.0 ], [ 51.757698359085481, 32.599852029210261, 0.0 ], [ 51.757452633633633, 32.599834633196473, 0.0 ], [ 51.75712075285476, 32.599634885923827, 0.0 ], [ 51.75693369735513, 32.599489678463449, 0.0 ], [ 51.756648778694981, 32.59933747322885, 0.0 ], [ 51.756511229003387, 32.599195558803103, 0.0 ], [ 51.756318538770543, 32.599137353429668, 0.0 ], [ 51.75612593762024, 32.599079157070378, 0.0 ], [ 51.75593346515317, 32.599020994324377, 0.0 ], [ 51.755692192577442, 32.59895925233873, 0.0 ], [ 51.755398685172977, 32.598937554020793, 0.0 ], [ 51.755105187995163, 32.598915859463553, 0.0 ], [ 51.754811806586588, 32.598894881352912, 0.0 ], [ 51.754567248535103, 32.598877357773738, 0.0 ], [ 51.75422493142662, 32.598851897307632, 0.0 ], [ 51.753784759939677, 32.598818877851031, 0.0 ], [ 51.753540265205409, 32.598800851160803, 0.0 ], [ 51.75329166196245, 32.59882621381076, 0.0 ], [ 51.752998219304978, 32.598804589002988, 0.0 ], [ 51.752704788303987, 32.598782965018721, 0.0 ], [ 51.752460279067591, 32.598764945442689, 0.0 ], [ 51.752202389844669, 32.598877471359003, 0.0 ], [ 51.75199777722019, 32.598949840448533, 0.0 ], [ 51.751850419167631, 32.598940005596823, 0.0 ], [ 51.751547841953098, 32.599005022952767, 0.0 ], [ 51.751347114102977, 32.599034407598772, 0.0 ], [ 51.751146285958633, 32.599063818043753, 0.0 ], [ 51.750852315300968, 32.599041379163012, 0.0 ], [ 51.75070530249593, 32.599030408853331, 0.0 ], [ 51.750411520444111, 32.599007327092067, 0.0 ], [ 51.750215407243523, 32.598993258117787, 0.0 ], [ 51.749926433424463, 32.598928183185123, 0.0 ], [ 51.749735698259421, 32.598869876510108, 0.0 ], [ 51.749496142153468, 32.598807955962158, 0.0 ], [ 51.749153550312293, 32.598782394003017, 0.0 ], [ 51.748875264066292, 32.598632692557644, 0.0 ], [ 51.748793900143831, 32.598494572850697, 0.0 ], [ 51.748674662159878, 32.598266790744617, 0.0 ], [ 51.748593335004792, 32.598130380782237, 0.0 ], [ 51.748382465803452, 32.597854771289278, 0.0 ], [ 51.748263928042697, 32.597629620340953, 0.0 ], [ 51.748080671305559, 32.597529762291778, 0.0 ], [ 51.747891408823619, 32.597474132215787, 0.0 ], [ 51.74766007429713, 32.597370748941742, 0.0 ], [ 51.747429393824092, 32.597266291864138, 0.0 ], [ 51.74723571183231, 32.597251116348197, 0.0 ], [ 51.747138867777281, 32.597243630854408, 0.0 ], [ 51.746798622340293, 32.597220603851731, 0.0 ], [ 51.74650827355164, 32.597197944249999, 0.0 ], [ 51.746363119978838, 32.597186613874527, 0.0 ], [ 51.746109222195258, 32.597252565834658, 0.0 ], [ 51.745940317013627, 32.597410269204786, 0.0 ], [ 51.745764635174417, 32.597611544338257, 0.0 ], [ 51.745532126062557, 32.597855146964207, 0.0 ], [ 51.745406759233539, 32.598025097341932, 0.0 ], [ 51.745234381844313, 32.598188010999749, 0.0 ], [ 51.745041516372993, 32.598482385074007, 0.0 ], [ 51.744758055582679, 32.598723987696083, 0.0 ], [ 51.74457866921982, 32.598929699230261, 0.0 ], [ 51.744398801658321, 32.599135964245889, 0.0 ], [ 51.744217489232938, 32.599344527714777, 0.0 ], [ 51.744140744864019, 32.599517413221967, 0.0 ], [ 51.744014535881483, 32.599686995384303, 0.0 ], [ 51.743832433997582, 32.599896350683963, 0.0 ], [ 51.743545554513872, 32.600140388958842, 0.0 ], [ 51.743525074179608, 32.600272667620473, 0.0 ], [ 51.74339897574977, 32.600441376555551, 0.0 ], [ 51.743201143618208, 32.600741589306601, 0.0 ], [ 51.742958910744569, 32.600996436778921, 0.0 ], [ 51.74276659291975, 32.601254264806947, 0.0 ], [ 51.74252339717647, 32.601509672512528, 0.0 ], [ 51.742466104127082, 32.601551184830761, 0.0 ], [ 51.742229146619763, 32.601762718493347, 0.0 ], [ 51.742034269898461, 32.602023713561138, 0.0 ], [ 51.7418613494307, 32.602149013054088, 0.0 ], [ 51.74168102237779, 32.602319241950262, 0.0 ], [ 51.741500810032363, 32.60248901140065, 0.0 ], [ 51.741354875279541, 32.602754805286388, 0.0 ], [ 51.741108196073547, 32.603013101617627, 0.0 ], [ 51.740875734149668, 32.60318128152332, 0.0 ], [ 51.740736054531773, 32.603403191938689, 0.0 ], [ 51.740601363467832, 32.603583628093467, 0.0 ], [ 51.7403506725516, 32.603846992228313, 0.0 ], [ 51.740208423880013, 32.604072577026372, 0.0 ], [ 51.740117665798039, 32.604301225818958, 0.0 ], [ 51.739924370466213, 32.604523573814383, 0.0 ], [ 51.739840260406638, 32.604707753566373, 0.0 ], [ 51.73957809922068, 32.605022108518853, 0.0 ], [ 51.739510272634227, 32.605112739008298, 0.0 ], [ 51.739374383384877, 32.605294322360422, 0.0 ], [ 51.739238170847628, 32.605476334955398, 0.0 ], [ 51.73891383982469, 32.605837201281268, 0.0 ], [ 51.738836644889837, 32.605976513240968, 0.0 ], [ 51.738596842579483, 32.606151658205917, 0.0 ], [ 51.738287438413352, 32.606419260422093, 0.0 ], [ 51.738046310742362, 32.606595418715301, 0.0 ], [ 51.737958961205017, 32.606784422106351, 0.0 ], [ 51.737707804386211, 32.607009877713153, 0.0 ], [ 51.737474262880582, 32.607138808082283, 0.0 ], [ 51.737343403162399, 32.607276501672317, 0.0 ], [ 51.737037363583831, 32.607501576739693, 0.0 ], [ 51.736923821112931, 32.607543298244217, 0.0 ], [ 51.736523508124883, 32.607710281881467, 0.0 ], [ 51.736225608133857, 32.607886561837013, 0.0 ], [ 51.736051697137462, 32.607970956175542, 0.0 ], [ 51.735816313465222, 32.608099964938191, 0.0 ], [ 51.735509353637909, 32.608322973717158, 0.0 ], [ 51.734636224706072, 32.608963364862817, 0.0 ], [ 51.734197924724761, 32.60924887032099, 0.0 ], [ 51.733862596833248, 32.609360222268293, 0.0 ], [ 51.733522735190498, 32.609477478179507, 0.0 ], [ 51.733161866021227, 32.609694207013717, 0.0 ], [ 51.732577938447598, 32.610128790839561, 0.0 ], [ 51.731699750516441, 32.610652229113008, 0.0 ], [ 51.731205728531343, 32.610783951776618, 0.0 ], [ 51.730675821281643, 32.610997295796999, 0.0 ], [ 51.730517134273818, 32.610984805273503, 0.0 ], [ 51.730283545184363, 32.611068608233687, 0.0 ], [ 51.730049710848093, 32.611152499506588, 0.0 ], [ 51.72995230181678, 32.611349782609501, 0.0 ], [ 51.729801280694751, 32.611543755112521, 0.0 ], [ 51.72957447829647, 32.611798272783133, 0.0 ], [ 51.72933104242599, 32.61189292254646, 0.0 ], [ 51.729100148895007, 32.611935039501283, 0.0 ], [ 51.728861835954767, 32.612022844888962, 0.0 ], [ 51.72847568289761, 32.612046396472273, 0.0 ], [ 51.727995340094608, 32.612009693015906, 0.0 ], [ 51.727780530392288, 32.611994930629692, 0.0 ], [ 51.72761923277772, 32.611984069737211, 0.0 ], [ 51.727356710805601, 32.611958771321127, 0.0 ], [ 51.727043927845429, 32.611926048245472, 0.0 ], [ 51.726797489725037, 32.611845816668357, 0.0 ], [ 51.726486163524577, 32.611812065034393, 0.0 ], [ 51.726291167641278, 32.611738641553352, 0.0 ], [ 51.726030881062258, 32.611711878167839, 0.0 ], [ 51.72571611516554, 32.611682535340798, 0.0 ], [ 51.725393865533277, 32.611661196240718, 0.0 ], [ 51.725179010480929, 32.611646967986957, 0.0 ], [ 51.725125293036882, 32.611643410859898, 0.0 ], [ 51.724893160143807, 32.611684640079417, 0.0 ] ] ] } },
{ "type": "Feature", "properties": { "Name": "Untitled Polygon", "description": null, "timestamp": null, "begin": null, "end": null, "altitudeMode": null, "tessellate": 1, "extrude": 0, "visibility": -1, "drawOrder": null, "icon": null, "class": 1 }, "geometry": { "type": "Polygon", "coordinates": [ [ [ 51.745870828274683, 32.611143911993807, 0.0 ], [ 51.746763519193003, 32.613249192175957, 0.0 ], [ 51.743785709635077, 32.614173161738002, 0.0 ], [ 51.745870828274683, 32.611143911993807, 0.0 ] ] ] } },
{ "type": "Feature", "properties": { "Name": "Untitled Polygon", "description": null, "timestamp": null, "begin": null, "end": null, "altitudeMode": null, "tessellate": 1, "extrude": 0, "visibility": -1, "drawOrder": null, "icon": null, "class": 1 }, "geometry": { "type": "Polygon", "coordinates": [ [ [ 51.652316927470324, 32.616156718377887, 0.0 ], [ 51.65056746691554, 32.604628750875499, 0.0 ], [ 51.660167277171219, 32.592963264448187, 0.0 ], [ 51.662306450785699, 32.615757921126587, 0.0 ], [ 51.652316927470324, 32.616156718377887, 0.0 ] ] ] } },
{ "type": "Feature", "properties": { "Name": "210", "description": null, "timestamp": null, "begin": null, "end": null, "altitudeMode": null, "tessellate": 1, "extrude": 0, "visibility": -1, "drawOrder": null, "icon": null, "class": 1 }, "geometry": { "type": "Polygon", "coordinates": [ [ [ 51.664975077119962, 32.621697679572982, 0.0 ], [ 51.665766635176162, 32.618332155695512, 0.0 ], [ 51.666484587228489, 32.620174723685061, 0.0 ], [ 51.664975077119962, 32.621697679572982, 0.0 ] ] ] } },
{ "type": "Feature", "properties": { "Name": "Untitled Polygon", "description": null, "timestamp": null, "begin": null, "end": null, "altitudeMode": null, "tessellate": 1, "extrude": 0, "visibility": -1, "drawOrder": null, "icon": null, "class": 1 }, "geometry": { "type": "Polygon", "coordinates": [ [ [ 51.660730472014599, 32.593151881316288, 0.0 ], [ 51.664160481015827, 32.592085339129767, 0.0 ], [ 51.669084650875817, 32.592066830736677, 0.0 ], [ 51.67846915519096, 32.592225565911008, 0.0 ], [ 51.677277142006822, 32.609282385739732, 0.0 ], [ 51.67807764275053, 32.614782281405027, 0.0 ], [ 51.664159216067141, 32.615706974951962, 0.0 ], [ 51.660730472014599, 32.593151881316288, 0.0 ] ] ] } },
{ "type": "Feature", "properties": { "Name": "Untitled Polygon", "description": null, "timestamp": null, "begin": null, "end": null, "altitudeMode": null, "tessellate": 1, "extrude": 0, "visibility": -1, "drawOrder": null, "icon": null, "class": 1 }, "geometry": { "type": "Polygon", "coordinates": [ [ [ 51.662725591948821, 32.589769251973607, 0.0 ], [ 51.662681071271962, 32.586200781772099, 0.0 ], [ 51.6674567191737, 32.586103933724559, 0.0 ], [ 51.667514956514317, 32.589151204773387, 0.0 ], [ 51.662725591948821, 32.589769251973607, 0.0 ] ] ] } },
{ "type": "Feature", "properties": { "Name": "Untitled Polygon", "description": null, "timestamp": null, "begin": null, "end": null, "altitudeMode": null, "tessellate": 1, "extrude": 0, "visibility": -1, "drawOrder": null, "icon": null, "class": 1 }, "geometry": { "type": "Polygon", "coordinates": [ [ [ 51.66035685215617, 32.585127121847393, 0.0 ], [ 51.659273766245292, 32.570356494924333, 0.0 ], [ 51.668249441148028, 32.562317554338271, 0.0 ], [ 51.680127305280507, 32.561397386307313, 0.0 ], [ 51.668548697862882, 32.582849112809527, 0.0 ], [ 51.66035685215617, 32.585127121847393, 0.0 ] ] ] } },
{ "type": "Feature", "properties": { "Name": "Untitled Polygon", "description": null, "timestamp": null, "begin": null, "end": null, "altitudeMode": null, "tessellate": 1, "extrude": 0, "visibility": -1, "drawOrder": null, "icon": null, "class": 1 }, "geometry": { "type": "Polygon", "coordinates": [ [ [ 51.682247300873293, 32.563620827800577, 0.0 ], [ 51.697348426829919, 32.568374452675677, 0.0 ], [ 51.69424978165457, 32.575044371502571, 0.0 ], [ 51.678252622959967, 32.570595048974369, 0.0 ], [ 51.682247300873293, 32.563620827800577, 0.0 ] ] ] } },
{ "type": "Feature", "properties": { "Name": "Untitled Polygon", "description": null, "timestamp": null, "begin": null, "end": null, "altitudeMode": null, "tessellate": 1, "extrude": 0, "visibility": -1, "drawOrder": null, "icon": null, "class": 1 }, "geometry": { "type": "Polygon", "coordinates": [ [ [ 51.661567978798793, 32.553043164551127, 0.0 ], [ 51.66175322218303, 32.552819838734429, 0.0 ], [ 51.667641732462201, 32.540205733857952, 0.0 ], [ 51.667711024969947, 32.539955429842827, 0.0 ], [ 51.682476491853024, 32.545194820734778, 0.0 ], [ 51.685419005065263, 32.547553566405583, 0.0 ], [ 51.679211049900097, 32.55914605186603, 0.0 ], [ 51.666810763122143, 32.559491281539977, 0.0 ], [ 51.66707619466515, 32.557606523783427, 0.0 ], [ 51.667325856443817, 32.555816320965313, 0.0 ], [ 51.661567978798793, 32.553043164551127, 0.0 ] ] ] } },
{ "type": "Feature", "properties": { "Name": "Untitled Polygon", "description": null, "timestamp": null, "begin": null, "end": null, "altitudeMode": null, "tessellate": 1, "extrude": 0, "visibility": -1, "drawOrder": null, "icon": null, "class": 1 }, "geometry": { "type": "Polygon", "coordinates": [ [ [ 51.681354617916803, 32.537578501516371, 0.0 ], [ 51.694365869478098, 32.535595160078621, 0.0 ], [ 51.692582965487283, 32.540562804506941, 0.0 ], [ 51.681354617916803, 32.537578501516371, 0.0 ] ] ] } },
{ "type": "Feature", "properties": { "Name": "Untitled Polygon", "description": null, "timestamp": null, "begin": null, "end": null, "altitudeMode": null, "tessellate": 1, "extrude": 0, "visibility": -1, "drawOrder": null, "icon": null, "class": 1 }, "geometry": { "type": "Polygon", "coordinates": [ [ [ 51.694825302693737, 32.539815579297112, 0.0 ], [ 51.702124090269663, 32.528238261351383, 0.0 ], [ 51.710043664367753, 32.544875599053228, 0.0 ], [ 51.694825302693737, 32.539815579297112, 0.0 ] ] ] } },
{ "type": "Feature", "properties": { "Name": "Untitled Polygon", "description": null, "timestamp": null, "begin": null, "end": null, "altitudeMode": null, "tessellate": 1, "extrude": 0, "visibility": -1, "drawOrder": null, "icon": null, "class": 1 }, "geometry": { "type": "Polygon", "coordinates": [ [ [ 51.693413046198913, 32.543428866214363, 0.0 ], [ 51.70061951977732, 32.547630521214572, 0.0 ], [ 51.69302311705713, 32.545875877239048, 0.0 ], [ 51.693413046198913, 32.543428866214363, 0.0 ] ] ] } },
{ "type": "Feature", "properties": { "Name": "Untitled Polygon", "description": null, "timestamp": null, "begin": null, "end": null, "altitudeMode": null, "tessellate": 1, "extrude": 0, "visibility": -1, "drawOrder": null, "icon": null, "class": 1 }, "geometry": { "type": "Polygon", "coordinates": [ [ [ 51.668502323549383, 32.534584400036152, 0.0 ], [ 51.677026409057703, 32.533398382043337, 0.0 ], [ 51.677136529708299, 32.537432265631779, 0.0 ], [ 51.669091819407683, 32.535615473253898, 0.0 ], [ 51.668502323549383, 32.534584400036152, 0.0 ] ] ] } },
{ "type": "Feature", "properties": { "Name": "220", "description": null, "timestamp": null, "begin": null, "end": null, "altitudeMode": null, "tessellate": 1, "extrude": 0, "visibility": -1, "drawOrder": null, "icon": null, "class": 1 }, "geometry": { "type": "Polygon", "coordinates": [ [ [ 51.74760687095992, 32.57301568365429, 0.0 ], [ 51.74752687508186, 32.572917810551097, 0.0 ], [ 51.747413013859493, 32.572723082314141, 0.0 ], [ 51.747255922481493, 32.572517063592763, 0.0 ], [ 51.747093713000289, 32.57235850014952, 0.0 ], [ 51.746891770481149, 32.57215683705747, 0.0 ], [ 51.746773058757341, 32.572015972259827, 0.0 ], [ 51.746558912523291, 32.571914706633649, 0.0 ], [ 51.746440763463262, 32.5717745679109, 0.0 ], [ 51.746233630438077, 32.571626664726679, 0.0 ], [ 51.746033881873757, 32.571430556634077, 0.0 ], [ 51.745911850595441, 32.571331513777949, 0.0 ], [ 51.745790034113639, 32.571232643356574, 0.0 ], [ 51.74557940446806, 32.57112677314106, 0.0 ], [ 51.745337069678691, 32.570929648858908, 0.0 ], [ 51.744999004063189, 32.570775629616278, 0.0 ], [ 51.744712958504529, 32.570580137945818, 0.0 ], [ 51.744516730353944, 32.570390860693863, 0.0 ], [ 51.744365419337988, 32.570205367850647, 0.0 ], [ 51.744252495705517, 32.570065879870079, 0.0 ], [ 51.74418421663632, 32.56992924236615, 0.0 ], [ 51.74407852655775, 32.56974726756988, 0.0 ], [ 51.743993398076007, 32.569437070875033, 0.0 ], [ 51.743939942811032, 32.569214708357023, 0.0 ], [ 51.74384880702128, 32.568950545145817, 0.0 ], [ 51.743809217858647, 32.568646342993567, 0.0 ], [ 51.74368535284043, 32.568330954453977, 0.0 ], [ 51.743631435092823, 32.568118188032521, 0.0 ], [ 51.743542484001132, 32.5678582471974, 0.0 ], [ 51.743447172443872, 32.56764092154436, 0.0 ], [ 51.743388404125632, 32.567469081302228, 0.0 ], [ 51.743293806502876, 32.567253322763342, 0.0 ], [ 51.743206808862197, 32.566996845664967, 0.0 ], [ 51.743149360310873, 32.56682581133883, 0.0 ], [ 51.742998616619879, 32.566443745699239, 0.0 ], [ 51.742970051639681, 32.566359466068533, 0.0 ], [ 51.742877544489303, 32.566147932893543, 0.0 ], [ 51.742757020739298, 32.565854270901092, 0.0 ], [ 51.742700399875517, 32.565688345140657, 0.0 ], [ 51.742651043961757, 32.565483234949298, 0.0 ], [ 51.742636992949251, 32.565321680293557, 0.0 ], [ 51.742580801734569, 32.565157785321027, 0.0 ], [ 51.742489910976047, 32.564951842023333, 0.0 ], [ 51.742448880306291, 32.564709888507608, 0.0 ], [ 51.742406335650031, 32.564472511467578, 0.0 ], [ 51.742329195397197, 32.564194857087877, 0.0 ], [ 51.742307725049208, 32.564078064923173, 0.0 ], [ 51.74224475821574, 32.563958385734132, 0.0 ], [ 51.742167177516002, 32.563685817240327, 0.0 ], [ 51.741997773505219, 32.563222859471203, 0.0 ], [ 51.741944261824173, 32.563064582505497, 0.0 ], [ 51.741856267708073, 32.562867374358007, 0.0 ], [ 51.741727328205499, 32.562668289426362, 0.0 ], [ 51.741639894079782, 32.562472992928498, 0.0 ], [ 51.741504696228453, 32.562312502264859, 0.0 ], [ 51.741329205456587, 32.562149238953978, 0.0 ], [ 51.741154952210138, 32.561985395086033, 0.0 ], [ 51.740967756425498, 32.561893722977821, 0.0 ], [ 51.740791262441057, 32.561761127785267, 0.0 ], [ 51.740610281383297, 32.561636422093763, 0.0 ], [ 51.740496694088428, 32.56158975708302, 0.0 ], [ 51.740306901309189, 32.561504602795793, 0.0 ], [ 51.740173956420421, 32.561348802196669, 0.0 ], [ 51.74003373432059, 32.561229496424481, 0.0 ], [ 51.739886308649417, 32.561146412180101, 0.0 ], [ 51.739706260139627, 32.561024655780479, 0.0 ], [ 51.739520100065803, 32.560937470798073, 0.0 ], [ 51.739407057436082, 32.560892250775069, 0.0 ], [ 51.739277086110903, 32.560736896412337, 0.0 ], [ 51.739092603896943, 32.560649011033007, 0.0 ], [ 51.738931906146547, 32.560455015934409, 0.0 ], [ 51.738835789752777, 32.560338981341353, 0.0 ], [ 51.738667649289631, 32.560182042793372, 0.0 ], [ 51.73855538834318, 32.560137951299517, 0.0 ], [ 51.738395143474399, 32.559947480756684, 0.0 ], [ 51.738315302977341, 32.559763596819181, 0.0 ], [ 51.73821166842918, 32.559684938156749, 0.0 ], [ 51.738204180102287, 32.559542395685021, 0.0 ], [ 51.738039312482186, 32.559386830542543, 0.0 ], [ 51.737883358106522, 32.559196933506733, 0.0 ], [ 51.737671693650128, 32.55907410635001, 0.0 ], [ 51.737539370517418, 32.558957735556113, 0.0 ], [ 51.737589269878761, 32.558751385761973, 0.0 ], [ 51.73763084441994, 32.558579792042693, 0.0 ], [ 51.737710844331581, 32.558412640618037, 0.0 ], [ 51.737823157296248, 32.558281450409467, 0.0 ], [ 51.738098083171302, 32.558301783159038, 0.0 ], [ 51.738294557255372, 32.558316197109853, 0.0 ], [ 51.738435471877096, 32.558396183233462, 0.0 ], [ 51.738536979945067, 32.558473611318689, 0.0 ], [ 51.738677857665827, 32.55855440921745, 0.0 ], [ 51.738772233769957, 32.558665942029542, 0.0 ], [ 51.738841875326571, 32.558882422081112, 0.0 ], [ 51.738904988583187, 32.558957426393022, 0.0 ], [ 51.739055214473197, 32.559180264082997, 0.0 ], [ 51.739102864131723, 32.559325494858989, 0.0 ], [ 51.739142741060277, 32.559506122338639, 0.0 ], [ 51.739222912005403, 32.559689919326942, 0.0 ], [ 51.73932693500975, 32.559768844245873, 0.0 ], [ 51.739383738665047, 32.55988009740846, 0.0 ], [ 51.739512875016821, 32.560032517113889, 0.0 ], [ 51.739626672468077, 32.560256752987762, 0.0 ], [ 51.739764060478507, 32.560374687494807, 0.0 ], [ 51.739974752158084, 32.56053468584031, 0.0 ], [ 51.740113050962243, 32.56065355034287, 0.0 ], [ 51.740278601533802, 32.560844869441077, 0.0 ], [ 51.740352788063852, 32.560885502104753, 0.0 ], [ 51.740532803775949, 32.561007400176827, 0.0 ], [ 51.740672377886618, 32.561127184994817, 0.0 ], [ 51.74084417400563, 32.561288260714292, 0.0 ], [ 51.741007917705211, 32.561488210320519, 0.0 ], [ 51.741147676801432, 32.561610769767881, 0.0 ], [ 51.741354306974159, 32.561813527820483, 0.0 ], [ 51.741454395969107, 32.561933597883268, 0.0 ], [ 51.741562016070539, 32.562016886449172, 0.0 ], [ 51.741771399944959, 32.562219665265253, 0.0 ], [ 51.74202964753146, 32.562388966185928, 0.0 ], [ 51.742329710682419, 32.562561868145558, 0.0 ], [ 51.742473303920718, 32.56268576896511, 0.0 ], [ 51.742630454769127, 32.562735791936078, 0.0 ], [ 51.74285875377084, 32.56286264354037, 0.0 ], [ 51.743125205207143, 32.562999847570282, 0.0 ], [ 51.743289669869881, 32.563012568791393, 0.0 ], [ 51.743487776108083, 32.563068074502731, 0.0 ], [ 51.74368130610398, 32.563158017659632, 0.0 ], [ 51.74397066004942, 32.563177776093639, 0.0 ], [ 51.74424173843444, 32.563310071142539, 0.0 ], [ 51.744365864739123, 32.563318543798999, 0.0 ], [ 51.744561717027374, 32.563405600958397, 0.0 ], [ 51.744754649751798, 32.563500622915377, 0.0 ], [ 51.744866851029833, 32.563585762733027, 0.0 ], [ 51.744991873918678, 32.563862434333863, 0.0 ], [ 51.745087473163863, 32.564061523285368, 0.0 ], [ 51.745230365173342, 32.564227683216373, 0.0 ], [ 51.74527932946264, 32.564463467727698, 0.0 ], [ 51.745363830821027, 32.564744474199962, 0.0 ], [ 51.745340638558197, 32.564899854331188, 0.0 ], [ 51.745317375140189, 32.565055724504568, 0.0 ], [ 51.745419166196037, 32.565224768176833, 0.0 ], [ 51.745473074702637, 32.565431349334688, 0.0 ], [ 51.745557068120419, 32.56572403020661, 0.0 ], [ 51.745581825102619, 32.565846860126101, 0.0 ], [ 51.745679782085233, 32.566056347096591, 0.0 ], [ 51.745747268757519, 32.566183082785692, 0.0 ], [ 51.7459003737019, 32.566314949692057, 0.0 ], [ 51.74594598136725, 32.566602186110252, 0.0 ], [ 51.745997192118573, 32.56685156712426, 0.0 ], [ 51.746048735221287, 32.567101890179039, 0.0 ], [ 51.746106223035881, 32.567312394067677, 0.0 ], [ 51.746163948790077, 32.567523762739341, 0.0 ], [ 51.746178546943462, 32.567733785038072, 0.0 ], [ 51.746236708018358, 32.567946566619298, 0.0 ], [ 51.746332343554968, 32.568207167884182, 0.0 ], [ 51.746384789860713, 32.568466786977893, 0.0 ], [ 51.746449359585931, 32.568640893645217, 0.0 ], [ 51.746563733736423, 32.568774800027512, 0.0 ], [ 51.746633999499309, 32.568908972984843, 0.0 ], [ 51.746824672367943, 32.569137809955329, 0.0 ], [ 51.746950384545428, 32.569190186073072, 0.0 ], [ 51.747103669419737, 32.569374611068589, 0.0 ], [ 51.747219779262167, 32.569509329554222, 0.0 ], [ 51.74738493062209, 32.569606922348441, 0.0 ], [ 51.747583789403762, 32.569794592427627, 0.0 ], [ 51.747832374024981, 32.569943600833213, 0.0 ], [ 51.747954414728277, 32.570039665997577, 0.0 ], [ 51.748115820058267, 32.57018232209991, 0.0 ], [ 51.748282614397112, 32.570281443637462, 0.0 ], [ 51.748489004884888, 32.570428021374283, 0.0 ], [ 51.748749668199018, 32.570491141767853, 0.0 ], [ 51.74896193507044, 32.570592305406286, 0.0 ], [ 51.749174124316028, 32.570697188099821, 0.0 ], [ 51.749288956858187, 32.570883262346257, 0.0 ], [ 51.749453077461581, 32.571029786750429, 0.0 ], [ 51.74956875989055, 32.571217022045637, 0.0 ], [ 51.74964027025986, 32.571401157174357, 0.0 ], [ 51.749752178061847, 32.571636085269212, 0.0 ], [ 51.749860389277252, 32.571915438699477, 0.0 ], [ 51.749969277375051, 32.572195034134531, 0.0 ], [ 51.750042183978223, 32.572382244331038, 0.0 ], [ 51.750197159333823, 32.572667790044143, 0.0 ], [ 51.750221241863983, 32.572900583125211, 0.0 ], [ 51.750295017839463, 32.573091164447497, 0.0 ], [ 51.75032366958731, 32.573278527246217, 0.0 ], [ 51.750394015503083, 32.57351206811191, 0.0 ], [ 51.750514337560219, 32.573704073884699, 0.0 ], [ 51.750502098153127, 32.573841697857993, 0.0 ], [ 51.750477241604969, 32.574121529735088, 0.0 ], [ 51.750419161348489, 32.574256739566543, 0.0 ], [ 51.75019016338139, 32.574237987545743, 0.0 ], [ 51.749961192834583, 32.574219675785997, 0.0 ], [ 51.749686079247972, 32.574201495762047, 0.0 ], [ 51.749548344123539, 32.574194528299728, 0.0 ], [ 51.749364655242431, 32.574185235038328, 0.0 ], [ 51.749185523761142, 32.574130024475657, 0.0 ], [ 51.749007133317953, 32.57406907287681, 0.0 ], [ 51.748828910124757, 32.574008178931187, 0.0 ], [ 51.74856420827858, 32.57389511613448, 0.0 ], [ 51.748345499287772, 32.573786677012812, 0.0 ], [ 51.74813252053265, 32.573630663670372, 0.0 ], [ 51.747623982827783, 32.573258233861992, 0.0 ], [ 51.74760687095992, 32.57301568365429, 0.0 ] ] ] } },
{ "type": "Feature", "properties": { "Name": "Untitled Polygon", "description": null, "timestamp": null, "begin": null, "end": null, "altitudeMode": null, "tessellate": 1, "extrude": 0, "visibility": -1, "drawOrder": null, "icon": null, "class": 1 }, "geometry": { "type": "Polygon", "coordinates": [ [ [ 51.750841140673209, 32.570517861703188, 0.0 ], [ 51.748926438350139, 32.569371369973673, 0.0 ], [ 51.74871041739695, 32.569207163886936, 0.0 ], [ 51.74737171038737, 32.567672641060611, 0.0 ], [ 51.74686755604737, 32.565537405349573, 0.0 ], [ 51.74691023252548, 32.564704126125093, 0.0 ], [ 51.746862412941667, 32.563603008392647, 0.0 ], [ 51.746263977637419, 32.562849289500058, 0.0 ], [ 51.744930616667951, 32.562259422544237, 0.0 ], [ 51.744753531058628, 32.562246214979027, 0.0 ], [ 51.742831305898342, 32.561537918483737, 0.0 ], [ 51.743120371233509, 32.560782617976983, 0.0 ], [ 51.743582967070857, 32.560688181380478, 0.0 ], [ 51.745129347059517, 32.55953112116989, 0.0 ], [ 51.745887413914772, 32.558965001681969, 0.0 ], [ 51.745734805637902, 32.55792535573692, 0.0 ], [ 51.745455339593477, 32.5562380181184, 0.0 ], [ 51.743272565565249, 32.553457846235332, 0.0 ], [ 51.744980249517631, 32.552557195872097, 0.0 ], [ 51.7450605440415, 32.552562954546048, 0.0 ], [ 51.745528227566773, 32.552860648083303, 0.0 ], [ 51.745647719729917, 32.55326559074021, 0.0 ], [ 51.745766038125673, 32.553592954971087, 0.0 ], [ 51.746573583051138, 32.553843768174673, 0.0 ], [ 51.74661419048644, 32.554070283038527, 0.0 ], [ 51.746614644523611, 32.554293956412103, 0.0 ], [ 51.746662818644523, 32.554484549123693, 0.0 ], [ 51.747539906772069, 32.555652203458209, 0.0 ], [ 51.747596550372229, 32.555811035164879, 0.0 ], [ 51.748887944435978, 32.556679786991218, 0.0 ], [ 51.748864794299188, 32.556832629550371, 0.0 ], [ 51.748748447184113, 32.557580085918858, 0.0 ], [ 51.748801332479047, 32.557786920679149, 0.0 ], [ 51.749282226639153, 32.5591644873492, 0.0 ], [ 51.749276201794203, 32.55920533358794, 0.0 ], [ 51.749362538984322, 32.559502840769269, 0.0 ], [ 51.749338488520642, 32.559667613128198, 0.0 ], [ 51.749622458379193, 32.560738332334637, 0.0 ], [ 51.749679800501617, 32.560955772460723, 0.0 ], [ 51.750090981271853, 32.562151952538422, 0.0 ], [ 51.750050166662383, 32.562455172081719, 0.0 ], [ 51.75131533132037, 32.563432820395882, 0.0 ], [ 51.751337970925071, 32.56361672059986, 0.0 ], [ 51.753363686794287, 32.564523723928772, 0.0 ], [ 51.753099826103359, 32.565331596593751, 0.0 ], [ 51.752988964945857, 32.566873250439329, 0.0 ], [ 51.755944297479779, 32.567618033404003, 0.0 ], [ 51.757030256152262, 32.569606923686322, 0.0 ], [ 51.756157674675933, 32.573416527503063, 0.0 ], [ 51.751844975608968, 32.573754413034258, 0.0 ], [ 51.750841140673209, 32.570517861703188, 0.0 ] ] ] } },
{ "type": "Feature", "properties": { "Name": "Untitled Polygon", "description": null, "timestamp": null, "begin": null, "end": null, "altitudeMode": null, "tessellate": 1, "extrude": 0, "visibility": -1, "drawOrder": null, "icon": null, "class": 1 }, "geometry": { "type": "Polygon", "coordinates": [ [ [ 51.664054073653467, 32.528027023342119, 0.0 ], [ 51.663979428998509, 32.527981218609298, 0.0 ], [ 51.66383723143003, 32.527689158927288, 0.0 ], [ 51.663750154423248, 32.527522822385329, 0.0 ], [ 51.663714990737937, 32.527321081582272, 0.0 ], [ 51.663618627692117, 32.527194949031937, 0.0 ], [ 51.663519900492041, 32.526910961673522, 0.0 ], [ 51.663443778931928, 32.526708672651111, 0.0 ], [ 51.663440977568683, 32.526552021204687, 0.0 ], [ 51.663397514435843, 32.526391896660733, 0.0 ], [ 51.66339536964535, 32.526235795771377, 0.0 ], [ 51.663361706701018, 32.526038845318098, 0.0 ], [ 51.663268868398127, 32.525757022320519, 0.0 ], [ 51.663192831939519, 32.525560956977372, 0.0 ], [ 51.66311951783068, 32.525363040041938, 0.0 ], [ 51.663044873749392, 32.525167614609188, 0.0 ], [ 51.662971238846289, 32.524972266009428, 0.0 ], [ 51.662878667104003, 32.524851366528011, 0.0 ], [ 51.662836660667317, 32.524697075342317, 0.0 ], [ 51.662885895760787, 32.524512501794071, 0.0 ], [ 51.662965604484128, 32.52436854814124, 0.0 ], [ 51.663218413204589, 32.524350366561279, 0.0 ], [ 51.663542860179852, 32.524374539113822, 0.0 ], [ 51.663795641681062, 32.524356017851048, 0.0 ], [ 51.663926630621802, 32.524328454889194, 0.0 ], [ 51.6641975210593, 32.524236843953616, 0.0 ], [ 51.664377763380188, 32.524175889836648, 0.0 ], [ 51.664539746364177, 32.524187778161917, 0.0 ], [ 51.664741765352112, 32.524203053443031, 0.0 ], [ 51.664867967176242, 32.52436128253909, 0.0 ], [ 51.665033798997499, 32.524524319642808, 0.0 ], [ 51.665192487827127, 32.524723619343384, 0.0 ], [ 51.66532897785968, 32.52484663010376, 0.0 ], [ 51.665447973596933, 32.525044154695927, 0.0 ], [ 51.665568191535137, 32.525241542991267, 0.0 ], [ 51.665644451062377, 32.525441038162178, 0.0 ], [ 51.665609838362251, 32.525590554380052, 0.0 ], [ 51.665606969796542, 32.52578194778966, 0.0 ], [ 51.665554304204363, 32.526008578071092, 0.0 ], [ 51.665577570341547, 32.52608794581235, 0.0 ], [ 51.6655246628901, 32.526316048020952, 0.0 ], [ 51.665453720361697, 32.526621898590399, 0.0 ], [ 51.665418078288148, 32.526775563305137, 0.0 ], [ 51.665364394046819, 32.527007000549943, 0.0 ], [ 51.66536081570775, 32.527204386163717, 0.0 ], [ 51.665315780234998, 32.527398908448802, 0.0 ], [ 51.665312080764352, 32.527597918018422, 0.0 ], [ 51.66530784830217, 32.527798506298097, 0.0 ], [ 51.665262827900683, 32.527994856737401, 0.0 ], [ 51.665208334397548, 32.528231877193761, 0.0 ], [ 51.665095804476231, 32.528345482367889, 0.0 ], [ 51.664917095202192, 32.528373215470872, 0.0 ], [ 51.664695877211543, 32.528397910972778, 0.0 ], [ 51.664441720790897, 32.528379544374737, 0.0 ], [ 51.664145205254272, 32.528358115182272, 0.0 ], [ 51.663933128978528, 32.528343272727078, 0.0 ], [ 51.664054073653467, 32.528027023342119, 0.0 ] ] ] } },
{ "type": "Feature", "properties": { "Name": "Untitled Polygon", "description": null, "timestamp": null, "begin": null, "end": null, "altitudeMode": null, "tessellate": 1, "extrude": 0, "visibility": -1, "drawOrder": null, "icon": null, "class": 1 }, "geometry": { "type": "Polygon", "coordinates": [ [ [ 51.666477130000267, 32.524709168302763, 0.0 ], [ 51.665538890230337, 32.524486720093968, 0.0 ], [ 51.665297382319771, 32.522778522543227, 0.0 ], [ 51.667898196232841, 32.522723137566601, 0.0 ], [ 51.669681916742263, 32.522863853579423, 0.0 ], [ 51.669403792637731, 32.524488645242819, 0.0 ], [ 51.666477130000267, 32.524709168302763, 0.0 ] ] ] } },
{ "type": "Feature", "properties": { "Name": "Untitled Polygon", "description": null, "timestamp": null, "begin": null, "end": null, "altitudeMode": null, "tessellate": 1, "extrude": 0, "visibility": -1, "drawOrder": null, "icon": null, "class": 1 }, "geometry": { "type": "Polygon", "coordinates": [ [ [ 51.66953921804128, 32.538021508261536, 0.0 ], [ 51.670029502345407, 32.537140316176171, 0.0 ], [ 51.691798240977157, 32.541997314849759, 0.0 ], [ 51.68885365452573, 32.547742923447842, 0.0 ], [ 51.685488706662248, 32.545369928346922, 0.0 ], [ 51.684404416251247, 32.544165990599431, 0.0 ], [ 51.66953921804128, 32.538021508261536, 0.0 ] ] ] } },
{ "type": "Feature", "properties": { "Name": "Untitled Polygon", "description": null, "timestamp": null, "begin": null, "end": null, "altitudeMode": null, "tessellate": 1, "extrude": 0, "visibility": -1, "drawOrder": null, "icon": null, "class": 1 }, "geometry": { "type": "Polygon", "coordinates": [ [ [ 51.689612777167781, 32.54938240496039, 0.0 ], [ 51.691441972974637, 32.550537318650868, 0.0 ], [ 51.694268749225458, 32.551993964963117, 0.0 ], [ 51.692428016241017, 32.555351447611073, 0.0 ], [ 51.688933547559692, 32.554105275920783, 0.0 ], [ 51.687380926300008, 32.553031596724367, 0.0 ], [ 51.689612777167781, 32.54938240496039, 0.0 ] ] ] } },
{ "type": "Feature", "properties": { "Name": "Untitled Polygon", "description": null, "timestamp": null, "begin": null, "end": null, "altitudeMode": null, "tessellate": 1, "extrude": 0, "visibility": -1, "drawOrder": null, "icon": null, "class": 1 }, "geometry": { "type": "Polygon", "coordinates": [ [ [ 51.699222776661102, 32.559911185223747, 0.0 ], [ 51.69607799741047, 32.559441792432636, 0.0 ], [ 51.698771458152997, 32.553260389623738, 0.0 ], [ 51.701448410039127, 32.554900811945487, 0.0 ], [ 51.70059234460863, 32.556557809259033, 0.0 ], [ 51.70256988125535, 32.557429467223827, 0.0 ], [ 51.70055278196849, 32.562345517581413, 0.0 ], [ 51.69855861693798, 32.561309482020981, 0.0 ], [ 51.699222776661102, 32.559911185223747, 0.0 ] ] ] } },
{ "type": "Feature", "properties": { "Name": "Untitled Polygon", "description": null, "timestamp": null, "begin": null, "end": null, "altitudeMode": null, "tessellate": 1, "extrude": 0, "visibility": -1, "drawOrder": null, "icon": null, "class": 1 }, "geometry": { "type": "Polygon", "coordinates": [ [ [ 51.712649720638098, 32.542581029708629, 0.0 ], [ 51.715017497563643, 32.542858487401261, 0.0 ], [ 51.714429798805028, 32.546489742673799, 0.0 ], [ 51.71090678411457, 32.544967142166229, 0.0 ], [ 51.712649720638098, 32.542581029708629, 0.0 ] ] ] } },
{ "type": "Feature", "properties": { "Name": "Untitled Polygon", "description": null, "timestamp": null, "begin": null, "end": null, "altitudeMode": null, "tessellate": 1, "extrude": 0, "visibility": -1, "drawOrder": null, "icon": null, "class": 1 }, "geometry": { "type": "Polygon", "coordinates": [ [ [ 51.731561888940007, 32.526682922590858, 0.0 ], [ 51.734988834287321, 32.526032379577963, 0.0 ], [ 51.736007917011392, 32.530541406124371, 0.0 ], [ 51.733268866385217, 32.531050500708098, 0.0 ], [ 51.732942109019604, 32.530788049559924, 0.0 ], [ 51.732817232450969, 32.531008681572487, 0.0 ], [ 51.732705905740779, 32.531138690497627, 0.0 ], [ 51.731561888940007, 32.526682922590858, 0.0 ] ] ] } },
{ "type": "Feature", "properties": { "Name": "Untitled Polygon", "description": null, "timestamp": null, "begin": null, "end": null, "altitudeMode": null, "tessellate": 1, "extrude": 0, "visibility": -1, "drawOrder": null, "icon": null, "class": 1 }, "geometry": { "type": "Polygon", "coordinates": [ [ [ 51.728453647433952, 32.532467796677572, 0.0 ], [ 51.729422808068783, 32.535263013579033, 0.0 ], [ 51.725412494258919, 32.533052809555947, 0.0 ], [ 51.728453647433952, 32.532467796677572, 0.0 ] ] ] } },
{ "type": "Feature", "properties": { "Name": "230", "description": null, "timestamp": null, "begin": null, "end": null, "altitudeMode": null, "tessellate": 1, "extrude": 0, "visibility": -1, "drawOrder": null, "icon": null, "class": 1 }, "geometry": { "type": "Polygon", "coordinates": [ [ [ 51.743231447607009, 32.538690755307726, 0.0 ], [ 51.742901769381213, 32.537041608903323, 0.0 ], [ 51.744871197742327, 32.5364064080647, 0.0 ], [ 51.745500527536137, 32.538102517323729, 0.0 ], [ 51.743231447607009, 32.538690755307726, 0.0 ] ] ] } },
{ "type": "Feature", "properties": { "Name": "Untitled Polygon", "description": null, "timestamp": null, "begin": null, "end": null, "altitudeMode": null, "tessellate": 1, "extrude": 0, "visibility": -1, "drawOrder": null, "icon": null, "class": 1 }, "geometry": { "type": "Polygon", "coordinates": [ [ [ 51.626744533915122, 32.523204744817633, 0.0 ], [ 51.626680561430867, 32.523581597824688, 0.0 ], [ 51.625700583759581, 32.524644146259647, 0.0 ], [ 51.625242839677981, 32.524041508914699, 0.0 ], [ 51.626744533915122, 32.523204744817633, 0.0 ] ] ] } },
{ "type": "Feature", "properties": { "Name": "Untitled Polygon", "description": null, "timestamp": null, "begin": null, "end": null, "altitudeMode": null, "tessellate": 1, "extrude": 0, "visibility": -1, "drawOrder": null, "icon": null, "class": 1 }, "geometry": { "type": "Polygon", "coordinates": [ [ [ 51.627187069746952, 32.519807077160159, 0.0 ], [ 51.62792694248666, 32.520093154310949, 0.0 ], [ 51.627277886409708, 32.522628864223648, 0.0 ], [ 51.626650701764703, 32.522409241960133, 0.0 ], [ 51.627187069746952, 32.519807077160159, 0.0 ] ] ] } },
{ "type": "Feature", "properties": { "Name": "Untitled Polygon", "description": null, "timestamp": null, "begin": null, "end": null, "altitudeMode": null, "tessellate": 1, "extrude": 0, "visibility": -1, "drawOrder": null, "icon": null, "class": 1 }, "geometry": { "type": "Polygon", "coordinates": [ [ [ 51.629815564862348, 32.520302104558382, 0.0 ], [ 51.631208167052129, 32.520130510508537, 0.0 ], [ 51.632462454008767, 32.521220597018683, 0.0 ], [ 51.63103863362246, 32.522232083020221, 0.0 ], [ 51.629815564862348, 32.520302104558382, 0.0 ] ] ] } },
{ "type": "Feature", "properties": { "Name": "Untitled Polygon", "description": null, "timestamp": null, "begin": null, "end": null, "altitudeMode": null, "tessellate": 1, "extrude": 0, "visibility": -1, "drawOrder": null, "icon": null, "class": 1 }, "geometry": { "type": "Polygon", "coordinates": [ [ [ 51.639416810203343, 32.519550999349768, 0.0 ], [ 51.640096952032927, 32.519861525576388, 0.0 ], [ 51.637243171433028, 32.524499721278367, 0.0 ], [ 51.63615608706295, 32.523998614155893, 0.0 ], [ 51.639416810203343, 32.519550999349768, 0.0 ] ] ] } },
{ "type": "Feature", "properties": { "Name": "Untitled Polygon", "description": null, "timestamp": null, "begin": null, "end": null, "altitudeMode": null, "tessellate": 1, "extrude": 0, "visibility": -1, "drawOrder": null, "icon": null, "class": 1 }, "geometry": { "type": "Polygon", "coordinates": [ [ [ 51.574343748364399, 32.545004427807868, 0.0 ], [ 51.575012907343719, 32.545140971935503, 0.0 ], [ 51.574744184882697, 32.546136770267971, 0.0 ], [ 51.573851230533087, 32.545991582802387, 0.0 ], [ 51.574343748364399, 32.545004427807868, 0.0 ] ] ] } },
{ "type": "Feature", "properties": { "Name": "Untitled Polygon", "description": null, "timestamp": null, "begin": null, "end": null, "altitudeMode": null, "tessellate": 1, "extrude": 0, "visibility": -1, "drawOrder": null, "icon": null, "class": 1 }, "geometry": { "type": "Polygon", "coordinates": [ [ [ 51.569651301821843, 32.560140450319807, 0.0 ], [ 51.569615321070543, 32.560041910508097, 0.0 ], [ 51.569594547209867, 32.559894848353352, 0.0 ], [ 51.569581690710571, 32.559795909460092, 0.0 ], [ 51.569588472752237, 32.559701070702779, 0.0 ], [ 51.569567589167583, 32.559557026215828, 0.0 ], [ 51.569525355226013, 32.559413544155561, 0.0 ], [ 51.569483110175653, 32.559271561518401, 0.0 ], [ 51.569427854305637, 32.559175029767907, 0.0 ], [ 51.569345270071153, 32.559100113238017, 0.0 ], [ 51.569311176768359, 32.559005654795492, 0.0 ], [ 51.56929164187801, 32.558866092792627, 0.0 ], [ 51.569269236081958, 32.55867648048185, 0.0 ], [ 51.569242000737361, 32.558562721604723, 0.0 ], [ 51.569201318840548, 32.55842654601102, 0.0 ], [ 51.569181306426522, 32.55829240229464, 0.0 ], [ 51.569154552707623, 32.558180692460162, 0.0 ], [ 51.569148509337317, 32.558005302631187, 0.0 ], [ 51.569126472978461, 32.557760420932652, 0.0 ], [ 51.569113913932853, 32.55760945549185, 0.0 ], [ 51.569075283168253, 32.557415401841673, 0.0 ], [ 51.569043767399691, 32.557264984741472, 0.0 ], [ 51.569025737118068, 32.557137062486383, 0.0 ], [ 51.569014604224598, 32.556989586352309, 0.0 ], [ 51.568999145366327, 32.556738708700593, 0.0 ], [ 51.56902003993153, 32.556508562676051, 0.0 ], [ 51.569053964970941, 32.55628969406763, 0.0 ], [ 51.569091415276063, 32.556115866017898, 0.0 ], [ 51.569147899648378, 32.555886080342219, 0.0 ], [ 51.569149211139113, 32.555768164014751, 0.0 ], [ 51.569207636546288, 32.555596844880569, 0.0 ], [ 51.569221623122942, 32.555443110345713, 0.0 ], [ 51.569248868398958, 32.555309457536019, 0.0 ], [ 51.569282346775111, 32.555158183094981, 0.0 ], [ 51.569326344264503, 32.555029455642369, 0.0 ], [ 51.569352566656264, 32.554843546479042, 0.0 ], [ 51.569395737245621, 32.55466207632896, 0.0 ], [ 51.569427080392821, 32.554517118137113, 0.0 ], [ 51.569464641591132, 32.554409595357242, 0.0 ], [ 51.569507618761911, 32.554285553608629, 0.0 ], [ 51.569556368998342, 32.554144852298442, 0.0 ], [ 51.569671238978252, 32.553814520028531, 0.0 ], [ 51.569747286729857, 32.553593349433058, 0.0 ], [ 51.569810144968983, 32.553409079295641, 0.0 ], [ 51.569856205113041, 32.553275554388648, 0.0 ], [ 51.569923861279229, 32.553088983622601, 0.0 ], [ 51.569985556397143, 32.552960145359769, 0.0 ], [ 51.57003106566485, 32.55288000295144, 0.0 ], [ 51.570169178887276, 32.552689312928749, 0.0 ], [ 51.57031029590938, 32.552535631974919, 0.0 ], [ 51.570421362582501, 32.552414519417233, 0.0 ], [ 51.570572879344283, 32.552329128239187, 0.0 ], [ 51.570651552267456, 32.552303080224583, 0.0 ], [ 51.570736886237967, 32.55230961621892, 0.0 ], [ 51.570771172310543, 32.552312093155493, 0.0 ], [ 51.570944524851107, 32.55232261167086, 0.0 ], [ 51.571066038618163, 32.552329785182792, 0.0 ], [ 51.571256036525597, 32.552341901918339, 0.0 ], [ 51.571439780339787, 32.552371118083549, 0.0 ], [ 51.571623140466208, 32.552400927871737, 0.0 ], [ 51.57184473359461, 32.552418529710742, 0.0 ], [ 51.572007250932842, 32.552462291636509, 0.0 ], [ 51.572135444738727, 32.552503963774839, 0.0 ], [ 51.572298133173121, 32.552548366165887, 0.0 ], [ 51.572421965440377, 32.55260669267669, 0.0 ], [ 51.572542782575283, 32.552679959955128, 0.0 ], [ 51.572642568407673, 32.552768130805838, 0.0 ], [ 51.572751150363658, 32.552824725657679, 0.0 ], [ 51.572829489003631, 32.552862950542362, 0.0 ], [ 51.572921218677429, 32.552918548934002, 0.0 ], [ 51.572991643036353, 32.552989302360608, 0.0 ], [ 51.573118822430793, 32.553047623676832, 0.0 ], [ 51.573215475557951, 32.553087352052621, 0.0 ], [ 51.573312155684476, 32.553127372632993, 0.0 ], [ 51.573383468013859, 32.553199183707328, 0.0 ], [ 51.573497664636278, 32.553241308846808, 0.0 ], [ 51.573608447821037, 32.553299620648893, 0.0 ], [ 51.573725682516383, 32.553408907957341, 0.0 ], [ 51.573896975247983, 32.553521695702898, 0.0 ], [ 51.574019627084063, 32.55361507126743, 0.0 ], [ 51.574124361140569, 32.553709087795148, 0.0 ], [ 51.574240774761392, 32.553837499695923, 0.0 ], [ 51.574350231612243, 32.5540021129056, 0.0 ], [ 51.574468244571399, 32.554132669026131, 0.0 ], [ 51.574554597496068, 32.55424427727975, 0.0 ], [ 51.574637926097189, 32.554374115611552, 0.0 ], [ 51.574725507758032, 32.554486745053737, 0.0 ], [ 51.574821479671087, 32.554562181999927, 0.0 ], [ 51.57490646148689, 32.554694037255572, 0.0 ], [ 51.574983729824382, 32.554772217841673, 0.0 ], [ 51.575061692091403, 32.554849722865747, 0.0 ], [ 51.575139668931747, 32.554928285057123, 0.0 ], [ 51.575211827862837, 32.555042287937333, 0.0 ], [ 51.575297299095951, 32.555191997924503, 0.0 ], [ 51.575400355836649, 32.555348542914132, 0.0 ], [ 51.575515999213849, 32.55554636855355, 0.0 ], [ 51.57560151040645, 32.555706963609317, 0.0 ], [ 51.57570750380264, 32.555866881264883, 0.0 ], [ 51.575792865883798, 32.556044625490252, 0.0 ], [ 51.575863013191039, 32.556203786660497, 0.0 ], [ 51.575939849894461, 32.556446575463987, 0.0 ], [ 51.575975547658601, 32.556589138129297, 0.0 ], [ 51.576008601522908, 32.55675224674588, 0.0 ], [ 51.576041977170732, 32.556916590007773, 0.0 ], [ 51.576043101864492, 32.557038984884741, 0.0 ], [ 51.576021847410942, 32.557181102179662, 0.0 ], [ 51.576003492442091, 32.55730380158333, 0.0 ], [ 51.575987976337188, 32.557407205255529, 0.0 ], [ 51.575966108906357, 32.557552924725343, 0.0 ], [ 51.575947231762093, 32.557678722106878, 0.0 ], [ 51.575905302353469, 32.557825354860881, 0.0 ], [ 51.575866673924857, 32.557950159340869, 0.0 ], [ 51.575834085128847, 32.558033702729993, 0.0 ], [ 51.575801315884718, 32.558117768961679, 0.0 ], [ 51.575764948401329, 32.558224474550848, 0.0 ], [ 51.575735128534227, 32.558287917257992, 0.0 ], [ 51.575678545840731, 32.558393639916638, 0.0 ], [ 51.575621337657402, 32.558501227295118, 0.0 ], [ 51.575492990214357, 32.558671462759783, 0.0 ], [ 51.575394842960428, 32.558776115842541, 0.0 ], [ 51.575275969847802, 32.558879520258188, 0.0 ], [ 51.575157311320879, 32.5589804963993, 0.0 ], [ 51.575021495307773, 32.559057769771798, 0.0 ], [ 51.574928704087903, 32.559119297750961, 0.0 ], [ 51.574745507063398, 32.559222390226708, 0.0 ], [ 51.574631189391617, 32.55928356213699, 0.0 ], [ 51.574450811983553, 32.559363270912129, 0.0 ], [ 51.574245688894393, 32.559462212752202, 0.0 ], [ 51.574047767660289, 32.559516660173252, 0.0 ], [ 51.573845002293112, 32.559593622214358, 0.0 ], [ 51.573644804358473, 32.559651144931053, 0.0 ], [ 51.573373839141098, 32.559735717242219, 0.0 ], [ 51.573154085023013, 32.559784260008527, 0.0 ], [ 51.57292936411887, 32.559843913236421, 0.0 ], [ 51.572636944212981, 32.559920290968734, 0.0 ], [ 51.572323276362518, 32.55999301221383, 0.0 ], [ 51.571951283960097, 32.560036957116587, 0.0 ], [ 51.571741717647427, 32.560021844924748, 0.0 ], [ 51.571489958416898, 32.560004233413729, 0.0 ], [ 51.571322106432909, 32.559992491627277, 0.0 ], [ 51.571112724331009, 32.559976853566091, 0.0 ], [ 51.570924808988487, 32.559961962793018, 0.0 ], [ 51.570671706859827, 32.559946771289027, 0.0 ], [ 51.57035614191215, 32.559926059553888, 0.0 ], [ 51.57008271078012, 32.559907891300043, 0.0 ], [ 51.569726840875497, 32.559881151104349, 0.0 ], [ 51.56962290518868, 32.559872128501887, 0.0 ], [ 51.569651301821843, 32.560140450319807, 0.0 ] ] ] } },
{ "type": "Feature", "properties": { "Name": "Untitled Polygon", "description": null, "timestamp": null, "begin": null, "end": null, "altitudeMode": null, "tessellate": 1, "extrude": 0, "visibility": -1, "drawOrder": null, "icon": null, "class": 1 }, "geometry": { "type": "Polygon", "coordinates": [ [ [ 51.500591329474616, 32.605358948834663, 0.0 ], [ 51.499228510943098, 32.607220949773513, 0.0 ], [ 51.49300957519533, 32.600724305811873, 0.0 ], [ 51.498848379902071, 32.598283194300357, 0.0 ], [ 51.500591329474616, 32.605358948834663, 0.0 ] ] ] } },
{ "type": "Feature", "properties": { "Name": "Untitled Polygon", "description": null, "timestamp": null, "begin": null, "end": null, "altitudeMode": null, "tessellate": 1, "extrude": 0, "visibility": -1, "drawOrder": null, "icon": null, "class": 1 }, "geometry": { "type": "Polygon", "coordinates": [ [ [ 51.481114196503007, 32.635616021991467, 0.0 ], [ 51.474115546041602, 32.626972463227133, 0.0 ], [ 51.482522524984219, 32.629244700461157, 0.0 ], [ 51.482492832631657, 32.633561571961827, 0.0 ], [ 51.481114196503007, 32.635616021991467, 0.0 ] ] ] } },
{ "type": "Feature", "properties": { "Name": "Untitled Polygon", "description": null, "timestamp": null, "begin": null, "end": null, "altitudeMode": null, "tessellate": 1, "extrude": 0, "visibility": -1, "drawOrder": null, "icon": null, "class": 1 }, "geometry": { "type": "Polygon", "coordinates": [ [ [ 51.437638897970793, 32.622046526779073, 0.0 ], [ 51.441165350093129, 32.62008636630177, 0.0 ], [ 51.441930959013632, 32.626255128381359, 0.0 ], [ 51.437638897970793, 32.622046526779073, 0.0 ] ] ] } },
{ "type": "Feature", "properties": { "Name": "240", "description": null, "timestamp": null, "begin": null, "end": null, "altitudeMode": null, "tessellate": 1, "extrude": 0, "visibility": -1, "drawOrder": null, "icon": null, "class": 1 }, "geometry": { "type": "Polygon", "coordinates": [ [ [ 51.36286767072253, 32.644137075158291, 0.0 ], [ 51.361427041294547, 32.647234751519449, 0.0 ], [ 51.348893826679372, 32.642479396510304, 0.0 ], [ 51.36286767072253, 32.644137075158291, 0.0 ] ] ] } },
{ "type": "Feature", "properties": { "Name": "Untitled Polygon", "description": null, "timestamp": null, "begin": null, "end": null, "altitudeMode": null, "tessellate": 1, "extrude": 0, "visibility": -1, "drawOrder": null, "icon": null, "class": 1 }, "geometry": { "type": "Polygon", "coordinates": [ [ [ 51.347408474821819, 32.640788877110403, 0.0 ], [ 51.3433622279506, 32.625505885159527, 0.0 ], [ 51.352068041638148, 32.624062146262133, 0.0 ], [ 51.347408474821819, 32.640788877110403, 0.0 ] ] ] } },
{ "type": "Feature", "properties": { "Name": "Untitled Polygon", "description": null, "timestamp": null, "begin": null, "end": null, "altitudeMode": null, "tessellate": 1, "extrude": 0, "visibility": -1, "drawOrder": null, "icon": null, "class": 1 }, "geometry": { "type": "Polygon", "coordinates": [ [ [ 51.370413254691869, 32.641398523703693, 0.0 ], [ 51.377777803661893, 32.637981078098193, 0.0 ], [ 51.381228319603721, 32.639085800365741, 0.0 ], [ 51.370264660407592, 32.645604636025801, 0.0 ], [ 51.370413254691869, 32.641398523703693, 0.0 ] ] ] } },
{ "type": "Feature", "properties": { "Name": "Untitled Polygon", "description": null, "timestamp": null, "begin": null, "end": null, "altitudeMode": null, "tessellate": 1, "extrude": 0, "visibility": -1, "drawOrder": null, "icon": null, "class": 1 }, "geometry": { "type": "Polygon", "coordinates": [ [ [ 51.378932404303512, 32.635829023483353, 0.0 ], [ 51.379806691404298, 32.628976681992349, 0.0 ], [ 51.386286957279466, 32.630687077292627, 0.0 ], [ 51.387556499513408, 32.637824458572283, 0.0 ], [ 51.378932404303512, 32.635829023483353, 0.0 ] ] ] } },
{ "type": "Feature", "properties": { "Name": "Untitled Polygon", "description": null, "timestamp": null, "begin": null, "end": null, "altitudeMode": null, "tessellate": 1, "extrude": 0, "visibility": -1, "drawOrder": null, "icon": null, "class": 1 }, "geometry": { "type": "Polygon", "coordinates": [ [ [ 51.38129776892076, 32.626935099663129, 0.0 ], [ 51.374028035931417, 32.628825430421223, 0.0 ], [ 51.376393787880211, 32.625385004747891, 0.0 ], [ 51.38129776892076, 32.626935099663129, 0.0 ] ] ] } },
{ "type": "Feature", "properties": { "Name": "Untitled Polygon", "description": null, "timestamp": null, "begin": null, "end": null, "altitudeMode": null, "tessellate": 1, "extrude": 0, "visibility": -1, "drawOrder": null, "icon": null, "class": 1 }, "geometry": { "type": "Polygon", "coordinates": [ [ [ 51.394374612575923, 32.630784656048363, 0.0 ], [ 51.395399216386359, 32.628250312522951, 0.0 ], [ 51.398000769552013, 32.630222598271587, 0.0 ], [ 51.394374612575923, 32.630784656048363, 0.0 ] ] ] } },
{ "type": "Feature", "properties": { "Name": "Untitled Polygon", "description": null, "timestamp": null, "begin": null, "end": null, "altitudeMode": null, "tessellate": 1, "extrude": 0, "visibility": -1, "drawOrder": null, "icon": null, "class": 1 }, "geometry": { "type": "Polygon", "coordinates": [ [ [ 51.385587017513977, 32.628678328118617, 0.0 ], [ 51.389344455048871, 32.624824581396993, 0.0 ], [ 51.389946351853808, 32.630317087125242, 0.0 ], [ 51.385587017513977, 32.628678328118617, 0.0 ] ] ] } },
{ "type": "Feature", "properties": { "Name": "Untitled Polygon", "description": null, "timestamp": null, "begin": null, "end": null, "altitudeMode": null, "tessellate": 1, "extrude": 0, "visibility": -1, "drawOrder": null, "icon": null, "class": 1 }, "geometry": { "type": "Polygon", "coordinates": [ [ [ 51.309999163433147, 32.664206195928287, 0.0 ], [ 51.308866384368763, 32.659825245687777, 0.0 ], [ 51.328530437391699, 32.658193277760077, 0.0 ], [ 51.328949016056093, 32.662076006806693, 0.0 ], [ 51.309999163433147, 32.664206195928287, 0.0 ] ] ] } },
{ "type": "Feature", "properties": { "Name": "Untitled Polygon", "description": null, "timestamp": null, "begin": null, "end": null, "altitudeMode": null, "tessellate": 1, "extrude": 0, "visibility": -1, "drawOrder": null, "icon": null, "class": 1 }, "geometry": { "type": "Polygon", "coordinates": [ [ [ 51.296750596687673, 32.643556393902891, 0.0 ], [ 51.30600978798175, 32.641719109611607, 0.0 ], [ 51.306006300231381, 32.641763624770427, 0.0 ], [ 51.30606113797387, 32.647588170338032, 0.0 ], [ 51.293005084235773, 32.650749940775484, 0.0 ], [ 51.296750596687673, 32.643556393902891, 0.0 ] ] ] } },
{ "type": "Feature", "properties": { "Name": "Untitled Polygon", "description": null, "timestamp": null, "begin": null, "end": null, "altitudeMode": null, "tessellate": 1, "extrude": 0, "visibility": -1, "drawOrder": null, "icon": null, "class": 1 }, "geometry": { "type": "Polygon", "coordinates": [ [ [ 51.292731910782017, 32.643192032431052, 0.0 ], [ 51.29267837939765, 32.639023766356743, 0.0 ], [ 51.304207928148891, 32.637331076038542, 0.0 ], [ 51.304401534607379, 32.639283237817757, 0.0 ], [ 51.292731910782017, 32.643192032431052, 0.0 ] ] ] } },
{ "type": "Feature", "properties": { "Name": "250", "description": null, "timestamp": null, "begin": null, "end": null, "altitudeMode": null, "tessellate": 1, "extrude": 0, "visibility": -1, "drawOrder": null, "icon": null, "class": 1 }, "geometry": { "type": "Polygon", "coordinates": [ [ [ 51.29526868919497, 32.622905031678819, 0.0 ], [ 51.313457617802619, 32.620946644310607, 0.0 ], [ 51.314388814237013, 32.624928561220273, 0.0 ], [ 51.312449519834118, 32.625592152718653, 0.0 ], [ 51.312957971921151, 32.626197244112959, 0.0 ], [ 51.315748345595239, 32.625526962250781, 0.0 ], [ 51.319356963493732, 32.624273975790381, 0.0 ], [ 51.318648280381481, 32.621739270351, 0.0 ], [ 51.320825735975852, 32.621710203457432, 0.0 ], [ 51.320931550413597, 32.624631483596602, 0.0 ], [ 51.322037837567088, 32.635628542540601, 0.0 ], [ 51.315670238772029, 32.636132241322009, 0.0 ], [ 51.301538325980033, 32.636774027955802, 0.0 ], [ 51.301128291188952, 32.636229607598523, 0.0 ], [ 51.29903015883545, 32.636223719072063, 0.0 ], [ 51.29526868919497, 32.622905031678819, 0.0 ] ] ] } },
{ "type": "Feature", "properties": { "Name": "Untitled Polygon", "description": null, "timestamp": null, "begin": null, "end": null, "altitudeMode": null, "tessellate": 1, "extrude": 0, "visibility": -1, "drawOrder": null, "icon": null, "class": 1 }, "geometry": { "type": "Polygon", "coordinates": [ [ [ 51.312595914944353, 32.639364274858842, 0.0 ], [ 51.311742254375822, 32.639106895150057, 0.0 ], [ 51.311700318926427, 32.63897349206777, 0.0 ], [ 51.311709065156172, 32.638842495546911, 0.0 ], [ 51.31172961195557, 32.638537930022011, 0.0 ], [ 51.311738355968721, 32.638407631508322, 0.0 ], [ 51.305639726214103, 32.63735308796447, 0.0 ], [ 51.316907747234033, 32.636465839516717, 0.0 ], [ 51.320673491950373, 32.64419342728339, 0.0 ], [ 51.312595914944353, 32.639364274858842, 0.0 ] ] ] } },
{ "type": "Feature", "properties": { "Name": "Untitled Polygon", "description": null, "timestamp": null, "begin": null, "end": null, "altitudeMode": null, "tessellate": 1, "extrude": 0, "visibility": -1, "drawOrder": null, "icon": null, "class": 1 }, "geometry": { "type": "Polygon", "coordinates": [ [ [ 51.310393493566018, 32.646750593476384, 0.0 ], [ 51.308664832794634, 32.642632787353797, 0.0 ], [ 51.313023950301989, 32.642292377520612, 0.0 ], [ 51.31494142613159, 32.649188318781867, 0.0 ], [ 51.310393493566018, 32.646750593476384, 0.0 ] ] ] } },
{ "type": "Feature", "properties": { "Name": "Untitled Polygon", "description": null, "timestamp": null, "begin": null, "end": null, "altitudeMode": null, "tessellate": 1, "extrude": 0, "visibility": -1, "drawOrder": null, "icon": null, "class": 1 }, "geometry": { "type": "Polygon", "coordinates": [ [ [ 51.320544096801953, 32.65784572847376, 0.0 ], [ 51.329550925905693, 32.648423039298358, 0.0 ], [ 51.330479253239538, 32.654664961297343, 0.0 ], [ 51.326438417112733, 32.656969976130092, 0.0 ], [ 51.320544096801953, 32.65784572847376, 0.0 ] ] ] } },
{ "type": "Feature", "properties": { "Name": "Untitled Polygon", "description": null, "timestamp": null, "begin": null, "end": null, "altitudeMode": null, "tessellate": 1, "extrude": 0, "visibility": -1, "drawOrder": null, "icon": null, "class": 1 }, "geometry": { "type": "Polygon", "coordinates": [ [ [ 51.315746752096899, 32.649050022661058, 0.0 ], [ 51.315209386507419, 32.646474906362513, 0.0 ], [ 51.325624244130587, 32.643893573572733, 0.0 ], [ 51.327387987365277, 32.646575317479353, 0.0 ], [ 51.315746752096899, 32.649050022661058, 0.0 ] ] ] } },
{ "type": "Feature", "properties": { "Name": "Untitled Polygon", "description": null, "timestamp": null, "begin": null, "end": null, "altitudeMode": null, "tessellate": 1, "extrude": 0, "visibility": -1, "drawOrder": null, "icon": null, "class": 1 }, "geometry": { "type": "Polygon", "coordinates": [ [ [ 51.293347509530932, 32.656644936975958, 0.0 ], [ 51.292441983440277, 32.65227252496139, 0.0 ], [ 51.294991707988657, 32.651063277516101, 0.0 ], [ 51.296467022965402, 32.655616797708532, 0.0 ], [ 51.293347509530932, 32.656644936975958, 0.0 ] ] ] } },
{ "type": "Feature", "properties": { "Name": "Untitled Polygon", "description": null, "timestamp": null, "begin": null, "end": null, "altitudeMode": null, "tessellate": 1, "extrude": 0, "visibility": -1, "drawOrder": null, "icon": null, "class": 1 }, "geometry": { "type": "Polygon", "coordinates": [ [ [ 51.333324323861433, 32.648931032373547, 0.0 ], [ 51.331912672287018, 32.642598208928433, 0.0 ], [ 51.334304450283128, 32.642269324114793, 0.0 ], [ 51.335837049841913, 32.64820409218455, 0.0 ], [ 51.333324323861433, 32.648931032373547, 0.0 ] ] ] } },
{ "type": "Feature", "properties": { "Name": "Untitled Polygon", "description": null, "timestamp": null, "begin": null, "end": null, "altitudeMode": null, "tessellate": 1, "extrude": 0, "visibility": -1, "drawOrder": null, "icon": null, "class": 1 }, "geometry": { "type": "Polygon", "coordinates": [ [ [ 51.334952959360031, 32.652476323908203, 0.0 ], [ 51.336765921041113, 32.652053217483271, 0.0 ], [ 51.338568262590137, 32.657745496101889, 0.0 ], [ 51.335266487745557, 32.657846685472393, 0.0 ], [ 51.334952959360031, 32.652476323908203, 0.0 ] ] ] } },
{ "type": "Feature", "properties": { "Name": "Untitled Polygon", "description": null, "timestamp": null, "begin": null, "end": null, "altitudeMode": null, "tessellate": 1, "extrude": 0, "visibility": -1, "drawOrder": null, "icon": null, "class": 1 }, "geometry": { "type": "Polygon", "coordinates": [ [ [ 51.343818057524651, 32.667322465937822, 0.0 ], [ 51.341554315416801, 32.66186722632979, 0.0 ], [ 51.348206159346553, 32.661159900808791, 0.0 ], [ 51.350073585408559, 32.665070867124911, 0.0 ], [ 51.343818057524651, 32.667322465937822, 0.0 ] ] ] } },
{ "type": "Feature", "properties": { "Name": "Untitled Polygon", "description": null, "timestamp": null, "begin": null, "end": null, "altitudeMode": null, "tessellate": 1, "extrude": 0, "visibility": -1, "drawOrder": null, "icon": null, "class": 1 }, "geometry": { "type": "Polygon", "coordinates": [ [ [ 51.340266490625552, 32.661230888652852, 0.0 ], [ 51.337993482422299, 32.653045880378883, 0.0 ], [ 51.337181866666931, 32.650570561917682, 0.0 ], [ 51.33931409597421, 32.652663745346629, 0.0 ], [ 51.346973939603231, 32.660059246676497, 0.0 ], [ 51.340266490625552, 32.661230888652852, 0.0 ] ] ] } },
{ "type": "Feature", "properties": { "Name": "260", "description": null, "timestamp": null, "begin": null, "end": null, "altitudeMode": null, "tessellate": 1, "extrude": 0, "visibility": -1, "drawOrder": null, "icon": null, "class": 1 }, "geometry": { "type": "Polygon", "coordinates": [ [ [ 51.351842182128387, 32.65923446348971, 0.0 ], [ 51.351866435299129, 32.656583657915888, 0.0 ], [ 51.356134741206567, 32.657039952804112, 0.0 ], [ 51.356778258446603, 32.658554392730693, 0.0 ], [ 51.351842182128387, 32.65923446348971, 0.0 ] ] ] } },
{ "type": "Feature", "properties": { "Name": "Untitled Polygon", "description": null, "timestamp": null, "begin": null, "end": null, "altitudeMode": null, "tessellate": 1, "extrude": 0, "visibility": -1, "drawOrder": null, "icon": null, "class": 1 }, "geometry": { "type": "Polygon", "coordinates": [ [ [ 51.353072559809981, 32.663213739278802, 0.0 ], [ 51.351860679233702, 32.660335497876829, 0.0 ], [ 51.356299098573601, 32.659905806114047, 0.0 ], [ 51.359364543264221, 32.66272148591716, 0.0 ], [ 51.353072559809981, 32.663213739278802, 0.0 ] ] ] } },
{ "type": "Feature", "properties": { "Name": "Untitled Polygon", "description": null, "timestamp": null, "begin": null, "end": null, "altitudeMode": null, "tessellate": 1, "extrude": 0, "visibility": -1, "drawOrder": null, "icon": null, "class": 1 }, "geometry": { "type": "Polygon", "coordinates": [ [ [ 51.389758823062422, 32.677700265999199, 0.0 ], [ 51.384485839065533, 32.677433177949183, 0.0 ], [ 51.390760643157719, 32.660827296230707, 0.0 ], [ 51.395103944315792, 32.660787502072303, 0.0 ], [ 51.395413922507103, 32.670179301039568, 0.0 ], [ 51.401603512758157, 32.67054553273163, 0.0 ], [ 51.401313733662917, 32.673126060598221, 0.0 ], [ 51.396058912298287, 32.673235840681087, 0.0 ], [ 51.395726383228443, 32.67706199318863, 0.0 ], [ 51.389758823062422, 32.677700265999199, 0.0 ] ] ] } },
{ "type": "Feature", "properties": { "Name": "Untitled Polygon", "description": null, "timestamp": null, "begin": null, "end": null, "altitudeMode": null, "tessellate": 1, "extrude": 0, "visibility": -1, "drawOrder": null, "icon": null, "class": 1 }, "geometry": { "type": "Polygon", "coordinates": [ [ [ 51.40282326739942, 32.676647746240697, 0.0 ], [ 51.402406866352877, 32.670960253831602, 0.0 ], [ 51.40862949077858, 32.673426879772443, 0.0 ], [ 51.408923044828512, 32.676595315375103, 0.0 ], [ 51.40282326739942, 32.676647746240697, 0.0 ] ] ] } },
{ "type": "Feature", "properties": { "Name": "Untitled Polygon", "description": null, "timestamp": null, "begin": null, "end": null, "altitudeMode": null, "tessellate": 1, "extrude": 0, "visibility": -1, "drawOrder": null, "icon": null, "class": 1 }, "geometry": { "type": "Polygon", "coordinates": [ [ [ 51.413841551280967, 32.649081153292791, 0.0 ], [ 51.413723990806389, 32.645838476366301, 0.0 ], [ 51.417709780735521, 32.645980518004123, 0.0 ], [ 51.418639757731512, 32.649099775099479, 0.0 ], [ 51.413841551280967, 32.649081153292791, 0.0 ] ] ] } },
{ "type": "Feature", "properties": { "Name": "Untitled Polygon", "description": null, "timestamp": null, "begin": null, "end": null, "altitudeMode": null, "tessellate": 1, "extrude": 0, "visibility": -1, "drawOrder": null, "icon": null, "class": 1 }, "geometry": { "type": "Polygon", "coordinates": [ [ [ 51.414404863831351, 32.659613378425817, 0.0 ], [ 51.414133574015899, 32.653424208344731, 0.0 ], [ 51.418735359481929, 32.658362979697593, 0.0 ], [ 51.418851569564893, 32.659592303868443, 0.0 ], [ 51.414404863831351, 32.659613378425817, 0.0 ] ] ] } },
{ "type": "Feature", "properties": { "Name": "Untitled Polygon", "description": null, "timestamp": null, "begin": null, "end": null, "altitudeMode": null, "tessellate": 1, "extrude": 0, "visibility": -1, "drawOrder": null, "icon": null, "class": 1 }, "geometry": { "type": "Polygon", "coordinates": [ [ [ 51.416047439394781, 32.671390713702017, 0.0 ], [ 51.415898279515929, 32.67122663579395, 0.0 ], [ 51.415710435334397, 32.671092564693019, 0.0 ], [ 51.415586946606787, 32.670992909310577, 0.0 ], [ 51.415438705807723, 32.670829599768467, 0.0 ], [ 51.415286027229158, 32.670697696582607, 0.0 ], [ 51.415203638308377, 32.6705675745226, 0.0 ], [ 51.415144655777603, 32.670502547022437, 0.0 ], [ 51.415104755324172, 32.670313893566011, 0.0 ], [ 51.415016508953343, 32.670216693937547, 0.0 ], [ 51.41500142888161, 32.670091848601409, 0.0 ], [ 51.41498637449839, 32.669967205884838, 0.0 ], [ 51.414942027555007, 32.669810590407437, 0.0 ], [ 51.41486374103097, 32.669652750222042, 0.0 ], [ 51.414843961145863, 32.669559511929158, 0.0 ], [ 51.414776076576644, 32.669340553539918, 0.0 ], [ 51.414760823728272, 32.669217465286323, 0.0 ], [ 51.414760082614578, 32.669003468597339, 0.0 ], [ 51.414691989063563, 32.668786664125903, 0.0 ], [ 51.414686806162898, 32.668603773676551, 0.0 ], [ 51.41463835540587, 32.66848011359302, 0.0 ], [ 51.414608841546809, 32.668236504998923, 0.0 ], [ 51.414574614829448, 32.668023654109319, 0.0 ], [ 51.414535743847708, 32.667841277575192, 0.0 ], [ 51.414531537478268, 32.667660098549327, 0.0 ], [ 51.414455007465598, 32.667506443644463, 0.0 ], [ 51.414422305018107, 32.667294823267362, 0.0 ], [ 51.41439323427965, 32.667055121693892, 0.0 ], [ 51.414379405202048, 32.666935085251993, 0.0 ], [ 51.414337050306237, 32.666784272652748, 0.0 ], [ 51.414361254233583, 32.666636854976304, 0.0 ], [ 51.414366138283533, 32.666400431179923, 0.0 ], [ 51.41435162913406, 32.666281884246153, 0.0 ], [ 51.414351181329927, 32.666076208835733, 0.0 ], [ 51.414336691228073, 32.665958268498173, 0.0 ], [ 51.41436038441114, 32.665812796354523, 0.0 ], [ 51.414379418747266, 32.665696500888721, 0.0 ], [ 51.414407897738137, 32.665522391722511, 0.0 ], [ 51.414374446481972, 32.665317168969047, 0.0 ], [ 51.414407263191457, 32.665115328072943, 0.0 ], [ 51.414435295353513, 32.664942799597, 0.0 ], [ 51.41445860480934, 32.664799328997177, 0.0 ], [ 51.41449580649887, 32.664570356733158, 0.0 ], [ 51.414509726173193, 32.664484682604467, 0.0 ], [ 51.41463463041508, 32.664318569306623, 0.0 ], [ 51.414719017800188, 32.664207560476527, 0.0 ], [ 51.414836104690487, 32.664097968066848, 0.0 ], [ 51.41491073342393, 32.664044097554253, 0.0 ], [ 51.415092440608838, 32.663937895968573, 0.0 ], [ 51.415162520716741, 32.663912432416339, 0.0 ], [ 51.415401410426099, 32.663865509948572, 0.0 ], [ 51.415606497874798, 32.663817592816031, 0.0 ], [ 51.415807034502357, 32.663798039533042, 0.0 ], [ 51.416068670072157, 32.663809581207794, 0.0 ], [ 51.416236489427227, 32.663788541959839, 0.0 ], [ 51.416498299087991, 32.663800022575479, 0.0 ], [ 51.416792628982513, 32.663812988544443, 0.0 ], [ 51.417021633144749, 32.663823128954277, 0.0 ], [ 51.41725042532029, 32.663833348877738, 0.0 ], [ 51.417413803779283, 32.663840706245608, 0.0 ], [ 51.417610272058162, 32.663849335815051, 0.0 ], [ 51.417838784371853, 32.663859713219651, 0.0 ], [ 51.418034640733623, 32.663868739047032, 0.0 ], [ 51.418295824701197, 32.663880777414469, 0.0 ], [ 51.418491749707883, 32.663889803812843, 0.0 ], [ 51.418716692225694, 32.66392856716157, 0.0 ], [ 51.418909405285348, 32.663965610114289, 0.0 ], [ 51.41906954930888, 32.664001114983527, 0.0 ], [ 51.419357100036237, 32.664070848125512, 0.0 ], [ 51.419582647719281, 32.664109599210747, 0.0 ], [ 51.419804741355641, 32.664176757718998, 0.0 ], [ 51.420067856023692, 32.664187809454411, 0.0 ], [ 51.420356467776628, 32.664257428814857, 0.0 ], [ 51.420714061132763, 32.664301905903621, 0.0 ], [ 51.421134257620999, 32.664377728917977, 0.0 ], [ 51.421393754507498, 32.66441783452958, 0.0 ], [ 51.421748232845303, 32.664491539024191, 0.0 ], [ 51.422070828543077, 32.664563073438359, 0.0 ], [ 51.422426692631973, 32.664636033871197, 0.0 ], [ 51.422687039335493, 32.66467617875427, 0.0 ], [ 51.422944144729833, 32.66477024289911, 0.0 ], [ 51.423265054438147, 32.664870263202069, 0.0 ], [ 51.423519455287767, 32.664968786023223, 0.0 ], [ 51.423738190497041, 32.665094903363993, 0.0 ], [ 51.423999621761538, 32.665135210763829, 0.0 ], [ 51.424324734594833, 32.665206584897433, 0.0 ], [ 51.42468263939714, 32.665280881072363, 0.0 ], [ 51.424977203579253, 32.665323436935289, 0.0 ], [ 51.425304778753024, 32.665368011761828, 0.0 ], [ 51.425566418041562, 32.665409620015588, 0.0 ], [ 51.425859560007027, 32.665480245886727, 0.0 ], [ 51.426121777791153, 32.665521613788393, 0.0 ], [ 51.426351347910547, 32.665560689809922, 0.0 ], [ 51.426547902730142, 32.665598204021322, 0.0 ], [ 51.426846268136501, 32.665611119942469, 0.0 ], [ 51.427140314327673, 32.66568177963336, 0.0 ], [ 51.42750298063816, 32.665726711961291, 0.0 ], [ 51.427834731446943, 32.665741244237744, 0.0 ], [ 51.428133334761689, 32.665754359614823, 0.0 ], [ 51.428365583312207, 32.665764594858707, 0.0 ], [ 51.428527614337433, 32.665829812393973, 0.0 ], [ 51.428693588879113, 32.665837126613482, 0.0 ], [ 51.428826374866823, 32.665842977508269, 0.0 ], [ 51.428988677773077, 32.665908159396729, 0.0 ], [ 51.42915115854791, 32.665973011737229, 0.0 ], [ 51.429077384386588, 32.666086149113468, 0.0 ], [ 51.428931300352403, 32.666284536064403, 0.0 ], [ 51.428896126623428, 32.666312301475458, 0.0 ], [ 51.428786795748181, 32.666453906251448, 0.0 ], [ 51.428643743439203, 32.666594397630142, 0.0 ], [ 51.428535904769689, 32.666707170481892, 0.0 ], [ 51.428390442817282, 32.666877756203732, 0.0 ], [ 51.428244644675893, 32.667048738042723, 0.0 ], [ 51.428067061464127, 32.667189072910453, 0.0 ], [ 51.427893316752353, 32.667270455750668, 0.0 ], [ 51.42772362671468, 32.667292689322132, 0.0 ], [ 51.427482555622518, 32.667371004430457, 0.0 ], [ 51.427214269197613, 32.66735926986523, 0.0 ], [ 51.426945988583761, 32.667347592189913, 0.0 ], [ 51.426778357051511, 32.667340154882723, 0.0 ], [ 51.42661073454223, 32.667332717638601, 0.0 ], [ 51.426443120504757, 32.667325280410743, 0.0 ], [ 51.42630903455975, 32.667319331138359, 0.0 ], [ 51.426146286102401, 32.667252740290877, 0.0 ], [ 51.425916696386643, 32.66718323434926, 0.0 ], [ 51.425653686022507, 32.667112651277769, 0.0 ], [ 51.42542449634314, 32.667043267787612, 0.0 ], [ 51.425097973145199, 32.666939679667713, 0.0 ], [ 51.424802904264432, 32.666866529118103, 0.0 ], [ 51.424538979159273, 32.666823957609807, 0.0 ], [ 51.424214693169503, 32.666694357783932, 0.0 ], [ 51.42395658043867, 32.666593875438757, 0.0 ], [ 51.423699325712228, 32.666492661280813, 0.0 ], [ 51.423438629321979, 32.66642212466531, 0.0 ], [ 51.423247585015901, 32.666325709070144, 0.0 ], [ 51.423053784518572, 32.666258558171528, 0.0 ], [ 51.422863682629099, 32.666161632910033, 0.0 ], [ 51.422612657849648, 32.666004825065329, 0.0 ], [ 51.422326462702607, 32.665875151200467, 0.0 ], [ 51.422073663125062, 32.665747389182762, 0.0 ], [ 51.421784907708727, 32.665647221594462, 0.0 ], [ 51.421499955078723, 32.665518354029352, 0.0 ], [ 51.421304396205137, 32.665480839310838, 0.0 ], [ 51.421175330415323, 32.665446111293782, 0.0 ], [ 51.420983555579731, 32.665379586956867, 0.0 ], [ 51.420684620347373, 32.665367690758018, 0.0 ], [ 51.420388493461552, 32.665352954716809, 0.0 ], [ 51.420124464260752, 32.665340716596774, 0.0 ], [ 51.419858629549857, 32.665330323894153, 0.0 ], [ 51.419528500090699, 32.665315106885359, 0.0 ], [ 51.41922962109021, 32.665303197830063, 0.0 ], [ 51.418830378190798, 32.665313455734079, 0.0 ], [ 51.418624910894771, 32.665361994320037, 0.0 ], [ 51.418277391362878, 32.665463731270393, 0.0 ], [ 51.418207177819603, 32.665489786715789, 0.0 ], [ 51.417963212259842, 32.665566589362641, 0.0 ], [ 51.417744147087753, 32.665702848240848, 0.0 ], [ 51.417665668534127, 32.665787003323999, 0.0 ], [ 51.417553855789642, 32.665869831918911, 0.0 ], [ 51.417400712647918, 32.666009345320447, 0.0 ], [ 51.417248201074642, 32.666148432399702, 0.0 ], [ 51.417123001271698, 32.666319570251169, 0.0 ], [ 51.416994513542328, 32.666519502695138, 0.0 ], [ 51.416854937900858, 32.666780686883797, 0.0 ], [ 51.416690178233011, 32.666982130772737, 0.0 ], [ 51.416588889449827, 32.667215637429187, 0.0 ], [ 51.416552973274719, 32.667454070325427, 0.0 ], [ 51.416463940748102, 32.667599949373333, 0.0 ], [ 51.416432544150631, 32.667809434748072, 0.0 ], [ 51.416410568776122, 32.667958926948423, 0.0 ], [ 51.416376820719186, 32.668197370770997, 0.0 ], [ 51.41635965529705, 32.668317114691312, 0.0 ], [ 51.416325512974758, 32.668556942594101, 0.0 ], [ 51.416299604267657, 32.668737491836801, 0.0 ], [ 51.416405192052437, 32.668954276109773, 0.0 ], [ 51.416484837701212, 32.669110494554538, 0.0 ], [ 51.416602789375638, 32.669238311262959, 0.0 ], [ 51.416690975624903, 32.66933472611229, 0.0 ], [ 51.416873418495392, 32.669495928611802, 0.0 ], [ 51.416966724196222, 32.669561609891822, 0.0 ], [ 51.417148453403833, 32.669724645562489, 0.0 ], [ 51.417237978809311, 32.669820933013867, 0.0 ], [ 51.417395601813759, 32.669920559449913, 0.0 ], [ 51.417548728379153, 32.67005165092916, 0.0 ], [ 51.417642652434623, 32.670117814191137, 0.0 ], [ 51.417835827582721, 32.670218399959907, 0.0 ], [ 51.41802085622912, 32.670380950228306, 0.0 ], [ 51.418214339608483, 32.670482090328278, 0.0 ], [ 51.418347067760628, 32.670519234129102, 0.0 ], [ 51.418612968961718, 32.670593162366892, 0.0 ], [ 51.418881575748898, 32.670638251121183, 0.0 ], [ 51.419044771502953, 32.670708167850869, 0.0 ], [ 51.419285670035912, 32.670717707223979, 0.0 ], [ 51.419560494261873, 32.670728953557798, 0.0 ], [ 51.4196937555377, 32.67076613713995, 0.0 ], [ 51.419895302795879, 32.67080679422039, 0.0 ], [ 51.420168698387073, 32.670820634638559, 0.0 ], [ 51.420340081916279, 32.670828503995558, 0.0 ], [ 51.420478233038629, 32.670833101152773, 0.0 ], [ 51.420785144926739, 32.670849778231883, 0.0 ], [ 51.420887532380412, 32.670855254627888, 0.0 ], [ 51.421162329063108, 32.670867020885652, 0.0 ], [ 51.421368466189762, 32.670875784548038, 0.0 ], [ 51.421643388977643, 32.670887333543, 0.0 ], [ 51.421877174593298, 32.670959596556763, 0.0 ], [ 51.422048361422149, 32.670968297357277, 0.0 ], [ 51.42232295958356, 32.670980753485352, 0.0 ], [ 51.422528684618669, 32.670990397140322, 0.0 ], [ 51.422734487191953, 32.671000098331007, 0.0 ], [ 51.422906009571427, 32.671008182712171, 0.0 ], [ 51.42307755230155, 32.671016267988001, 0.0 ], [ 51.423352054436187, 32.671029205329752, 0.0 ], [ 51.423523641813283, 32.67103729265618, 0.0 ], [ 51.423689263960121, 32.671107625634392, 0.0 ], [ 51.423857996375901, 32.671146866329828, 0.0 ], [ 51.42409553220137, 32.671189365973071, 0.0 ], [ 51.424299354484482, 32.671228743395659, 0.0 ], [ 51.42453806691325, 32.671268705276802, 0.0 ], [ 51.424775974117239, 32.671311089756962, 0.0 ], [ 51.42511450474791, 32.671389546136567, 0.0 ], [ 51.425355366225588, 32.671400704092882, 0.0 ], [ 51.425490423455912, 32.671438479134459, 0.0 ], [ 51.425762966642033, 32.671483570121488, 0.0 ], [ 51.425935357007553, 32.671490908901553, 0.0 ], [ 51.42614226154862, 32.671499548630052, 0.0 ], [ 51.426418133652447, 32.671511066542571, 0.0 ], [ 51.426590660558233, 32.671517840567333, 0.0 ], [ 51.426836908814842, 32.671464624423798, 0.0 ], [ 51.426979436123098, 32.671407848202179, 0.0 ], [ 51.427126308228232, 32.671289336025147, 0.0 ], [ 51.427275166110412, 32.671140063294622, 0.0 ], [ 51.427385049540327, 32.671051209442929, 0.0 ], [ 51.427460572802772, 32.670960614580252, 0.0 ], [ 51.427574699116811, 32.670809712585992, 0.0 ], [ 51.427685948154988, 32.670692055068983, 0.0 ], [ 51.427793133740622, 32.670634081908879, 0.0 ], [ 51.427938667185423, 32.670517454614973, 0.0 ], [ 51.42807964881731, 32.670462928260129, 0.0 ], [ 51.428184409028113, 32.670436631947616, 0.0 ], [ 51.428252854135138, 32.670439647121469, 0.0 ], [ 51.428498415286448, 32.670358047123841, 0.0 ], [ 51.428703599785337, 32.67036753095659, 0.0 ], [ 51.428876534463299, 32.670344657400527, 0.0 ], [ 51.429049451965923, 32.670321633550103, 0.0 ], [ 51.429256599966997, 32.670298594048823, 0.0 ], [ 51.429499614514746, 32.670246073115401, 0.0 ], [ 51.429677620824542, 32.670128957843268, 0.0 ], [ 51.429821264899019, 32.670011348248813, 0.0 ], [ 51.429894667095901, 32.669922451989812, 0.0 ], [ 51.430042803124323, 32.669714892196247, 0.0 ], [ 51.430078541963987, 32.669685854115833, 0.0 ], [ 51.43019240732287, 32.669477489276737, 0.0 ], [ 51.430231364356651, 32.669387764153072, 0.0 ], [ 51.430344678193208, 32.669178748385377, 0.0 ], [ 51.430417377443533, 32.669090453938892, 0.0 ], [ 51.430459302656963, 32.668940452036857, 0.0 ], [ 51.430467302039197, 32.668789428493056, 0.0 ], [ 51.430476894113824, 32.668608884901232, 0.0 ], [ 51.430451096511021, 32.66845749440273, 0.0 ], [ 51.430455911635221, 32.668367459148563, 0.0 ], [ 51.43043333947714, 32.668155674453963, 0.0 ], [ 51.430438128361232, 32.668065751331021, 0.0 ], [ 51.43045082332187, 32.667826283369919, 0.0 ], [ 51.430455578201538, 32.667735881725491, 0.0 ], [ 51.430465066028987, 32.667555444606201, 0.0 ], [ 51.430541641758623, 32.667379586677797, 0.0 ], [ 51.430619593771688, 32.66717757045781, 0.0 ], [ 51.430729210945472, 32.667005648771188, 0.0 ], [ 51.430838560864977, 32.666833201326938, 0.0 ], [ 51.430943202475397, 32.666749209846373, 0.0 ], [ 51.431078179305921, 32.66672545811803, 0.0 ], [ 51.431278449407138, 32.666734087078673, 0.0 ], [ 51.431410583587073, 32.66676943522031, 0.0 ], [ 51.431540011991288, 32.666863298043467, 0.0 ], [ 51.431702983961877, 32.666958510454869, 0.0 ], [ 51.431862219269597, 32.667142253445199, 0.0 ], [ 51.431992187935599, 32.667236388793469, 0.0 ], [ 51.432155714616528, 32.667331965301443, 0.0 ], [ 51.432287208214021, 32.667396680181852, 0.0 ], [ 51.432414656745287, 32.667583183650578, 0.0 ], [ 51.432477242427417, 32.667705695483107, 0.0 ], [ 51.432602113211097, 32.667949404684599, 0.0 ], [ 51.432661510296867, 32.668162417881703, 0.0 ], [ 51.432752906415253, 32.668403347535317, 0.0 ], [ 51.432843574925933, 32.668675933197292, 0.0 ], [ 51.432902199035709, 32.668919777862342, 0.0 ], [ 51.432930729833892, 32.669073369469892, 0.0 ], [ 51.433023780464737, 32.669321289457983, 0.0 ], [ 51.433018324632691, 32.669473258641922, 0.0 ], [ 51.433082277905918, 32.669599637962399, 0.0 ], [ 51.433076198295353, 32.669784879180582, 0.0 ], [ 51.433071805943371, 32.669906973389892, 0.0 ], [ 51.43306173269719, 32.670181523074497, 0.0 ], [ 51.433056121818673, 32.67033445597955, 0.0 ], [ 51.433017398930581, 32.670455364223884, 0.0 ], [ 51.433011759899813, 32.670608871704502, 0.0 ], [ 51.432904597051277, 32.670728140413637, 0.0 ], [ 51.432830378682937, 32.670879936266111, 0.0 ], [ 51.432756006888262, 32.671032034085677, 0.0 ], [ 51.432683844078717, 32.671122106431213, 0.0 ], [ 51.43261006922755, 32.671242098938038, 0.0 ], [ 51.43246336337738, 32.671449078382302, 0.0 ], [ 51.432283589117723, 32.671627145096267, 0.0 ], [ 51.432140606779548, 32.671746008653827, 0.0 ], [ 51.43196436846759, 32.671833196672949, 0.0 ], [ 51.43178926562927, 32.671889135750419, 0.0 ], [ 51.43154501350655, 32.67194254243725, 0.0 ], [ 51.431263104028972, 32.672057161420923, 0.0 ], [ 51.43087846713771, 32.672135301561973, 0.0 ], [ 51.430529534484798, 32.672183777574688, 0.0 ], [ 51.430251227680728, 32.672203011469051, 0.0 ], [ 51.429972891010188, 32.672222421181502, 0.0 ], [ 51.42973074790202, 32.672212227575557, 0.0 ], [ 51.42959231772722, 32.672208603508203, 0.0 ], [ 51.42941916297692, 32.672204018522557, 0.0 ], [ 51.429176808858628, 32.672196045155353, 0.0 ], [ 51.429003835721488, 32.672187929908119, 0.0 ], [ 51.428761695405953, 32.672176568753493, 0.0 ], [ 51.42858473772209, 32.672231340664887, 0.0 ], [ 51.428273354638648, 32.672216923120907, 0.0 ], [ 51.42785586880877, 32.672230705996377, 0.0 ], [ 51.427436188154772, 32.672275071959128, 0.0 ], [ 51.426981323576491, 32.67231910299207, 0.0 ], [ 51.426594699631352, 32.672369129894967, 0.0 ], [ 51.426279983712917, 32.672388656840212, 0.0 ], [ 51.426067243485427, 32.672441655297717, 0.0 ], [ 51.425785067349338, 32.672491412256292, 0.0 ], [ 51.425641362694883, 32.672547753884857, 0.0 ], [ 51.425430712210499, 32.672569725178249, 0.0 ], [ 51.425251967462863, 32.672625072392222, 0.0 ], [ 51.425038335626063, 32.672678914587152, 0.0 ], [ 51.424792384007198, 32.672700488831353, 0.0 ], [ 51.424577298855361, 32.672757969986733, 0.0 ], [ 51.424400075252962, 32.672783983786907, 0.0 ], [ 51.424118487137477, 32.672805286895041, 0.0 ], [ 51.423872091457639, 32.672826575117988, 0.0 ], [ 51.423559467835169, 32.672812019340029, 0.0 ], [ 51.423213144101801, 32.672793477534661, 0.0 ], [ 51.422900533198067, 32.672779217918539, 0.0 ], [ 51.42269265664379, 32.672768556804343, 0.0 ], [ 51.422519500910028, 32.672759578243742, 0.0 ], [ 51.422346218960953, 32.672750945257327, 0.0 ], [ 51.422106393752912, 32.672708378775688, 0.0 ], [ 51.421870130088841, 32.672633951531353, 0.0 ], [ 51.421668781352743, 32.672561109814559, 0.0 ], [ 51.421398160809701, 32.672485448917307, 0.0 ], [ 51.421127677269219, 32.672410002364551, 0.0 ], [ 51.420930455930133, 32.672305777643373, 0.0 ], [ 51.420656741617698, 32.672262240211538, 0.0 ], [ 51.42052554426634, 32.672192863302087, 0.0 ], [ 51.420321388291029, 32.672152316655392, 0.0 ], [ 51.420225050990993, 32.672084499177203, 0.0 ], [ 51.41999091720092, 32.672009921592291, 0.0 ], [ 51.41992184319848, 32.672006729213862, 0.0 ], [ 51.419752886909563, 32.671967377929043, 0.0 ], [ 51.419515013969168, 32.671924789021197, 0.0 ], [ 51.419376949569497, 32.671918399385582, 0.0 ], [ 51.419204383202391, 32.671910414402767, 0.0 ], [ 51.418970632818443, 32.671836479165457, 0.0 ], [ 51.418763674430593, 32.671826904237193, 0.0 ], [ 51.418629650404647, 32.67178922651464, 0.0 ], [ 51.418530171164967, 32.671753150106639, 0.0 ], [ 51.418353727021888, 32.671776596778258, 0.0 ], [ 51.418142731829533, 32.671798471352993, 0.0 ], [ 51.418039365628857, 32.671793588090331, 0.0 ], [ 51.417901834705972, 32.67178669866491, 0.0 ], [ 51.417764006480432, 32.671780213168837, 0.0 ], [ 51.417557105929518, 32.671770738170892, 0.0 ], [ 51.417384448931443, 32.671763134626978, 0.0 ], [ 51.417220345445159, 32.671692846288863, 0.0 ], [ 51.417017472514488, 32.671652532436582, 0.0 ], [ 51.416849147810652, 32.671613801534917, 0.0 ], [ 51.416676347366661, 32.671606574049619, 0.0 ], [ 51.416512602847376, 32.671536489964097, 0.0 ], [ 51.416408963954787, 32.671532154333157, 0.0 ], [ 51.416249972883797, 32.671430746325598, 0.0 ], [ 51.416121079737763, 32.671362246920772, 0.0 ], [ 51.416017545166177, 32.671357917117618, 0.0 ], [ 51.416047439394781, 32.671390713702017, 0.0 ] ] ] } },
{ "type": "Feature", "properties": { "Name": "Untitled Polygon", "description": null, "timestamp": null, "begin": null, "end": null, "altitudeMode": null, "tessellate": 1, "extrude": 0, "visibility": -1, "drawOrder": null, "icon": null, "class": 1 }, "geometry": { "type": "Polygon", "coordinates": [ [ [ 51.415222181053238, 32.675591874664057, 0.0 ], [ 51.414714503513757, 32.673563160068568, 0.0 ], [ 51.42239906252329, 32.674960203007103, 0.0 ], [ 51.415222181053238, 32.675591874664057, 0.0 ] ] ] } },
{ "type": "Feature", "properties": { "Name": "Untitled Polygon", "description": null, "timestamp": null, "begin": null, "end": null, "altitudeMode": null, "tessellate": 1, "extrude": 0, "visibility": -1, "drawOrder": null, "icon": null, "class": 1 }, "geometry": { "type": "Polygon", "coordinates": [ [ [ 51.41666516845752, 32.67316956759268, 0.0 ], [ 51.4168689156214, 32.672217081294228, 0.0 ], [ 51.421716918197923, 32.673077543513699, 0.0 ], [ 51.422502846232, 32.673950047548878, 0.0 ], [ 51.41666516845752, 32.67316956759268, 0.0 ] ] ] } },
{ "type": "Feature", "properties": { "Name": "Untitled Polygon", "description": null, "timestamp": null, "begin": null, "end": null, "altitudeMode": null, "tessellate": 1, "extrude": 0, "visibility": -1, "drawOrder": null, "icon": null, "class": 1 }, "geometry": { "type": "Polygon", "coordinates": [ [ [ 51.423680208083667, 32.675666793130667, 0.0 ], [ 51.424470635927293, 32.673556460306557, 0.0 ], [ 51.433650373317363, 32.672067575684373, 0.0 ], [ 51.433631619983302, 32.674692784040467, 0.0 ], [ 51.423680208083667, 32.675666793130667, 0.0 ] ] ] } },
{ "type": "Feature", "properties": { "Name": "270", "description": null, "timestamp": null, "begin": null, "end": null, "altitudeMode": null, "tessellate": 1, "extrude": 0, "visibility": -1, "drawOrder": null, "icon": null, "class": 1 }, "geometry": { "type": "Polygon", "coordinates": [ [ [ 51.415696449218743, 32.662712332626981, 0.0 ], [ 51.416196208434663, 32.659994851545449, 0.0 ], [ 51.418868528243223, 32.65990623008414, 0.0 ], [ 51.42050051714488, 32.660136460407067, 0.0 ], [ 51.421800675067907, 32.660838421231617, 0.0 ], [ 51.423761947211418, 32.662640591990247, 0.0 ], [ 51.426813489096418, 32.662966779886759, 0.0 ], [ 51.427013405454836, 32.664667112193392, 0.0 ], [ 51.415696449218743, 32.662712332626981, 0.0 ] ] ] } },
{ "type": "Feature", "properties": { "Name": "Untitled Polygon", "description": null, "timestamp": null, "begin": null, "end": null, "altitudeMode": null, "tessellate": 1, "extrude": 0, "visibility": -1, "drawOrder": null, "icon": null, "class": 1 }, "geometry": { "type": "Polygon", "coordinates": [ [ [ 51.47160702553191, 32.650563511161288, 0.0 ], [ 51.473678412869738, 32.649481406884142, 0.0 ], [ 51.47395236592746, 32.651130004549557, 0.0 ], [ 51.47160702553191, 32.650563511161288, 0.0 ] ] ] } },
{ "type": "Feature", "properties": { "Name": "Untitled Polygon", "description": null, "timestamp": null, "begin": null, "end": null, "altitudeMode": null, "tessellate": 1, "extrude": 0, "visibility": -1, "drawOrder": null, "icon": null, "class": 1 }, "geometry": { "type": "Polygon", "coordinates": [ [ [ 51.474988166251912, 32.65501071255035, 0.0 ], [ 51.474782514953702, 32.652573564328478, 0.0 ], [ 51.474788470608772, 32.652103355823193, 0.0 ], [ 51.483162225864689, 32.651525898825923, 0.0 ], [ 51.482013046214107, 32.650469526370529, 0.0 ], [ 51.48277197529297, 32.64917325406406, 0.0 ], [ 51.483805971372277, 32.649134382407652, 0.0 ], [ 51.48525674400927, 32.649897598891521, 0.0 ], [ 51.486018323214871, 32.650516132924331, 0.0 ], [ 51.486362925778273, 32.651073584718162, 0.0 ], [ 51.487017102403648, 32.65207132539755, 0.0 ], [ 51.487084138334872, 32.652581280364082, 0.0 ], [ 51.486232379190803, 32.653318203735218, 0.0 ], [ 51.485143068260257, 32.653919960894051, 0.0 ], [ 51.485095511339473, 32.653918016277807, 0.0 ], [ 51.484149409373913, 32.654440295992742, 0.0 ], [ 51.482833113264647, 32.654689004948011, 0.0 ], [ 51.474988166251912, 32.65501071255035, 0.0 ] ] ] } },
{ "type": "Feature", "properties": { "Name": "Untitled Polygon", "description": null, "timestamp": null, "begin": null, "end": null, "altitudeMode": null, "tessellate": 1, "extrude": 0, "visibility": -1, "drawOrder": null, "icon": null, "class": 1 }, "geometry": { "type": "Polygon", "coordinates": [ [ [ 51.499858576501254, 32.633783402701603, 0.0 ], [ 51.502003605190808, 32.63354251031631, 0.0 ], [ 51.504831783787907, 32.638441962881338, 0.0 ], [ 51.500380500331062, 32.637598736840992, 0.0 ], [ 51.499858576501254, 32.633783402701603, 0.0 ] ] ] } },
{ "type": "Feature", "properties": { "Name": "Untitled Polygon", "description": null, "timestamp": null, "begin": null, "end": null, "altitudeMode": null, "tessellate": 1, "extrude": 0, "visibility": -1, "drawOrder": null, "icon": null, "class": 1 }, "geometry": { "type": "Polygon", "coordinates": [ [ [ 51.493366970194721, 32.644254730632269, 0.0 ], [ 51.49881293466666, 32.639240586674887, 0.0 ], [ 51.500786236416673, 32.639898722734799, 0.0 ], [ 51.493366970194721, 32.644254730632269, 0.0 ] ] ] } },
{ "type": "Feature", "properties": { "Name": "Untitled Polygon", "description": null, "timestamp": null, "begin": null, "end": null, "altitudeMode": null, "tessellate": 1, "extrude": 0, "visibility": -1, "drawOrder": null, "icon": null, "class": 1 }, "geometry": { "type": "Polygon", "coordinates": [ [ [ 51.494950344841399, 32.644321211184497, 0.0 ], [ 51.501147452441018, 32.646640148872429, 0.0 ], [ 51.500227619623693, 32.647884021520923, 0.0 ], [ 51.494950344841399, 32.644321211184497, 0.0 ] ] ] } },
{ "type": "Feature", "properties": { "Name": "Untitled Polygon", "description": null, "timestamp": null, "begin": null, "end": null, "altitudeMode": null, "tessellate": 1, "extrude": 0, "visibility": -1, "drawOrder": null, "icon": null, "class": 1 }, "geometry": { "type": "Polygon", "coordinates": [ [ [ 51.50419029789758, 32.639397067208613, 0.0 ], [ 51.505052393554102, 32.639525989439377, 0.0 ], [ 51.502768429666027, 32.645976793173602, 0.0 ], [ 51.501392103941839, 32.645725778520941, 0.0 ], [ 51.50419029789758, 32.639397067208613, 0.0 ] ] ] } },
{ "type": "Feature", "properties": { "Name": "Untitled Polygon", "description": null, "timestamp": null, "begin": null, "end": null, "altitudeMode": null, "tessellate": 1, "extrude": 0, "visibility": -1, "drawOrder": null, "icon": null, "class": 1 }, "geometry": { "type": "Polygon", "coordinates": [ [ [ 51.504837491821057, 32.613635232675861, 0.0 ], [ 51.506418441124723, 32.611920582432063, 0.0 ], [ 51.511207740415898, 32.613863802880303, 0.0 ], [ 51.510290272425358, 32.616100206101017, 0.0 ], [ 51.504837491821057, 32.613635232675861, 0.0 ] ] ] } },
{ "type": "Feature", "properties": { "Name": "Untitled Polygon", "description": null, "timestamp": null, "begin": null, "end": null, "altitudeMode": null, "tessellate": 1, "extrude": 0, "visibility": -1, "drawOrder": null, "icon": null, "class": 1 }, "geometry": { "type": "Polygon", "coordinates": [ [ [ 51.520745128755017, 32.631443027346172, 0.0 ], [ 51.521034346684232, 32.630810316924943, 0.0 ], [ 51.520908936952488, 32.630378319788562, 0.0 ], [ 51.520155422391362, 32.630006108810683, 0.0 ], [ 51.518652524672412, 32.628974051082487, 0.0 ], [ 51.518942862220847, 32.628650352954637, 0.0 ], [ 51.519871755010918, 32.628185775838787, 0.0 ], [ 51.519394110353971, 32.627625676012997, 0.0 ], [ 51.519501675293029, 32.626967550697778, 0.0 ], [ 51.520049126219682, 32.626783756271152, 0.0 ], [ 51.521203679000322, 32.626913569975571, 0.0 ], [ 51.521243521047282, 32.626956835350938, 0.0 ], [ 51.522466035835834, 32.62725675286196, 0.0 ], [ 51.52260042056475, 32.627303519224512, 0.0 ], [ 51.522841015494329, 32.627896255896097, 0.0 ], [ 51.522810849951227, 32.628103249911639, 0.0 ], [ 51.522746582319328, 32.628557854188529, 0.0 ], [ 51.524068909074643, 32.628907859248628, 0.0 ], [ 51.524204367450913, 32.628955586357563, 0.0 ], [ 51.524292906060403, 32.629001214701198, 0.0 ], [ 51.524539305521493, 32.629641289867763, 0.0 ], [ 51.524051969921381, 32.63111096551129, 0.0 ], [ 51.523252862010928, 32.632025141859401, 0.0 ], [ 51.52208686315501, 32.632105511343248, 0.0 ], [ 51.520473353730821, 32.63164735177596, 0.0 ], [ 51.520745128755017, 32.631443027346172, 0.0 ] ] ] } },
{ "type": "Feature", "properties": { "Name": "Untitled Polygon", "description": null, "timestamp": null, "begin": null, "end": null, "altitudeMode": null, "tessellate": 1, "extrude": 0, "visibility": -1, "drawOrder": null, "icon": null, "class": 1 }, "geometry": { "type": "Polygon", "coordinates": [ [ [ 51.540004707574553, 32.642730951661278, 0.0 ], [ 51.540118712140277, 32.642614328502852, 0.0 ], [ 51.540225895288771, 32.642558263911717, 0.0 ], [ 51.540393399677853, 32.64256557712438, 0.0 ], [ 51.540527408132178, 32.642571427037112, 0.0 ], [ 51.540761938627767, 32.642581664427603, 0.0 ], [ 51.54096308644634, 32.642590228696378, 0.0 ], [ 51.541130847149176, 32.642597080944157, 0.0 ], [ 51.54129860505229, 32.642603931674628, 0.0 ], [ 51.541429771654272, 32.642639646579127, 0.0 ], [ 51.541658387933019, 32.642710381203109, 0.0 ], [ 51.541789965313292, 32.642745562934067, 0.0 ], [ 51.541890692319797, 32.642749821888493, 0.0 ], [ 51.542125749442746, 32.642759448170352, 0.0 ], [ 51.542293623598027, 32.642766308057602, 0.0 ], [ 51.542560935989691, 32.642780857587717, 0.0 ], [ 51.5428636382793, 32.642791938538949, 0.0 ], [ 51.542997682896747, 32.642798273902038, 0.0 ], [ 51.543098224150363, 32.642803026747877, 0.0 ], [ 51.543237602919838, 32.642748581809251, 0.0 ], [ 51.54325085487649, 32.642596883665021, 0.0 ], [ 51.54335450134495, 32.642177176179473, 0.0 ], [ 51.543429002702077, 32.642090058374691, 0.0 ], [ 51.543544408291559, 32.641914615574159, 0.0 ], [ 51.543687685774323, 32.641801039962353, 0.0 ], [ 51.543792612307954, 32.641745700177772, 0.0 ], [ 51.544002052570718, 32.64163478952657, 0.0 ], [ 51.54413991337605, 32.641580842473253, 0.0 ], [ 51.544310884553553, 32.641528342925092, 0.0 ], [ 51.544517232223903, 32.641447585275628, 0.0 ], [ 51.544751867103592, 32.641427845171627, 0.0 ], [ 51.544917848158804, 32.641435006682407, 0.0 ], [ 51.545183433077042, 32.641446948529413, 0.0 ], [ 51.545280798417132, 32.64148157773014, 0.0 ], [ 51.545373958125658, 32.641575693957734, 0.0 ], [ 51.545361455815012, 32.641753215477131, 0.0 ], [ 51.545350890381762, 32.6419027453572, 0.0 ], [ 51.545344750642563, 32.641991008550256, 0.0 ], [ 51.545333986947647, 32.642141318043151, 0.0 ], [ 51.54532314412311, 32.642292498978911, 0.0 ], [ 51.545312639643683, 32.642442017852488, 0.0 ], [ 51.545301707864901, 32.642594456802932, 0.0 ], [ 51.545290961579362, 32.642745774513962, 0.0 ], [ 51.54528018912859, 32.642897445564508, 0.0 ], [ 51.545269434067109, 32.643049098188307, 0.0 ], [ 51.545184730919111, 32.643290440316989, 0.0 ], [ 51.54510398899464, 32.643471721326549, 0.0 ], [ 51.544984934279938, 32.643712945826287, 0.0 ], [ 51.544906207785417, 32.64386318678342, 0.0 ], [ 51.544791137074199, 32.644043309811472, 0.0 ], [ 51.54467340934815, 32.644255136191383, 0.0 ], [ 51.544564786023862, 32.644342780198457, 0.0 ], [ 51.544489630626032, 32.644433601345277, 0.0 ], [ 51.544409565729516, 32.644587500727887, 0.0 ], [ 51.544261277569888, 32.644737333582327, 0.0 ], [ 51.544112782841609, 32.644887878751703, 0.0 ], [ 51.543968846501741, 32.644976193082989, 0.0 ], [ 51.54379829544127, 32.644968639600108, 0.0 ], [ 51.543627784908047, 32.644960962817137, 0.0 ], [ 51.543423188796403, 32.644951750164793, 0.0 ], [ 51.543252705287657, 32.644944073630789, 0.0 ], [ 51.543121786104443, 32.644875114678968, 0.0 ], [ 51.542917248509902, 32.644866223866337, 0.0 ], [ 51.542746806013042, 32.644858814915708, 0.0 ], [ 51.542573531161032, 32.644882740065363, 0.0 ], [ 51.54249389412395, 32.645005259353567, 0.0 ], [ 51.542345793301607, 32.645125049589304, 0.0 ], [ 51.542262813565053, 32.645279707753353, 0.0 ], [ 51.542219778836262, 32.645372965381753, 0.0 ], [ 51.542139452777498, 32.645496564787187, 0.0 ], [ 51.542058972225263, 32.645620401132881, 0.0 ], [ 51.541953019683852, 32.645647829317191, 0.0 ], [ 51.541712758242213, 32.645637886072556, 0.0 ], [ 51.541475568120589, 32.645596406364533, 0.0 ], [ 51.54137575236733, 32.64556048731702, 0.0 ], [ 51.541279246948108, 32.645492713619333, 0.0 ], [ 51.54111755405404, 32.645390421584509, 0.0 ], [ 51.54098385920301, 32.645352858162518, 0.0 ], [ 51.540853197374048, 32.645284475860983, 0.0 ], [ 51.540685188696258, 32.645246109058732, 0.0 ], [ 51.540456024243568, 32.645140804388873, 0.0 ], [ 51.540357014237429, 32.645104571798782, 0.0 ], [ 51.540155300716648, 32.645064480708712, 0.0 ], [ 51.539994435759994, 32.64496384207969, 0.0 ], [ 51.539834758426473, 32.644861330533089, 0.0 ], [ 51.539676364583592, 32.644757087382757, 0.0 ], [ 51.539584892734368, 32.644658486468991, 0.0 ], [ 51.539434313644023, 32.644467456465428, 0.0 ], [ 51.540004707574553, 32.642730951661278, 0.0 ] ] ] } },
{ "type": "Feature", "properties": { "Name": "Untitled Polygon", "description": null, "timestamp": null, "begin": null, "end": null, "altitudeMode": null, "tessellate": 1, "extrude": 0, "visibility": -1, "drawOrder": null, "icon": null, "class": 1 }, "geometry": { "type": "Polygon", "coordinates": [ [ [ 51.547834013657962, 32.647744023817111, 0.0 ], [ 51.548150410255353, 32.647608368667377, 0.0 ], [ 51.54846790245044, 32.646591662694163, 0.0 ], [ 51.548528048204652, 32.644384384742217, 0.0 ], [ 51.54938242688474, 32.642283170652362, 0.0 ], [ 51.553156380899892, 32.643347961894271, 0.0 ], [ 51.552270240172348, 32.649656581764049, 0.0 ], [ 51.551669577053232, 32.649570138488272, 0.0 ], [ 51.551534947667591, 32.649564500791691, 0.0 ], [ 51.551333004593488, 32.649556045757123, 0.0 ], [ 51.551192695450517, 32.649611410424718, 0.0 ], [ 51.551091698205298, 32.649607132706969, 0.0 ], [ 51.550923649819751, 32.649599585725838, 0.0 ], [ 51.550721532532549, 32.649591314801881, 0.0 ], [ 51.550448922840708, 32.649610846408827, 0.0 ], [ 51.550244677109241, 32.649630917185767, 0.0 ], [ 51.550138736818496, 32.649684816482598, 0.0 ], [ 51.54999353814857, 32.649773253330594, 0.0 ], [ 51.549878571310721, 32.649894092257817, 0.0 ], [ 51.549636304035538, 32.649944630320427, 0.0 ], [ 51.549427751464357, 32.649996271283158, 0.0 ], [ 51.549222071454601, 32.650017782439328, 0.0 ], [ 51.547834013657962, 32.647744023817111, 0.0 ] ] ] } },
{ "type": "Feature", "properties": { "Name": "Untitled Polygon", "description": null, "timestamp": null, "begin": null, "end": null, "altitudeMode": null, "tessellate": 1, "extrude": 0, "visibility": -1, "drawOrder": null, "icon": null, "class": 1 }, "geometry": { "type": "Polygon", "coordinates": [ [ [ 51.538820469560562, 32.667474332471407, 0.0 ], [ 51.5431237712856, 32.653581056279293, 0.0 ], [ 51.545267337156417, 32.6563221776548, 0.0 ], [ 51.54800076135254, 32.65591153057354, 0.0 ], [ 51.551421530866087, 32.656263991800643, 0.0 ], [ 51.553720408887209, 32.655162675352251, 0.0 ], [ 51.553729171365752, 32.655059575919807, 0.0 ], [ 51.552423916383873, 32.654434248214848, 0.0 ], [ 51.555191920265671, 32.654550966246049, 0.0 ], [ 51.547066697712722, 32.664902957852462, 0.0 ], [ 51.542059750140488, 32.668604202199568, 0.0 ], [ 51.538820469560562, 32.667474332471407, 0.0 ] ] ] } },
{ "type": "Feature", "properties": { "Name": "Untitled Polygon", "description": null, "timestamp": null, "begin": null, "end": null, "altitudeMode": null, "tessellate": 1, "extrude": 0, "visibility": -1, "drawOrder": null, "icon": null, "class": 1 }, "geometry": { "type": "Polygon", "coordinates": [ [ [ 51.52423539009699, 32.67280079090142, 0.0 ], [ 51.527052760787051, 32.667369028702993, 0.0 ], [ 51.530715159000891, 32.668762243772242, 0.0 ], [ 51.532768218779019, 32.670598239590809, 0.0 ], [ 51.527146570502033, 32.6743384354113, 0.0 ], [ 51.52423539009699, 32.67280079090142, 0.0 ] ] ] } },
{ "type": "Feature", "properties": { "Name": "Untitled Polygon", "description": null, "timestamp": null, "begin": null, "end": null, "altitudeMode": null, "tessellate": 1, "extrude": 0, "visibility": -1, "drawOrder": null, "icon": null, "class": 1 }, "geometry": { "type": "Polygon", "coordinates": [ [ [ 51.527930131962897, 32.694538044341542, 0.0 ], [ 51.533902502467832, 32.687796914301131, 0.0 ], [ 51.536861605831291, 32.695344525623632, 0.0 ], [ 51.527930131962897, 32.694538044341542, 0.0 ] ] ] } },
{ "type": "Feature", "properties": { "Name": "Untitled Polygon", "description": null, "timestamp": null, "begin": null, "end": null, "altitudeMode": null, "tessellate": 1, "extrude": 0, "visibility": -1, "drawOrder": null, "icon": null, "class": 1 }, "geometry": { "type": "Polygon", "coordinates": [ [ [ 51.474559214852512, 32.696530220277829, 0.0 ], [ 51.487174120454867, 32.698456185871528, 0.0 ], [ 51.494606807512064, 32.703617557716989, 0.0 ], [ 51.48556327836787, 32.711429086950723, 0.0 ], [ 51.474559214852512, 32.696530220277829, 0.0 ] ] ] } },
{ "type": "Feature", "properties": { "Name": "Untitled Polygon", "description": null, "timestamp": null, "begin": null, "end": null, "altitudeMode": null, "tessellate": 1, "extrude": 0, "visibility": -1, "drawOrder": null, "icon": null, "class": 1 }, "geometry": { "type": "Polygon", "coordinates": [ [ [ 51.48123019998414, 32.720094654477258, 0.0 ], [ 51.47959040023057, 32.712177881633743, 0.0 ], [ 51.48334046335215, 32.712689461524633, 0.0 ], [ 51.485679429791197, 32.716062745564813, 0.0 ], [ 51.48123019998414, 32.720094654477258, 0.0 ] ] ] } },
{ "type": "Feature", "properties": { "Name": "Untitled Polygon", "description": null, "timestamp": null, "begin": null, "end": null, "altitudeMode": null, "tessellate": 1, "extrude": 0, "visibility": -1, "drawOrder": null, "icon": null, "class": 1 }, "geometry": { "type": "Polygon", "coordinates": [ [ [ 51.474951885940968, 32.695711904170977, 0.0 ], [ 51.474540717083578, 32.693602019651088, 0.0 ], [ 51.477012996631778, 32.693632472132762, 0.0 ], [ 51.477595793648561, 32.695275392083182, 0.0 ], [ 51.474951885940968, 32.695711904170977, 0.0 ] ] ] } },
{ "type": "Feature", "properties": { "Name": "Untitled Polygon", "description": null, "timestamp": null, "begin": null, "end": null, "altitudeMode": null, "tessellate": 1, "extrude": 0, "visibility": -1, "drawOrder": null, "icon": null, "class": 1 }, "geometry": { "type": "Polygon", "coordinates": [ [ [ 51.479319225478989, 32.696216306823082, 0.0 ], [ 51.47942051348867, 32.695390582239817, 0.0 ], [ 51.48295233030661, 32.695637940900212, 0.0 ], [ 51.483290720274937, 32.695112537029402, 0.0 ], [ 51.48546434159524, 32.695230579202722, 0.0 ], [ 51.485764578494503, 32.696393606454563, 0.0 ], [ 51.479319225478989, 32.696216306823082, 0.0 ] ] ] } },
{ "type": "Feature", "properties": { "Name": "Untitled Polygon", "description": null, "timestamp": null, "begin": null, "end": null, "altitudeMode": null, "tessellate": 1, "extrude": 0, "visibility": -1, "drawOrder": null, "icon": null, "class": 1 }, "geometry": { "type": "Polygon", "coordinates": [ [ [ 51.48672680099731, 32.696128450379767, 0.0 ], [ 51.4864766658036, 32.695452543618472, 0.0 ], [ 51.492902592480441, 32.692701679586747, 0.0 ], [ 51.493489281032282, 32.693363946425457, 0.0 ], [ 51.493131749104784, 32.693958888273372, 0.0 ], [ 51.48672680099731, 32.696128450379767, 0.0 ] ] ] } },
{ "type": "Feature", "properties": { "Name": "Untitled Polygon", "description": null, "timestamp": null, "begin": null, "end": null, "altitudeMode": null, "tessellate": 1, "extrude": 0, "visibility": -1, "drawOrder": null, "icon": null, "class": 1 }, "geometry": { "type": "Polygon", "coordinates": [ [ [ 51.494542134875388, 32.693291288959827, 0.0 ], [ 51.492959617889312, 32.69266299370706, 0.0 ], [ 51.502851957496318, 32.685652282780197, 0.0 ], [ 51.504920774621702, 32.687885089543443, 0.0 ], [ 51.494542134875388, 32.693291288959827, 0.0 ] ] ] } },
{ "type": "Feature", "properties": { "Name": "Untitled Polygon", "description": null, "timestamp": null, "begin": null, "end": null, "altitudeMode": null, "tessellate": 1, "extrude": 0, "visibility": -1, "drawOrder": null, "icon": null, "class": 1 }, "geometry": { "type": "Polygon", "coordinates": [ [ [ 51.49853791266672, 32.705883661533733, 0.0 ], [ 51.488027934983307, 32.6965236562109, 0.0 ], [ 51.496730343874532, 32.693186143581393, 0.0 ], [ 51.500400649433928, 32.695598133906017, 0.0 ], [ 51.499206638884083, 32.697450235180483, 0.0 ], [ 51.502874071631332, 32.700764390664297, 0.0 ], [ 51.500658341445522, 32.703061582809717, 0.0 ], [ 51.501322689298483, 32.703937458249733, 0.0 ], [ 51.49853791266672, 32.705883661533733, 0.0 ] ] ] } },
{ "type": "Feature", "properties": { "Name": "Untitled Polygon", "description": null, "timestamp": null, "begin": null, "end": null, "altitudeMode": null, "tessellate": 1, "extrude": 0, "visibility": -1, "drawOrder": null, "icon": null, "class": 1 }, "geometry": { "type": "Polygon", "coordinates": [ [ [ 51.504719735205008, 32.699093385612358, 0.0 ], [ 51.501713265534761, 32.696003160879712, 0.0 ], [ 51.497219605030168, 32.692677109998563, 0.0 ], [ 51.505533118752282, 32.688456218896292, 0.0 ], [ 51.509230649723087, 32.694295039866013, 0.0 ], [ 51.504719735205008, 32.699093385612358, 0.0 ] ] ] } },
{ "type": "Feature", "properties": { "Name": "Untitled Polygon", "description": null, "timestamp": null, "begin": null, "end": null, "altitudeMode": null, "tessellate": 1, "extrude": 0, "visibility": -1, "drawOrder": null, "icon": null, "class": 1 }, "geometry": { "type": "Polygon", "coordinates": [ [ [ 51.496003006019357, 32.676204400533649, 0.0 ], [ 51.496267815568913, 32.676314778782093, 0.0 ], [ 51.496390524372131, 32.676582429554863, 0.0 ], [ 51.496410835863401, 32.67660359942326, 0.0 ], [ 51.496492233824867, 32.67668843524045, 0.0 ], [ 51.496715728778497, 32.676941491848019, 0.0 ], [ 51.496875355145939, 32.677319040430937, 0.0 ], [ 51.496887532666172, 32.677402286967222, 0.0 ], [ 51.497057152277158, 32.677556216208792, 0.0 ], [ 51.497502591439627, 32.677450589850331, 0.0 ], [ 51.49767644450025, 32.677211532898539, 0.0 ], [ 51.497765278051389, 32.67725800516245, 0.0 ], [ 51.497979039705093, 32.677266795423542, 0.0 ], [ 51.498092722194748, 32.677313024289781, 0.0 ], [ 51.498206462074378, 32.677359483321382, 0.0 ], [ 51.498539411940968, 32.677389039376052, 0.0 ], [ 51.498608808455003, 32.677411846866327, 0.0 ], [ 51.499052589915813, 32.677497526716479, 0.0 ], [ 51.500053939868067, 32.677795387693031, 0.0 ], [ 51.50040476970316, 32.677619559857092, 0.0 ], [ 51.500682718744578, 32.677425286219467, 0.0 ], [ 51.500801688781387, 32.677430335997506, 0.0 ], [ 51.501095539273329, 32.677319188167438, 0.0 ], [ 51.501388123296657, 32.677208908027048, 0.0 ], [ 51.501918224373917, 32.677067839510237, 0.0 ], [ 51.50203839034441, 32.677032735599262, 0.0 ], [ 51.502276494533099, 32.677004784246307, 0.0 ], [ 51.502530655331597, 32.677136794633249, 0.0 ], [ 51.502857865702602, 32.677253337714923, 0.0 ], [ 51.502903076130593, 32.677317314726658, 0.0 ], [ 51.503060245265708, 32.677569639394363, 0.0 ], [ 51.503105079169281, 32.677654227608201, 0.0 ], [ 51.503287945002697, 32.677935501428948, 0.0 ], [ 51.503309582767017, 32.678022060901682, 0.0 ], [ 51.503308966307472, 32.678043219577681, 0.0 ], [ 51.503467455247069, 32.678410776871921, 0.0 ], [ 51.503512430553847, 32.67854098840332, 0.0 ], [ 51.503699271975321, 32.678850405393099, 0.0 ], [ 51.503862016258772, 32.67920169911531, 0.0 ], [ 51.503934660194894, 32.679248711508698, 0.0 ], [ 51.50430021994503, 32.679441206383743, 0.0 ], [ 51.504349011308939, 32.679464859555637, 0.0 ], [ 51.504839677906872, 32.679616027829887, 0.0 ], [ 51.504938136794109, 32.679664533801159, 0.0 ], [ 51.505456413132528, 32.679796785530051, 0.0 ], [ 51.505629599666868, 32.679848211762057, 0.0 ], [ 51.505679207662922, 32.679872433460261, 0.0 ], [ 51.505827842336849, 32.679900943400817, 0.0 ], [ 51.506323836989722, 32.679988414699352, 0.0 ], [ 51.506449089078423, 32.680060671644611, 0.0 ], [ 51.506898488329853, 32.680191207821473, 0.0 ], [ 51.50705025180546, 32.680287264716419, 0.0 ], [ 51.507151156221298, 32.680336362186281, 0.0 ], [ 51.507226812811297, 32.680362517164838, 0.0 ], [ 51.507655163598912, 32.680473385473803, 0.0 ], [ 51.507782952515697, 32.680546926133893, 0.0 ], [ 51.508242703278661, 32.680750010953382, 0.0 ], [ 51.508323666231483, 32.680867490487508, 0.0 ], [ 51.508741938589793, 32.681182896204049, 0.0 ], [ 51.508818909715671, 32.681209153658187, 0.0 ], [ 51.508900827635372, 32.681306339713842, 0.0 ], [ 51.50929118793789, 32.681465549510442, 0.0 ], [ 51.509372705073119, 32.681540315629817, 0.0 ], [ 51.509699471573121, 32.68188047173971, 0.0 ], [ 51.510619509762208, 32.681618515917073, 0.0 ], [ 51.510753571134778, 32.6814355621948, 0.0 ], [ 51.51115761891085, 32.681451483647791, 0.0 ], [ 51.511851752951863, 32.681788949860668, 0.0 ], [ 51.512223815576391, 32.682160708841231, 0.0 ], [ 51.51237350271434, 32.682357571265491, 0.0 ], [ 51.51321533879554, 32.683125404111117, 0.0 ], [ 51.513277072142031, 32.683202024227519, 0.0 ], [ 51.513374075986789, 32.683353630577344, 0.0 ], [ 51.51352334571051, 32.683507657201147, 0.0 ], [ 51.513633300003441, 32.683759404171838, 0.0 ], [ 51.513689026164407, 32.683786669588798, 0.0 ], [ 51.514137167144433, 32.684185038823863, 0.0 ], [ 51.51419743280011, 32.684238658506587, 0.0 ], [ 51.514380870079222, 32.684402530610143, 0.0 ], [ 51.514417762874203, 32.68447993091651, 0.0 ], [ 51.5145872996859, 32.684562868091632, 0.0 ], [ 51.514873046113642, 32.684704319699463, 0.0 ], [ 51.514936279518587, 32.684782283483131, 0.0 ], [ 51.515055342248061, 32.684865527810103, 0.0 ], [ 51.515333120477941, 32.685090667844193, 0.0 ], [ 51.515461459015917, 32.685227147365673, 0.0 ], [ 51.515742393232827, 32.685476440987067, 0.0 ], [ 51.515818103540468, 32.685611901812663, 0.0 ], [ 51.51620987851706, 32.686028442233962, 0.0 ], [ 51.516277844543502, 32.686111789375502, 0.0 ], [ 51.516373267979112, 32.686196592257232, 0.0 ], [ 51.516680242703167, 32.686562038935527, 0.0 ], [ 51.516790821555162, 32.686730010951273, 0.0 ], [ 51.517251696250007, 32.68716435439034, 0.0 ], [ 51.51729471850085, 32.687249633103583, 0.0 ], [ 51.517404156362133, 32.687394483204287, 0.0 ], [ 51.51801733967298, 32.687870657536209, 0.0 ], [ 51.5180556326291, 32.687928335288618, 0.0 ], [ 51.518451055274078, 32.68825674328022, 0.0 ], [ 51.518562751024383, 32.688403740192747, 0.0 ], [ 51.51903894158216, 32.68868515302588, 0.0 ], [ 51.519160136866688, 32.68900887455537, 0.0 ], [ 51.519171937354557, 32.689067565788569, 0.0 ], [ 51.519813966851942, 32.690504574087029, 0.0 ], [ 51.519890791297087, 32.690598856647853, 0.0 ], [ 51.519944389268332, 32.690721959992061, 0.0 ], [ 51.520146516137309, 32.691410362920337, 0.0 ], [ 51.519247668455229, 32.69216179359433, 0.0 ], [ 51.518850684741892, 32.692287802616299, 0.0 ], [ 51.518304289516081, 32.693338492989341, 0.0 ], [ 51.517991891893111, 32.693761337054923, 0.0 ], [ 51.51721368572003, 32.69381733467344, 0.0 ], [ 51.516958367386827, 32.69356491526559, 0.0 ], [ 51.516677270861578, 32.693121515580977, 0.0 ], [ 51.516455230099119, 32.692486724055698, 0.0 ], [ 51.516005364610301, 32.692244098210949, 0.0 ], [ 51.515573189601888, 32.692320272765038, 0.0 ], [ 51.51477525224341, 32.692592531869437, 0.0 ], [ 51.514146073277153, 32.692790303313103, 0.0 ], [ 51.513672468002007, 32.693089953768528, 0.0 ], [ 51.513645967736522, 32.693121036306742, 0.0 ], [ 51.513293516006243, 32.693464152829122, 0.0 ], [ 51.51327076467075, 32.693529706467558, 0.0 ], [ 51.513229018465672, 32.693695123986828, 0.0 ], [ 51.512949051890551, 32.694186870655479, 0.0 ], [ 51.512891512613308, 32.694217990240197, 0.0 ], [ 51.512111834758407, 32.694038913590937, 0.0 ], [ 51.511741683393431, 32.693622607332308, 0.0 ], [ 51.511192666612772, 32.692479292312051, 0.0 ], [ 51.511151989289502, 32.692348220450818, 0.0 ], [ 51.510668350499813, 32.691091224357592, 0.0 ], [ 51.510634083382698, 32.691027068341853, 0.0 ], [ 51.510477724606417, 32.689739996504493, 0.0 ], [ 51.509752361525379, 32.68878304781439, 0.0 ], [ 51.508779267881103, 32.688043464665967, 0.0 ], [ 51.508161242965791, 32.687413470393963, 0.0 ], [ 51.507219476215397, 32.68659173314618, 0.0 ], [ 51.506934908611797, 32.686174120253767, 0.0 ], [ 51.506437488574207, 32.685853385522257, 0.0 ], [ 51.505188363234637, 32.684591151959182, 0.0 ], [ 51.50389514526541, 32.683866675962861, 0.0 ], [ 51.50304630415345, 32.684008813414692, 0.0 ], [ 51.501718471943271, 32.684084812313152, 0.0 ], [ 51.500964400666639, 32.68467453310052, 0.0 ], [ 51.50003484998129, 32.684901282430332, 0.0 ], [ 51.498486835153152, 32.6847533735857, 0.0 ], [ 51.494707960098033, 32.677552819915419, 0.0 ], [ 51.496003006019357, 32.676204400533649, 0.0 ] ] ] } },
{ "type": "Feature", "properties": { "Name": "Untitled Polygon", "description": null, "timestamp": null, "begin": null, "end": null, "altitudeMode": null, "tessellate": 1, "extrude": 0, "visibility": -1, "drawOrder": null, "icon": null, "class": 1 }, "geometry": { "type": "Polygon", "coordinates": [ [ [ 51.511759497356287, 32.696824507103393, 0.0 ], [ 51.527975229302051, 32.704685893739082, 0.0 ], [ 51.513524316743933, 32.712140007614842, 0.0 ], [ 51.504167689520131, 32.705506283078549, 0.0 ], [ 51.511759497356287, 32.696824507103393, 0.0 ] ] ] } },
{ "type": "Feature", "properties": { "Name": "Untitled Polygon", "description": null, "timestamp": null, "begin": null, "end": null, "altitudeMode": null, "tessellate": 1, "extrude": 0, "visibility": -1, "drawOrder": null, "icon": null, "class": 1 }, "geometry": { "type": "Polygon", "coordinates": [ [ [ 51.506735945534267, 32.716698867677657, 0.0 ], [ 51.5081626647832, 32.715042357525583, 0.0 ], [ 51.516532021657348, 32.716835243870179, 0.0 ], [ 51.518021837170217, 32.71936746770988, 0.0 ], [ 51.506735945534267, 32.716698867677657, 0.0 ] ] ] } },
{ "type": "Feature", "properties": { "Name": "Untitled Polygon", "description": null, "timestamp": null, "begin": null, "end": null, "altitudeMode": null, "tessellate": 1, "extrude": 0, "visibility": -1, "drawOrder": null, "icon": null, "class": 1 }, "geometry": { "type": "Polygon", "coordinates": [ [ [ 51.52415827701082, 32.719054775742002, 0.0 ], [ 51.526233916735833, 32.715578095539321, 0.0 ], [ 51.531774567400497, 32.715148396607702, 0.0 ], [ 51.531743937503663, 32.717088883884067, 0.0 ], [ 51.532408265642481, 32.714989388869029, 0.0 ], [ 51.53385065274442, 32.715063104249992, 0.0 ], [ 51.537240142126763, 32.714810877099687, 0.0 ], [ 51.539156600718229, 32.719853828785752, 0.0 ], [ 51.53537451033916, 32.72186033242243, 0.0 ], [ 51.52415827701082, 32.719054775742002, 0.0 ] ] ] } },
{ "type": "Feature", "properties": { "Name": "Untitled Polygon", "description": null, "timestamp": null, "begin": null, "end": null, "altitudeMode": null, "tessellate": 1, "extrude": 0, "visibility": -1, "drawOrder": null, "icon": null, "class": 1 }, "geometry": { "type": "Polygon", "coordinates": [ [ [ 51.541562145364502, 32.689189082095353, 0.0 ], [ 51.541451610255542, 32.689334328742667, 0.0 ], [ 51.54105879789212, 32.68931869212004, 0.0 ], [ 51.540527387134361, 32.689220289537609, 0.0 ], [ 51.540388076701547, 32.689138457646983, 0.0 ], [ 51.540031039834119, 32.688972084512592, 0.0 ], [ 51.539843204338993, 32.688743151430842, 0.0 ], [ 51.539657382929647, 32.688513103061567, 0.0 ], [ 51.539583068048209, 32.688139810423863, 0.0 ], [ 51.539431098680389, 32.687764553933732, 0.0 ], [ 51.539263215478883, 32.687463327224613, 0.0 ], [ 51.539001812257908, 32.687232134229532, 0.0 ], [ 51.538818593533612, 32.68700443068019, 0.0 ], [ 51.538447505421217, 32.686915642345951, 0.0 ], [ 51.538214573507851, 32.686906003289842, 0.0 ], [ 51.537749312253702, 32.686886406833629, 0.0 ], [ 51.537284069418497, 32.686866808045536, 0.0 ], [ 51.53666399575939, 32.686840498883043, 0.0 ], [ 51.536199271957429, 32.686820472809707, 0.0 ], [ 51.535717168383968, 32.686872679471811, 0.0 ], [ 51.535234825236778, 32.686924900142351, 0.0 ], [ 51.5348474768711, 32.686908106249682, 0.0 ], [ 51.534346786465242, 32.687032790445798, 0.0 ], [ 51.533921034331023, 32.687162683752852, 0.0 ], [ 51.533355061824658, 32.687215676881749, 0.0 ], [ 51.532926082026528, 32.687347570927379, 0.0 ], [ 51.532456560639623, 32.687330378074741, 0.0 ], [ 51.531830475242238, 32.687307447680723, 0.0 ], [ 51.531361150809097, 32.68729001455587, 0.0 ], [ 51.530894153211449, 32.687270719584752, 0.0 ], [ 51.530660168762992, 32.687261454641288, 0.0 ], [ 51.530406777384293, 32.687030806587487, 0.0 ], [ 51.530175512104961, 32.686726480065893, 0.0 ], [ 51.530156675266532, 32.686505944819679, 0.0 ], [ 51.530103201934772, 32.686135503970966, 0.0 ], [ 51.530061011211977, 32.685700876480638, 0.0 ], [ 51.530198650315647, 32.685198355712508, 0.0 ], [ 51.530355410515952, 32.684626755620982, 0.0 ], [ 51.530452561976013, 32.684271307698282, 0.0 ], [ 51.530530165885423, 32.68398778967677, 0.0 ], [ 51.530626963197989, 32.683634365387952, 0.0 ], [ 51.530684888687126, 32.683422884919239, 0.0 ], [ 51.530761935534578, 32.683141566791633, 0.0 ], [ 51.531580844860052, 32.682397232220787, 0.0 ], [ 51.53224494951742, 32.681931421808173, 0.0 ], [ 51.532755018740012, 32.681742574115127, 0.0 ], [ 51.53305812480982, 32.681755181070329, 0.0 ], [ 51.533209676265201, 32.681761482528039, 0.0 ], [ 51.533437013668269, 32.681770935934942, 0.0 ], [ 51.533779979198542, 32.681925199434623, 0.0 ], [ 51.534159165363008, 32.681940909591923, 0.0 ], [ 51.534462527031977, 32.681953571021708, 0.0 ], [ 51.534882260914557, 32.682111259468648, 0.0 ], [ 51.53526162731643, 32.682127101806699, 0.0 ], [ 51.535606280593107, 32.682281845267219, 0.0 ], [ 51.536044622921132, 32.68237039762122, 0.0 ], [ 51.536331312967391, 32.682452630517723, 0.0 ], [ 51.536524511467412, 32.682601924380883, 0.0 ], [ 51.536797765984453, 32.682751678497809, 0.0 ], [ 51.537129348209341, 32.682975635394008, 0.0 ], [ 51.537552143847478, 32.683135202682202, 0.0 ], [ 51.537958935194972, 32.683365088400627, 0.0 ], [ 51.538383170536228, 32.683525094210381, 0.0 ], [ 51.53865578939709, 32.683678435317631, 0.0 ], [ 51.538854516331703, 32.683826836131779, 0.0 ], [ 51.53920740562463, 32.683981074784441, 0.0 ], [ 51.539633039179627, 32.684142429465652, 0.0 ], [ 51.539906404199492, 32.684297310709702, 0.0 ], [ 51.540042712741091, 32.684375294963807, 0.0 ], [ 51.540484731885208, 32.684467142691489, 0.0 ], [ 51.540913583257087, 32.684627933349176, 0.0 ], [ 51.541282331107951, 32.68471426774844, 0.0 ], [ 51.54163586776329, 32.684871678450612, 0.0 ], [ 51.541989883272549, 32.685029295421067, 0.0 ], [ 51.542390526329633, 32.685333181726492, 0.0 ], [ 51.542760460171728, 32.685420411159299, 0.0 ], [ 51.543145884109052, 32.685436049041257, 0.0 ], [ 51.543531390155827, 32.685451591283069, 0.0 ], [ 51.543854706002968, 32.685392472358252, 0.0 ], [ 51.54414515545826, 32.685116055578852, 0.0 ], [ 51.544420148743221, 32.684911553300353, 0.0 ], [ 51.544738265251397, 32.684494500952773, 0.0 ], [ 51.545131270383827, 32.684082616794981, 0.0 ], [ 51.545404056786538, 32.683880002442898, 0.0 ], [ 51.545494863712342, 32.683812552555743, 0.0 ], [ 51.545868854510751, 32.683475583429683, 0.0 ], [ 51.546060773224831, 32.68327450409128, 0.0 ], [ 51.546346145712327, 32.683002901598279, 0.0 ], [ 51.546811520983248, 32.682597556915013, 0.0 ], [ 51.547352202638983, 32.68219547863027, 0.0 ], [ 51.547859487622858, 32.681938205852482, 0.0 ], [ 51.548290599600143, 32.681677522751997, 0.0 ], [ 51.548619282765422, 32.681552010420532, 0.0 ], [ 51.54899758277493, 32.681567064604913, 0.0 ], [ 51.549224565084103, 32.681576098680019, 0.0 ], [ 51.549678410613282, 32.681594177682037, 0.0 ], [ 51.549968549159793, 32.681675083816558, 0.0 ], [ 51.550245965235781, 32.681825521535579, 0.0 ], [ 51.550575837748767, 32.682116277787379, 0.0 ], [ 51.550766176728828, 32.682333384049208, 0.0 ], [ 51.551173127613467, 32.682628899563291, 0.0 ], [ 51.55144124071937, 32.682849337430817, 0.0 ], [ 51.551633400413692, 32.683067503431161, 0.0 ], [ 51.551837877982308, 32.683216269427653, 0.0 ], [ 51.552006959733191, 32.683575138179137, 0.0 ], [ 51.552188459746688, 32.683864939666613, 0.0 ], [ 51.55228210539596, 32.684222844337931, 0.0 ], [ 51.552384384606, 32.684515965539013, 0.0 ], [ 51.55251398635253, 32.684663696417367, 0.0 ], [ 51.552708718915163, 32.684885663083989, 0.0 ], [ 51.552968970464732, 32.685182308283032, 0.0 ], [ 51.553253036072263, 32.685337372534789, 0.0 ], [ 51.55352622463711, 32.685563605252767, 0.0 ], [ 51.553888523324922, 32.685721787954392, 0.0 ], [ 51.554085776424458, 32.685945512268361, 0.0 ], [ 51.554471445869893, 32.685961007704421, 0.0 ], [ 51.55475779448102, 32.686116614137838, 0.0 ], [ 51.554934133137422, 32.686484794594747, 0.0 ], [ 51.555122358316567, 32.686781711034428, 0.0 ], [ 51.555233127663932, 32.687076869197433, 0.0 ], [ 51.555422032370309, 32.687375615312973, 0.0 ], [ 51.555610635402857, 32.687676493475053, 0.0 ], [ 51.555733239967161, 32.687901552242508, 0.0 ], [ 51.55607889152278, 32.688209632007279, 0.0 ], [ 51.55620223798438, 32.688435672822237, 0.0 ], [ 51.5563931955299, 32.688738871832967, 0.0 ], [ 51.556662806567303, 32.689046252333704, 0.0 ], [ 51.556865393366252, 32.689277444921281, 0.0 ], [ 51.557047290953477, 32.689657179469911, 0.0 ], [ 51.557151141469006, 32.690034963308662, 0.0 ], [ 51.557255090373218, 32.69041516713915, 0.0 ], [ 51.557302000850783, 32.690642875095769, 0.0 ], [ 51.557238502590629, 32.69109281788991, 0.0 ], [ 51.557038204995322, 32.691386912205949, 0.0 ], [ 51.556790707663268, 32.69145193691454, 0.0 ], [ 51.556396054668213, 32.691434682918249, 0.0 ], [ 51.55619182815186, 32.691199158998579, 0.0 ], [ 51.55597744400368, 32.691038350269679, 0.0 ], [ 51.555785060291953, 32.690728718483783, 0.0 ], [ 51.555581090355808, 32.690496497772983, 0.0 ], [ 51.555411985302129, 32.690039624187023, 0.0 ], [ 51.555255181194568, 32.689509760399368, 0.0 ], [ 51.555221898723893, 32.689210269911563, 0.0 ], [ 51.554988208907872, 32.688680989840982, 0.0 ], [ 51.55484310732998, 32.688601524354667, 0.0 ], [ 51.55437445539377, 32.688583127179427, 0.0 ], [ 51.554105651256911, 32.68879415962612, 0.0 ], [ 51.553903336171651, 32.689081963007929, 0.0 ], [ 51.553610410112498, 32.689441252935268, 0.0 ], [ 51.553339643229407, 32.689654348273301, 0.0 ], [ 51.553041937410953, 32.690020191654263, 0.0 ], [ 51.55275742353038, 32.690309447654812, 0.0 ], [ 51.552538268266758, 32.690678358468247, 0.0 ], [ 51.55250171401957, 32.690903193166982, 0.0 ], [ 51.552452857376707, 32.691203690344047, 0.0 ], [ 51.552562209718438, 32.691511317796547, 0.0 ], [ 51.552501523162718, 32.69188842385168, 0.0 ], [ 51.55243033553721, 32.692339251949193, 0.0 ], [ 51.552377681931347, 32.692649371241053, 0.0 ], [ 51.552327264254792, 32.692956327280399, 0.0 ], [ 51.552277461214643, 32.693262939815291, 0.0 ], [ 51.552467181886037, 32.693580071437452, 0.0 ], [ 51.552577463667923, 32.693894798593931, 0.0 ], [ 51.5529406903321, 32.694142747954622, 0.0 ], [ 51.553076435938102, 32.694303961923197, 0.0 ], [ 51.553256938485887, 32.694699903198561, 0.0 ], [ 51.553473763612082, 32.694864755584028, 0.0 ], [ 51.553770829712192, 32.695033920577401, 0.0 ], [ 51.553988234237963, 32.695199694941152, 0.0 ], [ 51.554368023039643, 32.69536978924647, 0.0 ], [ 51.554748780219299, 32.695539330997327, 0.0 ], [ 51.555151192014577, 32.695556378621589, 0.0 ], [ 51.555382620498889, 32.695641992189827, 0.0 ], [ 51.555864293413627, 32.69566533187588, 0.0 ], [ 51.55626686575112, 32.695682420769323, 0.0 ], [ 51.556831148450208, 32.695704995577017, 0.0 ], [ 51.557073276029257, 32.695714018619917, 0.0 ], [ 51.557476853960686, 32.695728952698872, 0.0 ], [ 51.557869732211799, 32.69582242920162, 0.0 ], [ 51.558271002558953, 32.695842988447502, 0.0 ], [ 51.558663319280903, 32.695938896743613, 0.0 ], [ 51.558814080429322, 32.696024592906987, 0.0 ], [ 51.55893399483935, 32.696346907935251, 0.0 ], [ 51.558875648329384, 32.696812343514992, 0.0 ], [ 51.558823526927128, 32.697209756695358, 0.0 ], [ 51.558934649312903, 32.697612869955719, 0.0 ], [ 51.558883538857287, 32.698010424438678, 0.0 ], [ 51.558994564539361, 32.698417841209427, 0.0 ], [ 51.55912651181589, 32.698666048339703, 0.0 ], [ 51.559319917387263, 32.699079524579417, 0.0 ], [ 51.559544952054829, 32.699250799403742, 0.0 ], [ 51.5598322193201, 32.699587116782652, 0.0 ], [ 51.560120305524372, 32.699924369988082, 0.0 ], [ 51.560346753328922, 32.700096757126389, 0.0 ], [ 51.560791296434687, 32.700522581279728, 0.0 ], [ 51.560946444576359, 32.700609958884158, 0.0 ], [ 51.561247473060583, 32.700866708771898, 0.0 ], [ 51.561557089272569, 32.701046692278076, 0.0 ], [ 51.561930631747039, 32.701395611284141, 0.0 ], [ 51.562159946320349, 32.701569539551627, 0.0 ], [ 51.562380949343734, 32.701824248214812, 0.0 ], [ 51.562583155628168, 32.702248020451229, 0.0 ], [ 51.562702967300851, 32.702670409520721, 0.0 ], [ 51.562740855860781, 32.703087945254843, 0.0 ], [ 51.562694101360371, 32.703509021440439, 0.0 ], [ 51.562648424405133, 32.703927164046739, 0.0 ], [ 51.562620770543411, 32.704179525108138, 0.0 ], [ 51.562564978813647, 32.704686448599958, 0.0 ], [ 51.562518170519382, 32.705111225427977, 0.0 ], [ 51.562395847541467, 32.705451319476772, 0.0 ], [ 51.562328974245091, 32.7060526029844, 0.0 ], [ 51.56198229053345, 32.70612512102489, 0.0 ], [ 51.561496436419851, 32.705932465121847, 0.0 ], [ 51.56117934245588, 32.705747742654857, 0.0 ], [ 51.560946151935873, 32.705568823466493, 0.0 ], [ 51.560640981201757, 32.705296250789658, 0.0 ], [ 51.560314774210823, 32.705198789626088, 0.0 ], [ 51.559999147604998, 32.705016182295488, 0.0 ], [ 51.559600005196053, 32.704830804208051, 0.0 ], [ 51.559275653098453, 32.704730984613597, 0.0 ], [ 51.558960992546879, 32.704550060933641, 0.0 ], [ 51.558564656834328, 32.704361586546383, 0.0 ], [ 51.558145948424929, 32.704345481660233, 0.0 ], [ 51.557895273179241, 32.70433430013928, 0.0 ], [ 51.557499571981261, 32.704147452227673, 0.0 ], [ 51.557093312173343, 32.704044835125508, 0.0 ], [ 51.556770466073033, 32.703946857371221, 0.0 ], [ 51.556376281191007, 32.703760420596822, 0.0 ], [ 51.556232910473589, 32.70358452561716, 0.0 ], [ 51.556017374180442, 32.703323457986627, 0.0 ], [ 51.556098435474198, 32.702739111442142, 0.0 ], [ 51.556121481867713, 32.702572789729338, 0.0 ], [ 51.556167480623323, 32.702240857073818, 0.0 ], [ 51.556236231051606, 32.701744741991121, 0.0 ], [ 51.556293298012363, 32.70133293457355, 0.0 ], [ 51.556350163985549, 32.700922583731213, 0.0 ], [ 51.55631294267998, 32.700592521552217, 0.0 ], [ 51.556111053920347, 32.70025741179024, 0.0 ], [ 51.555898064372407, 32.70000494821609, 0.0 ], [ 51.555509469375266, 32.699828189297151, 0.0 ], [ 51.555380026756481, 32.699578722677693, 0.0 ], [ 51.55500546920117, 32.699319013754987, 0.0 ], [ 51.554807068598492, 32.698986144073132, 0.0 ], [ 51.554609798717188, 32.698653056523469, 0.0 ], [ 51.554413809107629, 32.698319459464017, 0.0 ], [ 51.554134916643392, 32.697987636099938, 0.0 ], [ 51.5539406821756, 32.697654993198768, 0.0 ], [ 51.553652088940048, 32.697402592955847, 0.0 ], [ 51.5532829631792, 32.697147430865378, 0.0 ], [ 51.552902813476663, 32.696970867316082, 0.0 ], [ 51.552497308031541, 32.696954526358162, 0.0 ], [ 51.552172608643573, 32.696941970068849, 0.0 ], [ 51.551847900874613, 32.696929412378317, 0.0 ], [ 51.551360836480043, 32.696910571738059, 0.0 ], [ 51.551036119301138, 32.696898010976078, 0.0 ], [ 51.550549867501587, 32.696877787762219, 0.0 ], [ 51.55022558135466, 32.696864382670242, 0.0 ], [ 51.549738153975817, 32.696846153958766, 0.0 ], [ 51.54917040021482, 32.696823286499033, 0.0 ], [ 51.549021885712342, 32.69673772088781, 0.0 ], [ 51.548697571570337, 32.696724657466802, 0.0 ], [ 51.548387173526031, 32.69663262564228, 0.0 ], [ 51.548091003669413, 32.696461805769736, 0.0 ], [ 51.547917654893318, 32.696059686779272, 0.0 ], [ 51.547636702218192, 32.695811172677153, 0.0 ], [ 51.547464676610687, 32.695411153678577, 0.0 ], [ 51.547280386144969, 32.695088406729781, 0.0 ], [ 51.547112333670313, 32.694686789895641, 0.0 ], [ 51.54719665679022, 32.694223459510987, 0.0 ], [ 51.547225285108631, 32.694068572563893, 0.0 ], [ 51.547296679835107, 32.693682299472947, 0.0 ], [ 51.547353014453442, 32.693375072111422, 0.0 ], [ 51.547409173696607, 32.693068749770212, 0.0 ], [ 51.547465182594472, 32.692763267345583, 0.0 ], [ 51.547535996369227, 32.692381132505012, 0.0 ], [ 51.547514077961218, 32.692071785085943, 0.0 ], [ 51.547334926446439, 32.691755147588907, 0.0 ], [ 51.547124399059619, 32.691595474510493, 0.0 ], [ 51.546769558537243, 32.691354669049517, 0.0 ], [ 51.546351962300292, 32.691034274834578, 0.0 ], [ 51.546000025296621, 32.69079296333539, 0.0 ], [ 51.54569859550282, 32.690705285677573, 0.0 ], [ 51.545254074100271, 32.690536541372722, 0.0 ], [ 51.544651419801227, 32.69036291474211, 0.0 ], [ 51.544508400165249, 32.690282179661082, 0.0 ], [ 51.544144785047799, 32.690116484588607, 0.0 ], [ 51.543781641198727, 32.689951007874633, 0.0 ], [ 51.543417445594791, 32.689787610755459, 0.0 ], [ 51.543053888122223, 32.689624252882041, 0.0 ], [ 51.542755944250032, 32.689536204025998, 0.0 ], [ 51.542411551928012, 32.689296002503262, 0.0 ], [ 51.541986353526781, 32.689056524761178, 0.0 ], [ 51.541625968292287, 32.6888929421008, 0.0 ], [ 51.541562145364502, 32.689189082095353, 0.0 ] ] ] } },
{ "type": "Feature", "properties": { "Name": "Untitled Polygon", "description": null, "timestamp": null, "begin": null, "end": null, "altitudeMode": null, "tessellate": 1, "extrude": 0, "visibility": -1, "drawOrder": null, "icon": null, "class": 1 }, "geometry": { "type": "Polygon", "coordinates": [ [ [ 51.568946449034129, 32.689431199394292, 0.0 ], [ 51.567105628723347, 32.687319233286317, 0.0 ], [ 51.57090664820123, 32.686854239271483, 0.0 ], [ 51.573993525938867, 32.687134490576469, 0.0 ], [ 51.568946449034129, 32.689431199394292, 0.0 ] ] ] } },
{ "type": "Feature", "properties": { "Name": "Untitled Polygon", "description": null, "timestamp": null, "begin": null, "end": null, "altitudeMode": null, "tessellate": 1, "extrude": 0, "visibility": -1, "drawOrder": null, "icon": null, "class": 1 }, "geometry": { "type": "Polygon", "coordinates": [ [ [ 51.572300672499928, 32.685445110901497, 0.0 ], [ 51.57101464285352, 32.677877488812548, 0.0 ], [ 51.573402858828231, 32.67790376028848, 0.0 ], [ 51.575325487670568, 32.686878807803467, 0.0 ], [ 51.572300672499928, 32.685445110901497, 0.0 ] ] ] } },
{ "type": "Feature", "properties": { "Name": "Untitled Polygon", "description": null, "timestamp": null, "begin": null, "end": null, "altitudeMode": null, "tessellate": 1, "extrude": 0, "visibility": -1, "drawOrder": null, "icon": null, "class": 1 }, "geometry": { "type": "Polygon", "coordinates": [ [ [ 51.548654371808567, 32.667356399300303, 0.0 ], [ 51.555770548838133, 32.65602033856085, 0.0 ], [ 51.556165924877277, 32.662797465128151, 0.0 ], [ 51.548654371808567, 32.667356399300303, 0.0 ] ] ] } },
{ "type": "Feature", "properties": { "Name": "Untitled Polygon", "description": null, "timestamp": null, "begin": null, "end": null, "altitudeMode": null, "tessellate": 1, "extrude": 0, "visibility": -1, "drawOrder": null, "icon": null, "class": 1 }, "geometry": { "type": "Polygon", "coordinates": [ [ [ 51.538620751291717, 32.668295252652683, 0.0 ], [ 51.547403155333683, 32.671350683273531, 0.0 ], [ 51.544385781888302, 32.676462098460028, 0.0 ], [ 51.53482823469507, 32.672155595275683, 0.0 ], [ 51.538620751291717, 32.668295252652683, 0.0 ] ] ] } },
{ "type": "Feature", "properties": { "Name": "Untitled Polygon", "description": null, "timestamp": null, "begin": null, "end": null, "altitudeMode": null, "tessellate": 1, "extrude": 0, "visibility": -1, "drawOrder": null, "icon": null, "class": 1 }, "geometry": { "type": "Polygon", "coordinates": [ [ [ 51.549415720570373, 32.67941414064218, 0.0 ], [ 51.552044251376543, 32.674342097675648, 0.0 ], [ 51.554673382999113, 32.681308746741642, 0.0 ], [ 51.549415720570373, 32.67941414064218, 0.0 ] ] ] } },
{ "type": "Feature", "properties": { "Name": "Untitled Polygon", "description": null, "timestamp": null, "begin": null, "end": null, "altitudeMode": null, "tessellate": 1, "extrude": 0, "visibility": -1, "drawOrder": null, "icon": null, "class": 1 }, "geometry": { "type": "Polygon", "coordinates": [ [ [ 51.517383145115382, 32.696885232753139, 0.0 ], [ 51.523271220440897, 32.692436257867307, 0.0 ], [ 51.529427668958313, 32.696861583632781, 0.0 ], [ 51.5314926113561, 32.699621782394239, 0.0 ], [ 51.52907272313152, 32.703530521477617, 0.0 ], [ 51.517383145115382, 32.696885232753139, 0.0 ] ] ] } },
{ "type": "Feature", "properties": { "Name": "Untitled Polygon", "description": null, "timestamp": null, "begin": null, "end": null, "altitudeMode": null, "tessellate": 1, "extrude": 0, "visibility": -1, "drawOrder": null, "icon": null, "class": 1 }, "geometry": { "type": "Polygon", "coordinates": [ [ [ 51.552632860838472, 32.718858754552542, 0.0 ], [ 51.554158284577873, 32.718345742863093, 0.0 ], [ 51.549196212303961, 32.713149826141489, 0.0 ], [ 51.546056788001302, 32.712449636499592, 0.0 ], [ 51.546633136100503, 32.711441262727433, 0.0 ], [ 51.543812266467263, 32.708806704657981, 0.0 ], [ 51.545035260776089, 32.707296066431518, 0.0 ], [ 51.551112439715013, 32.711643344878233, 0.0 ], [ 51.559496033839757, 32.724463046343729, 0.0 ], [ 51.556877228900902, 32.724649440003439, 0.0 ], [ 51.552632860838472, 32.718858754552542, 0.0 ] ] ] } },
{ "type": "Feature", "properties": { "Name": "Untitled Polygon", "description": null, "timestamp": null, "begin": null, "end": null, "altitudeMode": null, "tessellate": 1, "extrude": 0, "visibility": -1, "drawOrder": null, "icon": null, "class": 1 }, "geometry": { "type": "Polygon", "coordinates": [ [ [ 51.564674436147207, 32.734770373510351, 0.0 ], [ 51.564788255203268, 32.727984654643393, 0.0 ], [ 51.56708977842483, 32.727986479523253, 0.0 ], [ 51.566969515340539, 32.726751492532912, 0.0 ], [ 51.569299585036049, 32.724672886155147, 0.0 ], [ 51.570762093759512, 32.724593656574839, 0.0 ], [ 51.571438293833467, 32.727391784614653, 0.0 ], [ 51.571678713997777, 32.72810418810846, 0.0 ], [ 51.57328361198779, 32.72858565571876, 0.0 ], [ 51.575232398173227, 32.729232187320733, 0.0 ], [ 51.575276733866453, 32.73036465543008, 0.0 ], [ 51.57373252880317, 32.731810660305847, 0.0 ], [ 51.571700450861847, 32.732673342278702, 0.0 ], [ 51.569779206108038, 32.733699321509597, 0.0 ], [ 51.568616488492758, 32.734553875941728, 0.0 ], [ 51.568971364978019, 32.735776351298441, 0.0 ], [ 51.564674436147207, 32.734770373510351, 0.0 ] ] ] } },
{ "type": "Feature", "properties": { "Name": "Untitled Polygon", "description": null, "timestamp": null, "begin": null, "end": null, "altitudeMode": null, "tessellate": 1, "extrude": 0, "visibility": -1, "drawOrder": null, "icon": null, "class": 1 }, "geometry": { "type": "Polygon", "coordinates": [ [ [ 51.582126276924569, 32.726386927798067, 0.0 ], [ 51.580847157774812, 32.72702983030328, 0.0 ], [ 51.583321249138571, 32.727515314135452, 0.0 ], [ 51.583700956740508, 32.727841130660828, 0.0 ], [ 51.588055156974001, 32.729818920392098, 0.0 ], [ 51.588207326082419, 32.729983158886341, 0.0 ], [ 51.588606496706589, 32.730237094184687, 0.0 ], [ 51.589007214176227, 32.730489605441932, 0.0 ], [ 51.591412742475327, 32.733889406998607, 0.0 ], [ 51.596432854788979, 32.736406822239331, 0.0 ], [ 51.597859337425689, 32.739849270645188, 0.0 ], [ 51.60025277727145, 32.741503207385747, 0.0 ], [ 51.604947674496643, 32.745038958029113, 0.0 ], [ 51.603142359193853, 32.746768197840353, 0.0 ], [ 51.604284482455988, 32.750127515555711, 0.0 ], [ 51.606924690625341, 32.754794847816633, 0.0 ], [ 51.604670196402871, 32.754507474961201, 0.0 ], [ 51.601532888011107, 32.753133102076553, 0.0 ], [ 51.598655049151979, 32.751120500166863, 0.0 ], [ 51.602431661464642, 32.748206216319609, 0.0 ], [ 51.597802072329969, 32.748572710188867, 0.0 ], [ 51.589283208672647, 32.746942139236182, 0.0 ], [ 51.583731249969837, 32.741453906226873, 0.0 ], [ 51.585950633898591, 32.73800661644983, 0.0 ], [ 51.577545959068587, 32.730669391005833, 0.0 ], [ 51.582126276924569, 32.726386927798067, 0.0 ] ] ] } },
{ "type": "Feature", "properties": { "Name": "Untitled Polygon", "description": null, "timestamp": null, "begin": null, "end": null, "altitudeMode": null, "tessellate": 1, "extrude": 0, "visibility": -1, "drawOrder": null, "icon": null, "class": 1 }, "geometry": { "type": "Polygon", "coordinates": [ [ [ 51.58778950787157, 32.724080860143687, 0.0 ], [ 51.595212960508391, 32.728972773054103, 0.0 ], [ 51.594817388930643, 32.734162848928023, 0.0 ], [ 51.584427110858407, 32.726853905086983, 0.0 ], [ 51.58778950787157, 32.724080860143687, 0.0 ] ] ] } },
{ "type": "Feature", "properties": { "Name": "Untitled Polygon", "description": null, "timestamp": null, "begin": null, "end": null, "altitudeMode": null, "tessellate": 1, "extrude": 0, "visibility": -1, "drawOrder": null, "icon": null, "class": 1 }, "geometry": { "type": "Polygon", "coordinates": [ [ [ 51.608147761791827, 32.709731593498041, 0.0 ], [ 51.618902381051853, 32.701048667631092, 0.0 ], [ 51.627706601330338, 32.704253521880197, 0.0 ], [ 51.62717708423331, 32.712153379000583, 0.0 ], [ 51.608147761791827, 32.709731593498041, 0.0 ] ] ] } },
{ "type": "Feature", "properties": { "Name": "Untitled Polygon", "description": null, "timestamp": null, "begin": null, "end": null, "altitudeMode": null, "tessellate": 1, "extrude": 0, "visibility": -1, "drawOrder": null, "icon": null, "class": 1 }, "geometry": { "type": "Polygon", "coordinates": [ [ [ 51.60675662031619, 32.689695070864133, 0.0 ], [ 51.612846031084281, 32.688513806173432, 0.0 ], [ 51.619628134924568, 32.692940539864757, 0.0 ], [ 51.60675662031619, 32.689695070864133, 0.0 ] ] ] } },
{ "type": "Feature", "properties": { "Name": "Untitled Polygon", "description": null, "timestamp": null, "begin": null, "end": null, "altitudeMode": null, "tessellate": 1, "extrude": 0, "visibility": -1, "drawOrder": null, "icon": null, "class": 1 }, "geometry": { "type": "Polygon", "coordinates": [ [ [ 51.583920040050167, 32.683998648135663, 0.0 ], [ 51.587679624435907, 32.683663006734463, 0.0 ], [ 51.589054682192398, 32.685442424982142, 0.0 ], [ 51.583920040050167, 32.683998648135663, 0.0 ] ] ] } },
{ "type": "Feature", "properties": { "Name": "Untitled Polygon", "description": null, "timestamp": null, "begin": null, "end": null, "altitudeMode": null, "tessellate": 1, "extrude": 0, "visibility": -1, "drawOrder": null, "icon": null, "class": 1 }, "geometry": { "type": "Polygon", "coordinates": [ [ [ 51.5935110521037, 32.684799336708373, 0.0 ], [ 51.594005883184813, 32.681983747975977, 0.0 ], [ 51.598273980329843, 32.687895087299353, 0.0 ], [ 51.5935110521037, 32.684799336708373, 0.0 ] ] ] } },
{ "type": "Feature", "properties": { "Name": "Untitled Polygon", "description": null, "timestamp": null, "begin": null, "end": null, "altitudeMode": null, "tessellate": 1, "extrude": 0, "visibility": -1, "drawOrder": null, "icon": null, "class": 1 }, "geometry": { "type": "Polygon", "coordinates": [ [ [ 51.579470786107393, 32.668751114483612, 0.0 ], [ 51.578706199072371, 32.663596881757847, 0.0 ], [ 51.584427980166751, 32.662749795049308, 0.0 ], [ 51.586756935862972, 32.66800296617614, 0.0 ], [ 51.579470786107393, 32.668751114483612, 0.0 ] ] ] } },
{ "type": "Feature", "properties": { "Name": "Untitled Polygon", "description": null, "timestamp": null, "begin": null, "end": null, "altitudeMode": null, "tessellate": 1, "extrude": 0, "visibility": -1, "drawOrder": null, "icon": null, "class": 1 }, "geometry": { "type": "Polygon", "coordinates": [ [ [ 51.578429058866632, 32.661804761080539, 0.0 ], [ 51.578457260411923, 32.659646543939878, 0.0 ], [ 51.578080408417492, 32.658648443315762, 0.0 ], [ 51.577757827103291, 32.65770748081907, 0.0 ], [ 51.578327821729111, 32.657378101884277, 0.0 ], [ 51.579366190281071, 32.657140093071938, 0.0 ], [ 51.579416042083082, 32.657100606185047, 0.0 ], [ 51.580148835694231, 32.657085114600157, 0.0 ], [ 51.58029718963023, 32.657200756850131, 0.0 ], [ 51.58029219487522, 32.658041908148633, 0.0 ], [ 51.580214931500016, 32.65891227517541, 0.0 ], [ 51.580329099635321, 32.659227284056577, 0.0 ], [ 51.580519039532632, 32.659796660317546, 0.0 ], [ 51.580613000913431, 32.660117184695117, 0.0 ], [ 51.580705291391688, 32.660468942712242, 0.0 ], [ 51.580753124635287, 32.660793062144663, 0.0 ], [ 51.580779411724343, 32.661080941599558, 0.0 ], [ 51.580758972293637, 32.661345631213081, 0.0 ], [ 51.580724640383458, 32.66179908887932, 0.0 ], [ 51.578429058866632, 32.661804761080539, 0.0 ] ] ] } },
{ "type": "Feature", "properties": { "Name": "Untitled Polygon", "description": null, "timestamp": null, "begin": null, "end": null, "altitudeMode": null, "tessellate": 1, "extrude": 0, "visibility": -1, "drawOrder": null, "icon": null, "class": 1 }, "geometry": { "type": "Polygon", "coordinates": [ [ [ 51.58251705148632, 32.657013123700082, 0.0 ], [ 51.579253526475611, 32.65374614818203, 0.0 ], [ 51.579758731618469, 32.652156830370451, 0.0 ], [ 51.582053289787979, 32.652316703573973, 0.0 ], [ 51.583262120494851, 32.653477471615069, 0.0 ], [ 51.583455446964422, 32.654691421705976, 0.0 ], [ 51.583038978870313, 32.656193589775903, 0.0 ], [ 51.58251705148632, 32.657013123700082, 0.0 ] ] ] } },
{ "type": "Feature", "properties": { "Name": "Untitled Polygon", "description": null, "timestamp": null, "begin": null, "end": null, "altitudeMode": null, "tessellate": 1, "extrude": 0, "visibility": -1, "drawOrder": null, "icon": null, "class": 1 }, "geometry": { "type": "Polygon", "coordinates": [ [ [ 51.592597169199507, 32.651908577150493, 0.0 ], [ 51.594252170574528, 32.652047419564433, 0.0 ], [ 51.594359772737377, 32.652096188154367, 0.0 ], [ 51.595335649268442, 32.652454253080819, 0.0 ], [ 51.595348127868363, 32.652520500698252, 0.0 ], [ 51.59483744893258, 32.652993692054032, 0.0 ], [ 51.594809698591732, 32.653015269059203, 0.0 ], [ 51.59374511137063, 32.653704451125733, 0.0 ], [ 51.592625189365577, 32.653539027462458, 0.0 ], [ 51.592597169199507, 32.651908577150493, 0.0 ] ] ] } },
{ "type": "Feature", "properties": { "Name": "Untitled Polygon", "description": null, "timestamp": null, "begin": null, "end": null, "altitudeMode": null, "tessellate": 1, "extrude": 0, "visibility": -1, "drawOrder": null, "icon": null, "class": 1 }, "geometry": { "type": "Polygon", "coordinates": [ [ [ 51.596843156101038, 32.649224499209993, 0.0 ], [ 51.596663933474353, 32.649438209369691, 0.0 ], [ 51.596267593507037, 32.649683676353497, 0.0 ], [ 51.595288749703428, 32.649582622304592, 0.0 ], [ 51.596843156101038, 32.649224499209993, 0.0 ] ] ] } },
{ "type": "Feature", "properties": { "Name": "Untitled Polygon", "description": null, "timestamp": null, "begin": null, "end": null, "altitudeMode": null, "tessellate": 1, "extrude": 0, "visibility": -1, "drawOrder": null, "icon": null, "class": 1 }, "geometry": { "type": "Polygon", "coordinates": [ [ [ 51.312592202884638, 32.608388583112003, 0.0 ], [ 51.318005781536939, 32.603701480066022, 0.0 ], [ 51.319929929442338, 32.605478943392093, 0.0 ], [ 51.316312063633433, 32.609483555850098, 0.0 ], [ 51.312592202884638, 32.608388583112003, 0.0 ] ] ] } },
{ "type": "Feature", "properties": { "Name": "Untitled Polygon", "description": null, "timestamp": null, "begin": null, "end": null, "altitudeMode": null, "tessellate": 1, "extrude": 0, "visibility": -1, "drawOrder": null, "icon": null, "class": 1 }, "geometry": { "type": "Polygon", "coordinates": [ [ [ 51.326431215065369, 32.574675321858543, 0.0 ], [ 51.342384068937463, 32.563820408230193, 0.0 ], [ 51.345361953498823, 32.565521841392467, 0.0 ], [ 51.342222525889703, 32.568731521112312, 0.0 ], [ 51.344444351553797, 32.571792693713753, 0.0 ], [ 51.34434511228509, 32.573143621085897, 0.0 ], [ 51.34417776185699, 32.575183775699607, 0.0 ], [ 51.334462024568992, 32.585493452524773, 0.0 ], [ 51.326431215065369, 32.574675321858543, 0.0 ] ] ] } },
{ "type": "Feature", "properties": { "Name": "Untitled Polygon", "description": null, "timestamp": null, "begin": null, "end": null, "altitudeMode": null, "tessellate": 1, "extrude": 0, "visibility": -1, "drawOrder": null, "icon": null, "class": 1 }, "geometry": { "type": "Polygon", "coordinates": [ [ [ 51.368476530101709, 32.553250248780543, 0.0 ], [ 51.37033837863946, 32.552910918012053, 0.0 ], [ 51.368700408051232, 32.547987962342383, 0.0 ], [ 51.373392551909269, 32.547041892452121, 0.0 ], [ 51.373587775042701, 32.551114271742613, 0.0 ], [ 51.376851102469189, 32.553942963780237, 0.0 ], [ 51.373625442024938, 32.556343746288739, 0.0 ], [ 51.374648699546988, 32.560691526387529, 0.0 ], [ 51.372735570546567, 32.562148081285592, 0.0 ], [ 51.371599505801363, 32.560200876309459, 0.0 ], [ 51.36912704888136, 32.561406915291293, 0.0 ], [ 51.366383715226227, 32.557245039889949, 0.0 ], [ 51.368476530101709, 32.553250248780543, 0.0 ] ] ] } },
{ "type": "Feature", "properties": { "Name": "Untitled Polygon", "description": null, "timestamp": null, "begin": null, "end": null, "altitudeMode": null, "tessellate": 1, "extrude": 0, "visibility": -1, "drawOrder": null, "icon": null, "class": 1 }, "geometry": { "type": "Polygon", "coordinates": [ [ [ 51.338356569917828, 32.530302861109959, 0.0 ], [ 51.340876530898591, 32.528295187116292, 0.0 ], [ 51.348040068687489, 32.521899940541033, 0.0 ], [ 51.351723220321567, 32.519417093321657, 0.0 ], [ 51.354431836592603, 32.515952015500893, 0.0 ], [ 51.357170960947997, 32.510726380142899, 0.0 ], [ 51.367932044598213, 32.516853508626227, 0.0 ], [ 51.372456136318178, 32.512314213039517, 0.0 ], [ 51.376298261548321, 32.514580359302627, 0.0 ], [ 51.370811795909979, 32.519975964852151, 0.0 ], [ 51.35749658504055, 32.534131223902399, 0.0 ], [ 51.349987750063313, 32.541180129874867, 0.0 ], [ 51.33856142973432, 32.530618663213147, 0.0 ], [ 51.338356569917828, 32.530302861109959, 0.0 ] ] ] } },
{ "type": "Feature", "properties": { "Name": "Untitled Polygon", "description": null, "timestamp": null, "begin": null, "end": null, "altitudeMode": null, "tessellate": 1, "extrude": 0, "visibility": -1, "drawOrder": null, "icon": null, "class": 1 }, "geometry": { "type": "Polygon", "coordinates": [ [ [ 51.406154549200338, 32.505471391710429, 0.0 ], [ 51.403812423948708, 32.500331115022867, 0.0 ], [ 51.404846339478418, 32.499443656367333, 0.0 ], [ 51.407565818906953, 32.49941909711265, 0.0 ], [ 51.410832272233257, 32.499563007184783, 0.0 ], [ 51.412132627995767, 32.499621987212002, 0.0 ], [ 51.406154549200338, 32.505471391710429, 0.0 ] ] ] } },
{ "type": "Feature", "properties": { "Name": "Untitled Polygon", "description": null, "timestamp": null, "begin": null, "end": null, "altitudeMode": null, "tessellate": 1, "extrude": 0, "visibility": -1, "drawOrder": null, "icon": null, "class": 1 }, "geometry": { "type": "Polygon", "coordinates": [ [ [ 51.410616762918437, 32.511010847393507, 0.0 ], [ 51.409046171878842, 32.506747277905617, 0.0 ], [ 51.410475825311181, 32.504360639886052, 0.0 ], [ 51.412880634426159, 32.506001195553033, 0.0 ], [ 51.413121247809158, 32.509983997940239, 0.0 ], [ 51.41296670437147, 32.511836815434542, 0.0 ], [ 51.410616762918437, 32.511010847393507, 0.0 ] ] ] } },
{ "type": "Feature", "properties": { "Name": "Untitled Polygon", "description": null, "timestamp": null, "begin": null, "end": null, "altitudeMode": null, "tessellate": 1, "extrude": 0, "visibility": -1, "drawOrder": null, "icon": null, "class": 1 }, "geometry": { "type": "Polygon", "coordinates": [ [ [ 51.363496695216618, 32.647124144728977, 0.0 ], [ 51.363560441848627, 32.64719237032665, 0.0 ], [ 51.363614579799567, 32.647325877333181, 0.0 ], [ 51.363595332887527, 32.647456290258212, 0.0 ], [ 51.363419373681118, 32.647645152890057, 0.0 ], [ 51.363285049441011, 32.647802907602021, 0.0 ], [ 51.363107762201999, 32.64799316072137, 0.0 ], [ 51.363018843606397, 32.648088578867693, 0.0 ], [ 51.362924803237561, 32.648217161765587, 0.0 ], [ 51.362783253827331, 32.648410697453137, 0.0 ], [ 51.362725977594373, 32.648541601447683, 0.0 ], [ 51.362663770536592, 32.648705838507937, 0.0 ], [ 51.362520764967421, 32.648901647068122, 0.0 ], [ 51.362452411877833, 32.649101262215368, 0.0 ], [ 51.36238393817807, 32.649301455504371, 0.0 ], [ 51.362288172859699, 32.649432760060527, 0.0 ], [ 51.362224348328809, 32.649600459470179, 0.0 ], [ 51.362154530172411, 32.649803432065973, 0.0 ], [ 51.362046772904961, 32.650005341408793, 0.0 ], [ 51.36186809421136, 32.650170385214032, 0.0 ], [ 51.361710667177888, 32.650198419521658, 0.0 ], [ 51.361482641469188, 32.650188962372901, 0.0 ], [ 51.361254615155737, 32.650179505356242, 0.0 ], [ 51.360912732815279, 32.650165141495179, 0.0 ], [ 51.360760854064289, 32.650158676163777, 0.0 ], [ 51.3605330459012, 32.650148979632377, 0.0 ], [ 51.36051857232205, 32.650010276176857, 0.0 ], [ 51.360553952220471, 32.649804903574257, 0.0 ], [ 51.360606549991182, 32.649498987921703, 0.0 ], [ 51.360667471487318, 32.649365189448311, 0.0 ], [ 51.360739776294778, 32.649164383317888, 0.0 ], [ 51.36075703933755, 32.649063499259341, 0.0 ], [ 51.360866404995839, 32.648865532629458, 0.0 ], [ 51.360964315532762, 32.648734602262593, 0.0 ], [ 51.361060789571063, 32.64860559193999, 0.0 ], [ 51.361244491616937, 32.648411535344643, 0.0 ], [ 51.361378974948671, 32.648283275277869, 0.0 ], [ 51.361480574912953, 32.648121599364877, 0.0 ], [ 51.361576418691307, 32.647993359271027, 0.0 ], [ 51.361725005041329, 32.647768994327627, 0.0 ], [ 51.361835928254173, 32.647544135779803, 0.0 ], [ 51.361893803982262, 32.647415900983518, 0.0 ], [ 51.361899044315763, 32.647383514173413, 0.0 ], [ 51.362045963854172, 32.647161951833063, 0.0 ], [ 51.362103437278023, 32.647034610709717, 0.0 ], [ 51.362212813375123, 32.646812977125506, 0.0 ], [ 51.362269900605419, 32.646686484966587, 0.0 ], [ 51.362368822651909, 32.646529626730697, 0.0 ], [ 51.362457308959399, 32.646436931841578, 0.0 ], [ 51.36259191150598, 32.646282675776042, 0.0 ], [ 51.36276737206633, 32.646098874800323, 0.0 ], [ 51.362937126777588, 32.64594746273297, 0.0 ], [ 51.36302475125904, 32.645855656704477, 0.0 ], [ 51.363224888965952, 32.645738096122948, 0.0 ], [ 51.36341963618144, 32.645652387286717, 0.0 ], [ 51.36349197585983, 32.645655509108373, 0.0 ], [ 51.363673106512408, 32.645663029574841, 0.0 ], [ 51.363862401694078, 32.645609198017979, 0.0 ], [ 51.364150932222543, 32.645622413074719, 0.0 ], [ 51.364259627830343, 32.645626871986941, 0.0 ], [ 51.364513214293247, 32.645637201663128, 0.0 ], [ 51.364770730213863, 32.645616663278197, 0.0 ], [ 51.364987745882189, 32.645625909314873, 0.0 ], [ 51.36527697689305, 32.645638331104443, 0.0 ], [ 51.36534928281818, 32.645641460596323, 0.0 ], [ 51.365574257156261, 32.645588248587849, 0.0 ], [ 51.365810752178248, 32.645441237823093, 0.0 ], [ 51.365890681584119, 32.645381986794277, 0.0 ], [ 51.366021539968877, 32.645200683915313, 0.0 ], [ 51.366118878837611, 32.644989028989087, 0.0 ], [ 51.366133696681082, 32.644865999220073, 0.0 ], [ 51.366195385951059, 32.644653015131887, 0.0 ], [ 51.36621374051137, 32.644500660950087, 0.0 ], [ 51.36622836815279, 32.644379027841239, 0.0 ], [ 51.366257509850421, 32.644136723760163, 0.0 ], [ 51.366289990669109, 32.643865803258379, 0.0 ], [ 51.366315250237591, 32.643656313891682, 0.0 ], [ 51.366343514863672, 32.643418033908659, 0.0 ], [ 51.366361269885637, 32.643269965402773, 0.0 ], [ 51.366379740381838, 32.643120787462379, 0.0 ], [ 51.366435907986343, 32.642945682052662, 0.0 ], [ 51.366453096697519, 32.642799341662652, 0.0 ], [ 51.366474369324798, 32.642623440611963, 0.0 ], [ 51.366523399984651, 32.642508153428842, 0.0 ], [ 51.366603684282801, 32.642423620438933, 0.0 ], [ 51.366791934350559, 32.642314707196107, 0.0 ], [ 51.367071099290918, 32.642326307937211, 0.0 ], [ 51.367210685714483, 32.64233210705752, 0.0 ], [ 51.367315375870177, 32.642336458911252, 0.0 ], [ 51.367489863668062, 32.642343708032378, 0.0 ], [ 51.367800892635742, 32.642385795454523, 0.0 ], [ 51.368039307599517, 32.642454063163058, 0.0 ], [ 51.368141159286807, 32.642487504461108, 0.0 ], [ 51.368240152664569, 32.642550106480343, 0.0 ], [ 51.368374268268809, 32.642614239366978, 0.0 ], [ 51.368567310877829, 32.642798413733807, 0.0 ], [ 51.368629023139221, 32.64288930325926, 0.0 ], [ 51.368723209034307, 32.643011181948751, 0.0 ], [ 51.368877113230511, 32.643254741029807, 0.0 ], [ 51.368969166936147, 32.643407429058591, 0.0 ], [ 51.368952837999132, 32.643585980671311, 0.0 ], [ 51.368939180225183, 32.643735308473637, 0.0 ], [ 51.36888998271327, 32.643883696078987, 0.0 ], [ 51.368799504340593, 32.644091370677224, 0.0 ], [ 51.368717108311152, 32.644209189973509, 0.0 ], [ 51.368711326156067, 32.644269797281929, 0.0 ], [ 51.368694408475953, 32.644451931711593, 0.0 ], [ 51.368674269501561, 32.644665486324058, 0.0 ], [ 51.368654675760567, 32.644878863842592, 0.0 ], [ 51.368664850467127, 32.645156866201383, 0.0 ], [ 51.368659093595262, 32.645218650542709, 0.0 ], [ 51.36868935724172, 32.64528197853442, 0.0 ], [ 51.368852602924562, 32.645475402483562, 0.0 ], [ 51.368952526612027, 32.64557301832258, 0.0 ], [ 51.369052859392923, 32.645670467814341, 0.0 ], [ 51.36915053179483, 32.645799698914672, 0.0 ], [ 51.369290045776651, 32.645868311957777, 0.0 ], [ 51.36942968643443, 32.645937003548013, 0.0 ], [ 51.369709513391378, 32.646074851374031, 0.0 ], [ 51.369956223302808, 32.64618015477312, 0.0 ], [ 51.370205827826737, 32.646254120276723, 0.0 ], [ 51.370421700943567, 32.646295065166449, 0.0 ], [ 51.370710382812419, 32.646340034499843, 0.0 ], [ 51.370928794908011, 32.646349236289979, 0.0 ], [ 51.371147220201237, 32.646358414867358, 0.0 ], [ 51.371365620913167, 32.646367859509994, 0.0 ], [ 51.371802473758827, 32.646386724922323, 0.0 ], [ 51.372055734415561, 32.6464288892913, 0.0 ], [ 51.372310591599501, 32.646439317148108, 0.0 ], [ 51.372454662382239, 32.646477504874127, 0.0 ], [ 51.37252593258242, 32.646512266467127, 0.0 ], [ 51.372779571349689, 32.646554773538483, 0.0 ], [ 51.372922483054737, 32.646624423505898, 0.0 ], [ 51.373030514847493, 32.646660829852678, 0.0 ], [ 51.373168167574768, 32.646858100452313, 0.0 ], [ 51.373273818448382, 32.646958587975483, 0.0 ], [ 51.373341689926278, 32.647089781960943, 0.0 ], [ 51.373408438376863, 32.647253499314012, 0.0 ], [ 51.373399143380027, 32.647478711090358, 0.0 ], [ 51.373392468638542, 32.647640262630723, 0.0 ], [ 51.37338845381651, 32.647737463813371, 0.0 ], [ 51.373309161634808, 32.647864204059452, 0.0 ], [ 51.373192686064108, 32.647989922982717, 0.0 ], [ 51.373077245782092, 32.648083211621312, 0.0 ], [ 51.372887533316103, 32.648173031527371, 0.0 ], [ 51.372734510386287, 32.648264935588401, 0.0 ], [ 51.372540774875347, 32.648421165528582, 0.0 ], [ 51.372424272052228, 32.648515065943919, 0.0 ], [ 51.372268354530931, 32.648641176256703, 0.0 ], [ 51.372108512727522, 32.648836191265453, 0.0 ], [ 51.372026574332033, 32.648967421474843, 0.0 ], [ 51.371865678306989, 32.649162600879329, 0.0 ], [ 51.371743619979952, 32.649325980415973, 0.0 ], [ 51.371615215147948, 32.649591297465641, 0.0 ], [ 51.371531915682169, 32.649723337992803, 0.0 ], [ 51.371446265672077, 32.649890067393748, 0.0 ], [ 51.371360477041009, 32.650057620521579, 0.0 ], [ 51.37131426679462, 32.650191963395883, 0.0 ], [ 51.371225750462827, 32.650394852270232, 0.0 ], [ 51.371018292787099, 32.65066286327238, 0.0 ], [ 51.370892936251273, 32.65083022497317, 0.0 ], [ 51.370767069264133, 32.650998799954287, 0.0 ], [ 51.370681305708388, 32.65113539921672, 0.0 ], [ 51.370595362416488, 32.651271725672679, 0.0 ], [ 51.37054748219014, 32.65141049299541, 0.0 ], [ 51.370463485762592, 32.651512946883066, 0.0 ], [ 51.370335907134191, 32.651684565252857, 0.0 ], [ 51.370207867030302, 32.651856795437403, 0.0 ], [ 51.370161699176073, 32.651961489533761, 0.0 ], [ 51.370063978129458, 32.652242642111453, 0.0 ], [ 51.370014857416322, 32.652383947273947, 0.0 ], [ 51.369965625409492, 32.652526192717481, 0.0 ], [ 51.369874713967768, 32.652702548679819, 0.0 ], [ 51.369864000259653, 32.652846837595931, 0.0 ], [ 51.369728443577714, 32.653093854068082, 0.0 ], [ 51.369678572520968, 32.653237108777837, 0.0 ], [ 51.36963125272149, 32.653344495803829, 0.0 ], [ 51.369502401547983, 32.6534866615143, 0.0 ], [ 51.369252720222249, 32.653661526088108, 0.0 ], [ 51.369093127191107, 32.653689483029893, 0.0 ], [ 51.369051104272152, 32.653723270341523, 0.0 ], [ 51.368776330534111, 32.653711337839823, 0.0 ], [ 51.36846211347585, 32.653698558361462, 0.0 ], [ 51.36834430561241, 32.653693967612092, 0.0 ], [ 51.368034067109157, 32.653641913841213, 0.0 ], [ 51.367837660807979, 32.653634421607499, 0.0 ], [ 51.36760910478931, 32.653551594288309, 0.0 ], [ 51.367298873331073, 32.65350223804834, 0.0 ], [ 51.367149320650768, 32.653422785165901, 0.0 ], [ 51.36696081681584, 32.653341848776783, 0.0 ], [ 51.366623803416758, 32.653181523895711, 0.0 ], [ 51.366478917165182, 32.653066619585047, 0.0 ], [ 51.366373639724678, 32.65295275935344, 0.0 ], [ 51.366315428327333, 32.652768516446358, 0.0 ], [ 51.366257554583598, 32.652584528038084, 0.0 ], [ 51.366242883001433, 32.652366322244113, 0.0 ], [ 51.366246862742308, 32.652330412412987, 0.0 ], [ 51.366227990735673, 32.652149954092721, 0.0 ], [ 51.366213092152421, 32.651934640599841, 0.0 ], [ 51.366194299190553, 32.651755650373246, 0.0 ], [ 51.366183469879857, 32.651506850151712, 0.0 ], [ 51.366160663568387, 32.651364671050153, 0.0 ], [ 51.366176421073867, 32.651224798828352, 0.0 ], [ 51.366203838590202, 32.650980436586877, 0.0 ], [ 51.366231110102383, 32.650737139758007, 0.0 ], [ 51.366231978311298, 32.650389934649958, 0.0 ], [ 51.366258924706827, 32.650149868886693, 0.0 ], [ 51.366198819053842, 32.650009343475162, 0.0 ], [ 51.366176852719157, 32.649870573114782, 0.0 ], [ 51.366154580891482, 32.649732871823772, 0.0 ], [ 51.366106066428337, 32.649493146166407, 0.0 ], [ 51.366083885637991, 32.649356718194973, 0.0 ], [ 51.366065981271078, 32.649186478696521, 0.0 ], [ 51.366043976710372, 32.649050790652197, 0.0 ], [ 51.365929150034262, 32.648744450177652, 0.0 ], [ 51.365844629954552, 32.648507373976813, 0.0 ], [ 51.365731509820549, 32.648203327127987, 0.0 ], [ 51.365640169703262, 32.64803394241634, 0.0 ], [ 51.365487293759678, 32.647763837449013, 0.0 ], [ 51.365286010251047, 32.647591311577102, 0.0 ], [ 51.365146637356112, 32.647519903598123, 0.0 ], [ 51.364905088835243, 32.647379467025488, 0.0 ], [ 51.364623268257368, 32.647269904525388, 0.0 ], [ 51.364222847461633, 32.647220281843147, 0.0 ], [ 51.363854815128342, 32.647204789537518, 0.0 ], [ 51.363597236939462, 32.647193925801787, 0.0 ], [ 51.363376470891097, 32.647184592640208, 0.0 ], [ 51.363496695216618, 32.647124144728977, 0.0 ] ] ] } },
{ "type": "Feature", "properties": { "Name": "Untitled Polygon", "description": null, "timestamp": null, "begin": null, "end": null, "altitudeMode": null, "tessellate": 1, "extrude": 0, "visibility": -1, "drawOrder": null, "icon": null, "class": 1 }, "geometry": { "type": "Polygon", "coordinates": [ [ [ 51.430465905889903, 32.628686551371253, 0.0 ], [ 51.430392503789093, 32.626388637849892, 0.0 ], [ 51.435719225695969, 32.623863433887351, 0.0 ], [ 51.435669725953993, 32.628177798040028, 0.0 ], [ 51.430465905889903, 32.628686551371253, 0.0 ] ] ] } },
{ "type": "Feature", "properties": { "Name": "Untitled Polygon", "description": null, "timestamp": null, "begin": null, "end": null, "altitudeMode": null, "tessellate": 1, "extrude": 0, "visibility": -1, "drawOrder": null, "icon": null, "class": 1 }, "geometry": { "type": "Polygon", "coordinates": [ [ [ 51.436356990117027, 32.628040101657817, 0.0 ], [ 51.436297104935832, 32.623063722681231, 0.0 ], [ 51.438022667666758, 32.623151946526718, 0.0 ], [ 51.439776449031598, 32.625185641231077, 0.0 ], [ 51.441917413371257, 32.62729210371311, 0.0 ], [ 51.442909109589948, 32.627736982317643, 0.0 ], [ 51.436356990117027, 32.628040101657817, 0.0 ] ] ] } },
{ "type": "Feature", "properties": { "Name": "Untitled Polygon", "description": null, "timestamp": null, "begin": null, "end": null, "altitudeMode": null, "tessellate": 1, "extrude": 0, "visibility": -1, "drawOrder": null, "icon": null, "class": 1 }, "geometry": { "type": "Polygon", "coordinates": [ [ [ 51.436965108234247, 32.634077671721712, 0.0 ], [ 51.436668501368459, 32.631745945893528, 0.0 ], [ 51.441114049658829, 32.631709032137167, 0.0 ], [ 51.44102162125256, 32.63371423971752, 0.0 ], [ 51.436965108234247, 32.634077671721712, 0.0 ] ] ] } },
{ "type": "Feature", "properties": { "Name": "Untitled Polygon", "description": null, "timestamp": null, "begin": null, "end": null, "altitudeMode": null, "tessellate": 1, "extrude": 0, "visibility": -1, "drawOrder": null, "icon": null, "class": 1 }, "geometry": { "type": "Polygon", "coordinates": [ [ [ 51.436723825181168, 32.63156983035126, 0.0 ], [ 51.436327724281952, 32.62871463785001, 0.0 ], [ 51.44737293207541, 32.628179072906782, 0.0 ], [ 51.447713113437771, 32.630977772095427, 0.0 ], [ 51.436723825181168, 32.63156983035126, 0.0 ] ] ] } },
{ "type": "Feature", "properties": { "Name": "Untitled Polygon", "description": null, "timestamp": null, "begin": null, "end": null, "altitudeMode": null, "tessellate": 1, "extrude": 0, "visibility": -1, "drawOrder": null, "icon": null, "class": 1 }, "geometry": { "type": "Polygon", "coordinates": [ [ [ 51.44905996083029, 32.636668140179573, 0.0 ], [ 51.448290891092853, 32.631219934746952, 0.0 ], [ 51.44837078335339, 32.631223540256769, 0.0 ], [ 51.450762593558373, 32.631167682392103, 0.0 ], [ 51.451503580829311, 32.637223937429397, 0.0 ], [ 51.44905996083029, 32.636668140179573, 0.0 ] ] ] } },
{ "type": "Feature", "properties": { "Name": "Untitled Polygon", "description": null, "timestamp": null, "begin": null, "end": null, "altitudeMode": null, "tessellate": 1, "extrude": 0, "visibility": -1, "drawOrder": null, "icon": null, "class": 1 }, "geometry": { "type": "Polygon", "coordinates": [ [ [ 51.475734713654333, 32.626892816581723, 0.0 ], [ 51.476311597330898, 32.624773937441553, 0.0 ], [ 51.480986188168643, 32.627979950811593, 0.0 ], [ 51.475734713654333, 32.626892816581723, 0.0 ] ] ] } },
{ "type": "Feature", "properties": { "Name": "Untitled Polygon", "description": null, "timestamp": null, "begin": null, "end": null, "altitudeMode": null, "tessellate": 1, "extrude": 0, "visibility": -1, "drawOrder": null, "icon": null, "class": 1 }, "geometry": { "type": "Polygon", "coordinates": [ [ [ 51.475787725620023, 32.623323160597153, 0.0 ], [ 51.47651871452841, 32.62300133474907, 0.0 ], [ 51.478064904738908, 32.623450315669317, 0.0 ], [ 51.480001500817359, 32.622878596245357, 0.0 ], [ 51.48470372232282, 32.622739056271087, 0.0 ], [ 51.48514775873285, 32.624967319127137, 0.0 ], [ 51.481778034808251, 32.625300396199179, 0.0 ], [ 51.4808686606709, 32.624277206931119, 0.0 ], [ 51.476898121345762, 32.624618958387423, 0.0 ], [ 51.475787725620023, 32.623323160597153, 0.0 ] ] ] } },
{ "type": "Feature", "properties": { "Name": "Untitled Polygon", "description": null, "timestamp": null, "begin": null, "end": null, "altitudeMode": null, "tessellate": 1, "extrude": 0, "visibility": -1, "drawOrder": null, "icon": null, "class": 1 }, "geometry": { "type": "Polygon", "coordinates": [ [ [ 51.500508555654093, 32.639284005731938, 0.0 ], [ 51.500402798234681, 32.638076575046583, 0.0 ], [ 51.503357687054468, 32.638556771679227, 0.0 ], [ 51.50204774951407, 32.639555388638293, 0.0 ], [ 51.500508555654093, 32.639284005731938, 0.0 ] ] ] } },
{ "type": "Feature", "properties": { "Name": "Untitled Polygon", "description": null, "timestamp": null, "begin": null, "end": null, "altitudeMode": null, "tessellate": 1, "extrude": 0, "visibility": -1, "drawOrder": null, "icon": null, "class": 1 }, "geometry": { "type": "Polygon", "coordinates": [ [ [ 51.451762292038907, 32.679751567286687, 0.0 ], [ 51.454543634451611, 32.679366391870012, 0.0 ], [ 51.454963104587748, 32.68196316669983, 0.0 ], [ 51.452027859020383, 32.68210492242833, 0.0 ], [ 51.451762292038907, 32.679751567286687, 0.0 ] ] ] } },
{ "type": "Feature", "properties": { "Name": "Untitled Polygon", "description": null, "timestamp": null, "begin": null, "end": null, "altitudeMode": null, "tessellate": 1, "extrude": 0, "visibility": -1, "drawOrder": null, "icon": null, "class": 1 }, "geometry": { "type": "Polygon", "coordinates": [ [ [ 51.408684886485858, 32.691541373394088, 0.0 ], [ 51.408159700399722, 32.688314506825293, 0.0 ], [ 51.408889986512357, 32.688049580233972, 0.0 ], [ 51.411023609538859, 32.688623473168107, 0.0 ], [ 51.41162661899245, 32.690463314299478, 0.0 ], [ 51.412015482210911, 32.691297896875483, 0.0 ], [ 51.408684886485858, 32.691541373394088, 0.0 ] ] ] } },
{ "type": "Feature", "properties": { "Name": "Untitled Polygon", "description": null, "timestamp": null, "begin": null, "end": null, "altitudeMode": null, "tessellate": 1, "extrude": 0, "visibility": -1, "drawOrder": null, "icon": null, "class": 1 }, "geometry": { "type": "Polygon", "coordinates": [ [ [ 51.406024124241213, 32.677554753310481, 0.0 ], [ 51.413364777567423, 32.67712990718146, 0.0 ], [ 51.414071726139383, 32.677551629041943, 0.0 ], [ 51.41634654321517, 32.677680697891837, 0.0 ], [ 51.416848547267101, 32.677258009289062, 0.0 ], [ 51.417032049893969, 32.677690065210122, 0.0 ], [ 51.417886862418307, 32.677955057226207, 0.0 ], [ 51.419789942932383, 32.677747196300771, 0.0 ], [ 51.420730513913163, 32.68243167347358, 0.0 ], [ 51.422178350222097, 32.686174980742592, 0.0 ], [ 51.4168815248279, 32.68554326889857, 0.0 ], [ 51.41042287988224, 32.685758553469007, 0.0 ], [ 51.410326289858858, 32.683749598820498, 0.0 ], [ 51.40737224397779, 32.684074059530197, 0.0 ], [ 51.406024124241213, 32.677554753310481, 0.0 ] ] ] } },
{ "type": "Feature", "properties": { "Name": "Untitled Polygon", "description": null, "timestamp": null, "begin": null, "end": null, "altitudeMode": null, "tessellate": 1, "extrude": 0, "visibility": -1, "drawOrder": null, "icon": null, "class": 1 }, "geometry": { "type": "Polygon", "coordinates": [ [ [ 51.458919237054097, 32.589449194239933, 0.0 ], [ 51.459658481987468, 32.585711475786681, 0.0 ], [ 51.4685633267963, 32.583119036967567, 0.0 ], [ 51.467966495338644, 32.588682152663729, 0.0 ], [ 51.458919237054097, 32.589449194239933, 0.0 ] ] ] } },
{ "type": "Feature", "properties": { "Name": "Untitled Polygon", "description": null, "timestamp": null, "begin": null, "end": null, "altitudeMode": null, "tessellate": 1, "extrude": 0, "visibility": -1, "drawOrder": null, "icon": null, "class": 1 }, "geometry": { "type": "Polygon", "coordinates": [ [ [ 51.448959049464378, 32.586660597177193, 0.0 ], [ 51.441686570058998, 32.583301936188597, 0.0 ], [ 51.444765540807019, 32.580733396584719, 0.0 ], [ 51.445238889015677, 32.578499095619257, 0.0 ], [ 51.448959049464378, 32.586660597177193, 0.0 ] ] ] } },
{ "type": "Feature", "properties": { "Name": "Untitled Polygon", "description": null, "timestamp": null, "begin": null, "end": null, "altitudeMode": null, "tessellate": 1, "extrude": 0, "visibility": -1, "drawOrder": null, "icon": null, "class": 1 }, "geometry": { "type": "Polygon", "coordinates": [ [ [ 51.442524556919359, 32.576784895312898, 0.0 ], [ 51.442768193485783, 32.573574061805942, 0.0 ], [ 51.444932757138318, 32.572781878863992, 0.0 ], [ 51.44524758220971, 32.574518985452258, 0.0 ], [ 51.442524556919359, 32.576784895312898, 0.0 ] ] ] } },
{ "type": "Feature", "properties": { "Name": "Untitled Polygon", "description": null, "timestamp": null, "begin": null, "end": null, "altitudeMode": null, "tessellate": 1, "extrude": 0, "visibility": -1, "drawOrder": null, "icon": null, "class": 1 }, "geometry": { "type": "Polygon", "coordinates": [ [ [ 51.446404766952057, 32.573454524114346, 0.0 ], [ 51.445631224319847, 32.565462031325112, 0.0 ], [ 51.4519320801937, 32.567147793672603, 0.0 ], [ 51.45170491817187, 32.572323203939682, 0.0 ], [ 51.446404766952057, 32.573454524114346, 0.0 ] ] ] } },
{ "type": "Feature", "properties": { "Name": "Untitled Polygon", "description": null, "timestamp": null, "begin": null, "end": null, "altitudeMode": null, "tessellate": 1, "extrude": 0, "visibility": -1, "drawOrder": null, "icon": null, "class": 1 }, "geometry": { "type": "Polygon", "coordinates": [ [ [ 51.452699282342913, 32.566175087935683, 0.0 ], [ 51.452092869205792, 32.564666706671701, 0.0 ], [ 51.453501663388138, 32.564368430721991, 0.0 ], [ 51.454047298710137, 32.563665376580992, 0.0 ], [ 51.458738548911072, 32.567883997185689, 0.0 ], [ 51.452699282342913, 32.566175087935683, 0.0 ] ] ] } },
{ "type": "Feature", "properties": { "Name": "Untitled Polygon", "description": null, "timestamp": null, "begin": null, "end": null, "altitudeMode": null, "tessellate": 1, "extrude": 0, "visibility": -1, "drawOrder": null, "icon": null, "class": 1 }, "geometry": { "type": "Polygon", "coordinates": [ [ [ 51.455949024136999, 32.572019424882733, 0.0 ], [ 51.455862701031791, 32.568490964188058, 0.0 ], [ 51.46180204327878, 32.570140012029277, 0.0 ], [ 51.455949024136999, 32.572019424882733, 0.0 ] ] ] } },
{ "type": "Feature", "properties": { "Name": "Untitled Polygon", "description": null, "timestamp": null, "begin": null, "end": null, "altitudeMode": null, "tessellate": 1, "extrude": 0, "visibility": -1, "drawOrder": null, "icon": null, "class": 1 }, "geometry": { "type": "Polygon", "coordinates": [ [ [ 51.45951956037775, 32.568143835288232, 0.0 ], [ 51.455943315143898, 32.56378146076203, 0.0 ], [ 51.457630734951273, 32.563460305153967, 0.0 ], [ 51.45832588598703, 32.564632820032521, 0.0 ], [ 51.459520750126231, 32.564583237565166, 0.0 ], [ 51.46047177106481, 32.566883228526443, 0.0 ], [ 51.461130169762953, 32.567470921927509, 0.0 ], [ 51.461761065967728, 32.568723046955263, 0.0 ], [ 51.45951956037775, 32.568143835288232, 0.0 ] ] ] } },
{ "type": "Feature", "properties": { "Name": "Untitled Polygon", "description": null, "timestamp": null, "begin": null, "end": null, "altitudeMode": null, "tessellate": 1, "extrude": 0, "visibility": -1, "drawOrder": null, "icon": null, "class": 1 }, "geometry": { "type": "Polygon", "coordinates": [ [ [ 51.460464948252977, 32.570821198762957, 0.0 ], [ 51.460882258213161, 32.570757755397999, 0.0 ], [ 51.461274310435869, 32.570487340758369, 0.0 ], [ 51.461819943218153, 32.570406005382829, 0.0 ], [ 51.461864132771723, 32.570571490235807, 0.0 ], [ 51.462027000018388, 32.5711275445802, 0.0 ], [ 51.462040372563557, 32.571222239003717, 0.0 ], [ 51.462095582280639, 32.571624725334694, 0.0 ], [ 51.462181472398427, 32.572294910266578, 0.0 ], [ 51.462214385622559, 32.572370955969141, 0.0 ], [ 51.462348774154847, 32.572859793733429, 0.0 ], [ 51.462466706600232, 32.573211335291887, 0.0 ], [ 51.462497999176122, 32.573268258303798, 0.0 ], [ 51.462512185851317, 32.573369148725313, 0.0 ], [ 51.46284413646913, 32.573932742237872, 0.0 ], [ 51.46284694444946, 32.573953692934737, 0.0 ], [ 51.463051599369713, 32.574734964467488, 0.0 ], [ 51.463398607456398, 32.575491830793077, 0.0 ], [ 51.46349424308881, 32.57565535243598, 0.0 ], [ 51.463503665696138, 32.575720800072737, 0.0 ], [ 51.463545121473643, 32.57600403396431, 0.0 ], [ 51.463717433060012, 32.576520715971412, 0.0 ], [ 51.463764233709313, 32.576673318425222, 0.0 ], [ 51.463998743100547, 32.577097504224298, 0.0 ], [ 51.464015638763648, 32.577210510323788, 0.0 ], [ 51.464022413744779, 32.577255857273023, 0.0 ], [ 51.46436843580959, 32.577905821819513, 0.0 ], [ 51.464406925777133, 32.577994565689522, 0.0 ], [ 51.464859420977533, 32.578331561880859, 0.0 ], [ 51.464887619975663, 32.578351365493397, 0.0 ], [ 51.46524102674897, 32.578830017773683, 0.0 ], [ 51.465301929408213, 32.578894272334878, 0.0 ], [ 51.465661843357488, 32.579234021741073, 0.0 ], [ 51.465698676468051, 32.579302448682888, 0.0 ], [ 51.466154502489907, 32.579730047495573, 0.0 ], [ 51.46618788703114, 32.579774606531807, 0.0 ], [ 51.466723427849921, 32.580477881168498, 0.0 ], [ 51.467627747565949, 32.580723442071339, 0.0 ], [ 51.468213274798948, 32.581180847952353, 0.0 ], [ 51.468114916780323, 32.581902327520957, 0.0 ], [ 51.464743593151461, 32.582999017044862, 0.0 ], [ 51.460464948252977, 32.570821198762957, 0.0 ] ] ] } },
{ "type": "Feature", "properties": { "Name": "Untitled Polygon", "description": null, "timestamp": null, "begin": null, "end": null, "altitudeMode": null, "tessellate": 1, "extrude": 0, "visibility": -1, "drawOrder": null, "icon": null, "class": 1 }, "geometry": { "type": "Polygon", "coordinates": [ [ [ 51.464449856522293, 32.576354566513032, 0.0 ], [ 51.464185075099159, 32.575394978261123, 0.0 ], [ 51.466869223410733, 32.574412811830904, 0.0 ], [ 51.467357604366377, 32.575528353459958, 0.0 ], [ 51.464449856522293, 32.576354566513032, 0.0 ] ] ] } },
{ "type": "Feature", "properties": { "Name": "Untitled Polygon", "description": null, "timestamp": null, "begin": null, "end": null, "altitudeMode": null, "tessellate": 1, "extrude": 0, "visibility": -1, "drawOrder": null, "icon": null, "class": 1 }, "geometry": { "type": "Polygon", "coordinates": [ [ [ 51.467803287074041, 32.574806858302743, 0.0 ], [ 51.46827538489319, 32.575095466297583, 0.0 ], [ 51.468815501540313, 32.57549010949873, 0.0 ], [ 51.469124813109083, 32.575948030924742, 0.0 ], [ 51.46787149412387, 32.576137586016479, 0.0 ], [ 51.467803287074041, 32.574806858302743, 0.0 ] ] ] } },
{ "type": "Feature", "properties": { "Name": "Untitled Polygon", "description": null, "timestamp": null, "begin": null, "end": null, "altitudeMode": null, "tessellate": 1, "extrude": 0, "visibility": -1, "drawOrder": null, "icon": null, "class": 1 }, "geometry": { "type": "Polygon", "coordinates": [ [ [ 51.482263494187528, 32.56920054396285, 0.0 ], [ 51.479837954956203, 32.564468194897557, 0.0 ], [ 51.48787553846546, 32.56164792403527, 0.0 ], [ 51.489351404283759, 32.562244915025488, 0.0 ], [ 51.49167206841507, 32.561721371203063, 0.0 ], [ 51.49312199906965, 32.565106092349289, 0.0 ], [ 51.482263494187528, 32.56920054396285, 0.0 ] ] ] } },
{ "type": "Feature", "properties": { "Name": "Untitled Polygon", "description": null, "timestamp": null, "begin": null, "end": null, "altitudeMode": null, "tessellate": 1, "extrude": 0, "visibility": -1, "drawOrder": null, "icon": null, "class": 1 }, "geometry": { "type": "Polygon", "coordinates": [ [ [ 51.509449649615377, 32.563484758912537, 0.0 ], [ 51.508865080386173, 32.563524565777492, 0.0 ], [ 51.508817427553197, 32.563532447627892, 0.0 ], [ 51.508509148859282, 32.563479709858377, 0.0 ], [ 51.508260032898313, 32.563469532881697, 0.0 ], [ 51.507990764547159, 32.563366091502282, 0.0 ], [ 51.507837353053823, 32.563340724414751, 0.0 ], [ 51.507568561041509, 32.563236478644292, 0.0 ], [ 51.507300275759, 32.563132385602692, 0.0 ], [ 51.50696493543176, 32.56294127492729, 0.0 ], [ 51.506697743265043, 32.562836951188189, 0.0 ], [ 51.506535884299907, 32.562765938961967, 0.0 ], [ 51.506269863629399, 32.562663792296092, 0.0 ], [ 51.505975428985572, 32.562420884596733, 0.0 ], [ 51.505738805324249, 32.562217949926342, 0.0 ], [ 51.505550249524987, 32.562009394448317, 0.0 ], [ 51.505315295117583, 32.561809358814891, 0.0 ], [ 51.504968954666467, 32.561534566883019, 0.0 ], [ 51.50480019265818, 32.56141544097261, 0.0 ], [ 51.504567330802878, 32.561216054855841, 0.0 ], [ 51.503981212917203, 32.560931750152719, 0.0 ], [ 51.5037038467268, 32.560740881167092, 0.0 ], [ 51.503380670835249, 32.56055710080124, 0.0 ], [ 51.503316936038431, 32.560473859664967, 0.0 ], [ 51.503066996826092, 32.560418928366119, 0.0 ], [ 51.502808928768339, 32.560318167706932, 0.0 ], [ 51.502433797100409, 32.560098708096227, 0.0 ], [ 51.502231692767239, 32.560037154988237, 0.0 ], [ 51.501975384794029, 32.559937953873721, 0.0 ], [ 51.501812210642868, 32.559824917428337, 0.0 ], [ 51.5016493444327, 32.559712094711799, 0.0 ], [ 51.501525112793473, 32.5595481774075, 0.0 ], [ 51.501308874129698, 32.559399069885679, 0.0 ], [ 51.501185361997408, 32.559237981708769, 0.0 ], [ 51.501138779046158, 32.558973379936603, 0.0 ], [ 51.501253501220617, 32.558820341412087, 0.0 ], [ 51.501329797438743, 32.558718265502627, 0.0 ], [ 51.501597672149053, 32.558634306897538, 0.0 ], [ 51.501773496616821, 32.558563061206613, 0.0 ], [ 51.502025027501062, 32.558390747233837, 0.0 ], [ 51.502208570175881, 32.558363298363837, 0.0 ], [ 51.502575623617403, 32.558308114981067, 0.0 ], [ 51.502759230030698, 32.558280120882507, 0.0 ], [ 51.502942693388199, 32.558252589408227, 0.0 ], [ 51.50312611377332, 32.558223503398573, 0.0 ], [ 51.503447081826508, 32.558173019362172, 0.0 ], [ 51.503676335241558, 32.558136972746361, 0.0 ], [ 51.50390561101829, 32.558101531013357, 0.0 ], [ 51.50404333507867, 32.558081722800502, 0.0 ], [ 51.504317922329157, 32.558035286566209, 0.0 ], [ 51.50454688978818, 32.557998133702647, 0.0 ], [ 51.504776408457907, 32.557964685906157, 0.0 ], [ 51.50523486659467, 32.557894528598148, 0.0 ], [ 51.505601391620431, 32.557837405078907, 0.0 ], [ 51.505876313831429, 32.557794680794792, 0.0 ], [ 51.506059862151531, 32.557767436468012, 0.0 ], [ 51.506289503594033, 32.557734483713332, 0.0 ], [ 51.506656836414393, 32.557680879486817, 0.0 ], [ 51.506886153496637, 32.557646391511597, 0.0 ], [ 51.507069145418157, 32.557616846656671, 0.0 ], [ 51.50738987923306, 32.557567278665147, 0.0 ], [ 51.507573173093988, 32.557538949436022, 0.0 ], [ 51.507756547915641, 32.557511057528387, 0.0 ], [ 51.507975514785223, 32.557431544180403, 0.0 ], [ 51.508194796205423, 32.557353549361267, 0.0 ], [ 51.508368590862297, 32.557284085722628, 0.0 ], [ 51.508689642737643, 32.557236702518288, 0.0 ], [ 51.509000761378999, 32.55714669994088, 0.0 ], [ 51.509230625519088, 32.557114484661057, 0.0 ], [ 51.509587111407967, 32.557016800135898, 0.0 ], [ 51.509907096066897, 32.556966819093283, 0.0 ], [ 51.510090035519021, 32.556938528773173, 0.0 ], [ 51.51028358958046, 32.556953586815517, 0.0 ], [ 51.510452878240571, 32.557062552590153, 0.0 ], [ 51.510598156525781, 32.557265896646761, 0.0 ], [ 51.510811505323602, 32.557550238639543, 0.0 ], [ 51.510968658540961, 32.557798639928762, 0.0 ], [ 51.511125733684011, 32.558046365628712, 0.0 ], [ 51.511282302246578, 32.558292458250889, 0.0 ], [ 51.511383614250732, 32.558505891668098, 0.0 ], [ 51.511485364406987, 32.558720424166118, 0.0 ], [ 51.51162110277199, 32.559069651626793, 0.0 ], [ 51.511816091679982, 32.559459889044582, 0.0 ], [ 51.511861739658841, 32.559640785978083, 0.0 ], [ 51.512033666622713, 32.559939681407897, 0.0 ], [ 51.512137276230419, 32.560158031632263, 0.0 ], [ 51.512264536946681, 32.560468954198107, 0.0 ], [ 51.512369291977691, 32.560689883379219, 0.0 ], [ 51.51242644347375, 32.56091695064999, 0.0 ], [ 51.512494798612238, 32.561189095952109, 0.0 ], [ 51.512410179393576, 32.561438702616726, 0.0 ], [ 51.512338479104017, 32.561544725484403, 0.0 ], [ 51.512230765361039, 32.561704006679882, 0.0 ], [ 51.512063255506988, 32.562018974269257, 0.0 ], [ 51.511848056501371, 32.562146097303618, 0.0 ], [ 51.511775593612853, 32.562252693358587, 0.0 ], [ 51.51159642607967, 32.562327059797447, 0.0 ], [ 51.511333116113683, 32.562461941844703, 0.0 ], [ 51.510905678004733, 32.562529345458991, 0.0 ], [ 51.510727614994281, 32.562608403398428, 0.0 ], [ 51.510549385399017, 32.562687530255133, 0.0 ], [ 51.510334160275868, 32.56282017929783, 0.0 ], [ 51.510154584237043, 32.562896442674983, 0.0 ], [ 51.50992645766317, 32.562977612698283, 0.0 ], [ 51.509745916281076, 32.563051583405723, 0.0 ], [ 51.509624260096949, 32.563166931475934, 0.0 ], [ 51.509476343549778, 32.563384502555252, 0.0 ], [ 51.509449649615377, 32.563484758912537, 0.0 ] ] ] } },
{ "type": "Feature", "properties": { "Name": "Untitled Polygon", "description": null, "timestamp": null, "begin": null, "end": null, "altitudeMode": null, "tessellate": 1, "extrude": 0, "visibility": -1, "drawOrder": null, "icon": null, "class": 1 }, "geometry": { "type": "Polygon", "coordinates": [ [ [ 51.491337155940101, 32.589086291273517, 0.0 ], [ 51.487860311956993, 32.581992071627923, 0.0 ], [ 51.49201976849151, 32.58512780495397, 0.0 ], [ 51.491337155940101, 32.589086291273517, 0.0 ] ] ] } },
{ "type": "Feature", "properties": { "Name": "Untitled Polygon", "description": null, "timestamp": null, "begin": null, "end": null, "altitudeMode": null, "tessellate": 1, "extrude": 0, "visibility": -1, "drawOrder": null, "icon": null, "class": 1 }, "geometry": { "type": "Polygon", "coordinates": [ [ [ 51.49792094691314, 32.573104368651009, 0.0 ], [ 51.500982790001899, 32.574166054365463, 0.0 ], [ 51.498287287954568, 32.576871488212802, 0.0 ], [ 51.49792094691314, 32.573104368651009, 0.0 ] ] ] } },
{ "type": "Feature", "properties": { "Name": "Untitled Polygon", "description": null, "timestamp": null, "begin": null, "end": null, "altitudeMode": null, "tessellate": 1, "extrude": 0, "visibility": -1, "drawOrder": null, "icon": null, "class": 1 }, "geometry": { "type": "Polygon", "coordinates": [ [ [ 51.521672342636137, 32.584120649712098, 0.0 ], [ 51.524554559597021, 32.582593298597388, 0.0 ], [ 51.525868639195522, 32.584207918529771, 0.0 ], [ 51.522961336684538, 32.586098688154152, 0.0 ], [ 51.521672342636137, 32.584120649712098, 0.0 ] ] ] } },
{ "type": "Feature", "properties": { "Name": "Untitled Polygon", "description": null, "timestamp": null, "begin": null, "end": null, "altitudeMode": null, "tessellate": 1, "extrude": 0, "visibility": -1, "drawOrder": null, "icon": null, "class": 1 }, "geometry": { "type": "Polygon", "coordinates": [ [ [ 51.515485849176969, 32.575738125995521, 0.0 ], [ 51.514290284835063, 32.574344015353802, 0.0 ], [ 51.516049308410089, 32.574859223205522, 0.0 ], [ 51.515485849176969, 32.575738125995521, 0.0 ] ] ] } },
{ "type": "Feature", "properties": { "Name": "Untitled Polygon", "description": null, "timestamp": null, "begin": null, "end": null, "altitudeMode": null, "tessellate": 1, "extrude": 0, "visibility": -1, "drawOrder": null, "icon": null, "class": 1 }, "geometry": { "type": "Polygon", "coordinates": [ [ [ 51.542763355155998, 32.581898734126149, 0.0 ], [ 51.545336874528218, 32.58024299359564, 0.0 ], [ 51.549932986435429, 32.581161937623058, 0.0 ], [ 51.544412832264143, 32.58444076536864, 0.0 ], [ 51.542763355155998, 32.581898734126149, 0.0 ] ] ] } },
{ "type": "Feature", "properties": { "Name": "Untitled Polygon", "description": null, "timestamp": null, "begin": null, "end": null, "altitudeMode": null, "tessellate": 1, "extrude": 0, "visibility": -1, "drawOrder": null, "icon": null, "class": 1 }, "geometry": { "type": "Polygon", "coordinates": [ [ [ 51.552682775051792, 32.577937708771181, 0.0 ], [ 51.549885035520468, 32.579651956428421, 0.0 ], [ 51.548448131881607, 32.575430670150261, 0.0 ], [ 51.552682775051792, 32.577937708771181, 0.0 ] ] ] } },
{ "type": "Feature", "properties": { "Name": "Untitled Polygon", "description": null, "timestamp": null, "begin": null, "end": null, "altitudeMode": null, "tessellate": 1, "extrude": 0, "visibility": -1, "drawOrder": null, "icon": null, "class": 1 }, "geometry": { "type": "Polygon", "coordinates": [ [ [ 51.574848030592271, 32.596854998231173, 0.0 ], [ 51.571553462523802, 32.592334296269762, 0.0 ], [ 51.572399525677731, 32.589600240411762, 0.0 ], [ 51.572560265756181, 32.587698209983138, 0.0 ], [ 51.573293457841579, 32.584100078221709, 0.0 ], [ 51.57475339386292, 32.583203227753657, 0.0 ], [ 51.574848030592271, 32.596854998231173, 0.0 ] ] ] } },
{ "type": "Feature", "properties": { "Name": "Untitled Polygon", "description": null, "timestamp": null, "begin": null, "end": null, "altitudeMode": null, "tessellate": 1, "extrude": 0, "visibility": -1, "drawOrder": null, "icon": null, "class": 1 }, "geometry": { "type": "Polygon", "coordinates": [ [ [ 51.574355605321152, 32.577102292104797, 0.0 ], [ 51.574433295468488, 32.576588857193883, 0.0 ], [ 51.576632956388821, 32.576389968339363, 0.0 ], [ 51.576684284767502, 32.576810747679268, 0.0 ], [ 51.577605597766343, 32.576642584422977, 0.0 ], [ 51.577554284182867, 32.576323256870587, 0.0 ], [ 51.578714003898831, 32.576192348941277, 0.0 ], [ 51.579040112038612, 32.578038451674857, 0.0 ], [ 51.579101514623602, 32.579130184933533, 0.0 ], [ 51.574620959041113, 32.580043773249002, 0.0 ], [ 51.574355605321152, 32.577102292104797, 0.0 ] ] ] } },
{ "type": "Feature", "properties": { "Name": "Untitled Polygon", "description": null, "timestamp": null, "begin": null, "end": null, "altitudeMode": null, "tessellate": 1, "extrude": 0, "visibility": -1, "drawOrder": null, "icon": null, "class": 1 }, "geometry": { "type": "Polygon", "coordinates": [ [ [ 51.57639936400674, 32.59035879379055, 0.0 ], [ 51.576845242345811, 32.590311079165637, 0.0 ], [ 51.576986982020557, 32.590901185095412, 0.0 ], [ 51.57692430344617, 32.591196918091718, 0.0 ], [ 51.576935362948888, 32.591546901400598, 0.0 ], [ 51.576989214668792, 32.591924712648982, 0.0 ], [ 51.57706894517473, 32.59231377701763, 0.0 ], [ 51.577078443579651, 32.592447392630397, 0.0 ], [ 51.577303656926802, 32.592764558815738, 0.0 ], [ 51.577464031986018, 32.593224958261104, 0.0 ], [ 51.577573927112176, 32.593656663867932, 0.0 ], [ 51.57768378015254, 32.594271137956817, 0.0 ], [ 51.578042743999092, 32.594814185101178, 0.0 ], [ 51.578314626662227, 32.595148715000263, 0.0 ], [ 51.579449213826109, 32.597476814977497, 0.0 ], [ 51.580667503671059, 32.598992804772067, 0.0 ], [ 51.58163626909765, 32.600271344675811, 0.0 ], [ 51.582564204743178, 32.601317641090397, 0.0 ], [ 51.583648440706071, 32.602345396791478, 0.0 ], [ 51.581679919076493, 32.603505255764809, 0.0 ], [ 51.579141464783582, 32.601007667972901, 0.0 ], [ 51.579139893022898, 32.600995474170233, 0.0 ], [ 51.57841084509046, 32.599924760772382, 0.0 ], [ 51.57840556800415, 32.599878758347842, 0.0 ], [ 51.577454585863833, 32.598537656244361, 0.0 ], [ 51.57742728518943, 32.59851022937395, 0.0 ], [ 51.576399032290333, 32.597934624611497, 0.0 ], [ 51.575874585044943, 32.597495181011148, 0.0 ], [ 51.575578674403033, 32.596971903045343, 0.0 ], [ 51.575865570500241, 32.596250581841574, 0.0 ], [ 51.576174365154031, 32.595540903611209, 0.0 ], [ 51.576183915274548, 32.595521144232443, 0.0 ], [ 51.576452589727353, 32.595019386895913, 0.0 ], [ 51.576671542486118, 32.594281382456032, 0.0 ], [ 51.576870241845242, 32.593566235986977, 0.0 ], [ 51.576957856452388, 32.593031158770728, 0.0 ], [ 51.576956892995277, 32.593011066805033, 0.0 ], [ 51.57639936400674, 32.59035879379055, 0.0 ] ] ] } },
{ "type": "Feature", "properties": { "Name": "Untitled Polygon", "description": null, "timestamp": null, "begin": null, "end": null, "altitudeMode": null, "tessellate": 1, "extrude": 0, "visibility": -1, "drawOrder": null, "icon": null, "class": 1 }, "geometry": { "type": "Polygon", "coordinates": [ [ [ 51.576186422872951, 32.588688724560328, 0.0 ], [ 51.576608110246873, 32.588692264914648, 0.0 ], [ 51.576728585941652, 32.590173226620188, 0.0 ], [ 51.576322198615223, 32.590171247648819, 0.0 ], [ 51.576186422872951, 32.588688724560328, 0.0 ] ] ] } },
{ "type": "Feature", "properties": { "Name": "Untitled Polygon", "description": null, "timestamp": null, "begin": null, "end": null, "altitudeMode": null, "tessellate": 1, "extrude": 0, "visibility": -1, "drawOrder": null, "icon": null, "class": 1 }, "geometry": { "type": "Polygon", "coordinates": [ [ [ 51.576002196237027, 32.588468250662856, 0.0 ], [ 51.575084169147203, 32.582325195728806, 0.0 ], [ 51.57894058231463, 32.582338189910352, 0.0 ], [ 51.577966116734203, 32.583702284686026, 0.0 ], [ 51.577298417259868, 32.585926762306521, 0.0 ], [ 51.5766992350556, 32.588402863881058, 0.0 ], [ 51.576002196237027, 32.588468250662856, 0.0 ] ] ] } },
{ "type": "Feature", "properties": { "Name": "Untitled Polygon", "description": null, "timestamp": null, "begin": null, "end": null, "altitudeMode": null, "tessellate": 1, "extrude": 0, "visibility": -1, "drawOrder": null, "icon": null, "class": 1 }, "geometry": { "type": "Polygon", "coordinates": [ [ [ 51.552398551519147, 32.617645881437063, 0.0 ], [ 51.557273081169448, 32.619130706771323, 0.0 ], [ 51.557231166907947, 32.623626321447418, 0.0 ], [ 51.552398551519147, 32.617645881437063, 0.0 ] ] ] } },
{ "type": "Feature", "properties": { "Name": "Untitled Polygon", "description": null, "timestamp": null, "begin": null, "end": null, "altitudeMode": null, "tessellate": 1, "extrude": 0, "visibility": -1, "drawOrder": null, "icon": null, "class": 1 }, "geometry": { "type": "Polygon", "coordinates": [ [ [ 51.553160528506467, 32.612428472131647, 0.0 ], [ 51.553334317752842, 32.607396148927712, 0.0 ], [ 51.558438237019772, 32.609508088856103, 0.0 ], [ 51.558580950555459, 32.612539843910042, 0.0 ], [ 51.553160528506467, 32.612428472131647, 0.0 ] ] ] } },
{ "type": "Feature", "properties": { "Name": "Untitled Polygon", "description": null, "timestamp": null, "begin": null, "end": null, "altitudeMode": null, "tessellate": 1, "extrude": 0, "visibility": -1, "drawOrder": null, "icon": null, "class": 1 }, "geometry": { "type": "Polygon", "coordinates": [ [ [ 51.555880921796238, 32.607593110166519, 0.0 ], [ 51.557116888060918, 32.605166815196, 0.0 ], [ 51.558249880035078, 32.608235613426658, 0.0 ], [ 51.555880921796238, 32.607593110166519, 0.0 ] ] ] } },
{ "type": "Feature", "properties": { "Name": "Untitled Polygon", "description": null, "timestamp": null, "begin": null, "end": null, "altitudeMode": null, "tessellate": 1, "extrude": 0, "visibility": -1, "drawOrder": null, "icon": null, "class": 1 }, "geometry": { "type": "Polygon", "coordinates": [ [ [ 51.560462214340511, 32.616850524659647, 0.0 ], [ 51.561925466458483, 32.614934389163707, 0.0 ], [ 51.56206623869631, 32.618271995294798, 0.0 ], [ 51.560462214340511, 32.616850524659647, 0.0 ] ] ] } },
{ "type": "Feature", "properties": { "Name": "Untitled Polygon", "description": null, "timestamp": null, "begin": null, "end": null, "altitudeMode": null, "tessellate": 1, "extrude": 0, "visibility": -1, "drawOrder": null, "icon": null, "class": 1 }, "geometry": { "type": "Polygon", "coordinates": [ [ [ 51.568627050982343, 32.616230321630681, 0.0 ], [ 51.568744226948567, 32.612586511393147, 0.0 ], [ 51.571411940210417, 32.613846281358477, 0.0 ], [ 51.568627050982343, 32.616230321630681, 0.0 ] ] ] } },
{ "type": "Feature", "properties": { "Name": "Untitled Polygon", "description": null, "timestamp": null, "begin": null, "end": null, "altitudeMode": null, "tessellate": 1, "extrude": 0, "visibility": -1, "drawOrder": null, "icon": null, "class": 1 }, "geometry": { "type": "Polygon", "coordinates": [ [ [ 51.575831505631648, 32.619418071289758, 0.0 ], [ 51.578099081207753, 32.617566606928563, 0.0 ], [ 51.580506392995296, 32.6196020820718, 0.0 ], [ 51.575831505631648, 32.619418071289758, 0.0 ] ] ] } },
{ "type": "Feature", "properties": { "Name": "Untitled Polygon", "description": null, "timestamp": null, "begin": null, "end": null, "altitudeMode": null, "tessellate": 1, "extrude": 0, "visibility": -1, "drawOrder": null, "icon": null, "class": 1 }, "geometry": { "type": "Polygon", "coordinates": [ [ [ 51.581913344701121, 32.618415586603348, 0.0 ], [ 51.580144128714473, 32.616504918114437, 0.0 ], [ 51.587013337849747, 32.615126749884134, 0.0 ], [ 51.589705415324303, 32.617710429721093, 0.0 ], [ 51.581913344701121, 32.618415586603348, 0.0 ] ] ] } },
{ "type": "Feature", "properties": { "Name": "Untitled Polygon", "description": null, "timestamp": null, "begin": null, "end": null, "altitudeMode": null, "tessellate": 1, "extrude": 0, "visibility": -1, "drawOrder": null, "icon": null, "class": 1 }, "geometry": { "type": "Polygon", "coordinates": [ [ [ 51.576540599591432, 32.614295590572553, 0.0 ], [ 51.576144164270893, 32.610434527793039, 0.0 ], [ 51.577465494819528, 32.610652184151547, 0.0 ], [ 51.578829540444303, 32.613534771136209, 0.0 ], [ 51.576540599591432, 32.614295590572553, 0.0 ] ] ] } },
{ "type": "Feature", "properties": { "Name": "Untitled Polygon", "description": null, "timestamp": null, "begin": null, "end": null, "altitudeMode": null, "tessellate": 1, "extrude": 0, "visibility": -1, "drawOrder": null, "icon": null, "class": 1 }, "geometry": { "type": "Polygon", "coordinates": [ [ [ 51.601058158030433, 32.62566419935235, 0.0 ], [ 51.600624326295787, 32.624938468671317, 0.0 ], [ 51.601050079251273, 32.622476277110977, 0.0 ], [ 51.601681883627663, 32.617596778302882, 0.0 ], [ 51.602382008626158, 32.617855880049987, 0.0 ], [ 51.60242327283423, 32.617895321572568, 0.0 ], [ 51.603253673347623, 32.618515002150517, 0.0 ], [ 51.603273922512543, 32.618527911019846, 0.0 ], [ 51.603360196066383, 32.618609132959513, 0.0 ], [ 51.604539966161241, 32.619080743497939, 0.0 ], [ 51.604543208647002, 32.619096845665659, 0.0 ], [ 51.604652063277712, 32.619179801065023, 0.0 ], [ 51.604679807552728, 32.619225353469169, 0.0 ], [ 51.606669806547679, 32.620531928686312, 0.0 ], [ 51.609128852104448, 32.621777879563908, 0.0 ], [ 51.609183295151908, 32.621826602565243, 0.0 ], [ 51.610425368956527, 32.62269281550428, 0.0 ], [ 51.610442916697828, 32.622749227020037, 0.0 ], [ 51.612362200723382, 32.623863336141831, 0.0 ], [ 51.614499554380508, 32.624273006146112, 0.0 ], [ 51.616939015489841, 32.624727015314953, 0.0 ], [ 51.617286552504709, 32.627902319017139, 0.0 ], [ 51.617017977971287, 32.627940778284326, 0.0 ], [ 51.616658072823171, 32.627989795893697, 0.0 ], [ 51.61615314753687, 32.628143138843519, 0.0 ], [ 51.615761764959473, 32.628228185029457, 0.0 ], [ 51.61534355895931, 32.628116381489242, 0.0 ], [ 51.615056060679372, 32.628035684482683, 0.0 ], [ 51.614583716538569, 32.627830978772543, 0.0 ], [ 51.614155789766748, 32.62786991263394, 0.0 ], [ 51.613970139598052, 32.628200252943088, 0.0 ], [ 51.61395643938387, 32.628227684589987, 0.0 ], [ 51.614000101841917, 32.628552783607667, 0.0 ], [ 51.613401789634082, 32.62858904291533, 0.0 ], [ 51.61305504454478, 32.62846182494723, 0.0 ], [ 51.612614979146542, 32.628759090636457, 0.0 ], [ 51.612169469424202, 32.628677180059462, 0.0 ], [ 51.612147261949488, 32.62868063918696, 0.0 ], [ 51.611628988263043, 32.628582504129362, 0.0 ], [ 51.611327447083731, 32.628349680376523, 0.0 ], [ 51.610687097394198, 32.62852448654553, 0.0 ], [ 51.610657602145118, 32.629241391728229, 0.0 ], [ 51.61002955274774, 32.629333667079017, 0.0 ], [ 51.60998479209097, 32.629340502213068, 0.0 ], [ 51.6097214554689, 32.629047787107382, 0.0 ], [ 51.609638147952829, 32.628383429422769, 0.0 ], [ 51.60939483306278, 32.627717502312301, 0.0 ], [ 51.608945221576043, 32.627372517336532, 0.0 ], [ 51.608391912411271, 32.627207282541683, 0.0 ], [ 51.60769173048655, 32.6267762901129, 0.0 ], [ 51.607082529879527, 32.626797381509647, 0.0 ], [ 51.606442925096651, 32.62666539155768, 0.0 ], [ 51.60557913926629, 32.626133522948912, 0.0 ], [ 51.604701982144967, 32.625655403221963, 0.0 ], [ 51.605318747559103, 32.625334432551881, 0.0 ], [ 51.606068836920308, 32.624484911108702, 0.0 ], [ 51.605796072486363, 32.623581158599762, 0.0 ], [ 51.604295325897183, 32.623716260726837, 0.0 ], [ 51.604280373117362, 32.62433180265127, 0.0 ], [ 51.60293790842244, 32.624781704504237, 0.0 ], [ 51.602164196417029, 32.625287378960458, 0.0 ], [ 51.601058158030433, 32.62566419935235, 0.0 ] ] ] } },
{ "type": "Feature", "properties": { "Name": "Untitled Polygon", "description": null, "timestamp": null, "begin": null, "end": null, "altitudeMode": null, "tessellate": 1, "extrude": 0, "visibility": -1, "drawOrder": null, "icon": null, "class": 1 }, "geometry": { "type": "Polygon", "coordinates": [ [ [ 51.583002553838121, 32.613805644064293, 0.0 ], [ 51.589132886387311, 32.610580790329507, 0.0 ], [ 51.593202085973019, 32.612504658606319, 0.0 ], [ 51.583356608599672, 32.614590735795637, 0.0 ], [ 51.583002553838121, 32.613805644064293, 0.0 ] ] ] } },
{ "type": "Feature", "properties": { "Name": "Untitled Polygon", "description": null, "timestamp": null, "begin": null, "end": null, "altitudeMode": null, "tessellate": 1, "extrude": 0, "visibility": -1, "drawOrder": null, "icon": null, "class": 1 }, "geometry": { "type": "Polygon", "coordinates": [ [ [ 51.590106748189378, 32.617746556746717, 0.0 ], [ 51.58864638552128, 32.614071572174367, 0.0 ], [ 51.59388856655282, 32.613060532447747, 0.0 ], [ 51.600479144547009, 32.616777736278657, 0.0 ], [ 51.598598293135467, 32.6190027596652, 0.0 ], [ 51.593543558155368, 32.617400485745392, 0.0 ], [ 51.590106748189378, 32.617746556746717, 0.0 ] ] ] } },
{ "type": "Feature", "properties": { "Name": "Untitled Polygon", "description": null, "timestamp": null, "begin": null, "end": null, "altitudeMode": null, "tessellate": 1, "extrude": 0, "visibility": -1, "drawOrder": null, "icon": null, "class": 1 }, "geometry": { "type": "Polygon", "coordinates": [ [ [ 51.593914031889, 32.611849755588118, 0.0 ], [ 51.594455477799933, 32.608973076673912, 0.0 ], [ 51.608391778920009, 32.608004334865257, 0.0 ], [ 51.610786982628021, 32.609049871609869, 0.0 ], [ 51.611862249221957, 32.61189915064552, 0.0 ], [ 51.593914031889, 32.611849755588118, 0.0 ] ] ] } },
{ "type": "Feature", "properties": { "Name": "Untitled Polygon", "description": null, "timestamp": null, "begin": null, "end": null, "altitudeMode": null, "tessellate": 1, "extrude": 0, "visibility": -1, "drawOrder": null, "icon": null, "class": 1 }, "geometry": { "type": "Polygon", "coordinates": [ [ [ 51.617751920597108, 32.623600830698592, 0.0 ], [ 51.61761329098362, 32.607718646997803, 0.0 ], [ 51.624656330429147, 32.606944136681257, 0.0 ], [ 51.625376480520643, 32.622855796636877, 0.0 ], [ 51.617751920597108, 32.623600830698592, 0.0 ] ] ] } },
{ "type": "Feature", "properties": { "Name": "Untitled Polygon", "description": null, "timestamp": null, "begin": null, "end": null, "altitudeMode": null, "tessellate": 1, "extrude": 0, "visibility": -1, "drawOrder": null, "icon": null, "class": 1 }, "geometry": { "type": "Polygon", "coordinates": [ [ [ 51.615791382087593, 32.612814562807444, 0.0 ], [ 51.616395655391067, 32.623613750254989, 0.0 ], [ 51.59687815229492, 32.613082032938578, 0.0 ], [ 51.615791382087593, 32.612814562807444, 0.0 ] ] ] } },
{ "type": "Feature", "properties": { "Name": "Untitled Polygon", "description": null, "timestamp": null, "begin": null, "end": null, "altitudeMode": null, "tessellate": 1, "extrude": 0, "visibility": -1, "drawOrder": null, "icon": null, "class": 1 }, "geometry": { "type": "Polygon", "coordinates": [ [ [ 51.639172270593562, 32.615892622629488, 0.0 ], [ 51.639765283069842, 32.619611228072948, 0.0 ], [ 51.631444375758157, 32.617395420689142, 0.0 ], [ 51.639172270593562, 32.615892622629488, 0.0 ] ] ] } },
{ "type": "Feature", "properties": { "Name": "Untitled Polygon", "description": null, "timestamp": null, "begin": null, "end": null, "altitudeMode": null, "tessellate": 1, "extrude": 0, "visibility": -1, "drawOrder": null, "icon": null, "class": 1 }, "geometry": { "type": "Polygon", "coordinates": [ [ [ 51.641722423697942, 32.619900777296529, 0.0 ], [ 51.641458310015501, 32.614383661766666, 0.0 ], [ 51.645656069731388, 32.613942102296768, 0.0 ], [ 51.645039976687258, 32.604269968729753, 0.0 ], [ 51.649411226044251, 32.60348610035993, 0.0 ], [ 51.65129019283664, 32.618963516586803, 0.0 ], [ 51.641722423697942, 32.619900777296529, 0.0 ] ] ] } },
{ "type": "Feature", "properties": { "Name": "Untitled Polygon", "description": null, "timestamp": null, "begin": null, "end": null, "altitudeMode": null, "tessellate": 1, "extrude": 0, "visibility": -1, "drawOrder": null, "icon": null, "class": 1 }, "geometry": { "type": "Polygon", "coordinates": [ [ [ 51.640695524177929, 32.607533562578077, 0.0 ], [ 51.640472799115692, 32.606447656959439, 0.0 ], [ 51.644609645594493, 32.605846504095879, 0.0 ], [ 51.644707391155237, 32.607043319703287, 0.0 ], [ 51.640695524177929, 32.607533562578077, 0.0 ] ] ] } },
{ "type": "Feature", "properties": { "Name": "Untitled Polygon", "description": null, "timestamp": null, "begin": null, "end": null, "altitudeMode": null, "tessellate": 1, "extrude": 0, "visibility": -1, "drawOrder": null, "icon": null, "class": 1 }, "geometry": { "type": "Polygon", "coordinates": [ [ [ 51.6785199829026, 32.608667121114493, 0.0 ], [ 51.680802686897763, 32.616121057602349, 0.0 ], [ 51.681227118473792, 32.61471079684663, 0.0 ], [ 51.688335102979337, 32.614559095336503, 0.0 ], [ 51.688813894574807, 32.616318871097079, 0.0 ], [ 51.698292656873988, 32.615883197954567, 0.0 ], [ 51.704134660927323, 32.615742427513247, 0.0 ], [ 51.709029791660257, 32.616632741958711, 0.0 ], [ 51.713676255795292, 32.61793049036261, 0.0 ], [ 51.72092229433644, 32.619707947134373, 0.0 ], [ 51.721417320894069, 32.613596186609144, 0.0 ], [ 51.725727089401417, 32.613555103626823, 0.0 ], [ 51.718490601515462, 32.624237677814207, 0.0 ], [ 51.7013566553575, 32.623901928587998, 0.0 ], [ 51.691057325984048, 32.624978042872158, 0.0 ], [ 51.682685765334853, 32.625139410193754, 0.0 ], [ 51.67716317884765, 32.626543776339361, 0.0 ], [ 51.675727965976201, 32.622870159893779, 0.0 ], [ 51.674519854559939, 32.616665960490863, 0.0 ], [ 51.678529874183198, 32.614985840872293, 0.0 ], [ 51.6785199829026, 32.608667121114493, 0.0 ] ] ] } },
{ "type": "Feature", "properties": { "Name": "Untitled Polygon", "description": null, "timestamp": null, "begin": null, "end": null, "altitudeMode": null, "tessellate": 1, "extrude": 0, "visibility": -1, "drawOrder": null, "icon": null, "class": 1 }, "geometry": { "type": "Polygon", "coordinates": [ [ [ 51.605385361696968, 32.673325301454312, 0.0 ], [ 51.608796212257793, 32.669113676484997, 0.0 ], [ 51.609913591436971, 32.674068652312933, 0.0 ], [ 51.605385361696968, 32.673325301454312, 0.0 ] ] ] } },
{ "type": "Feature", "properties": { "Name": "Untitled Polygon", "description": null, "timestamp": null, "begin": null, "end": null, "altitudeMode": null, "tessellate": 1, "extrude": 0, "visibility": -1, "drawOrder": null, "icon": null, "class": 1 }, "geometry": { "type": "Polygon", "coordinates": [ [ [ 51.622364701179549, 32.676682492047021, 0.0 ], [ 51.624820749408883, 32.679818480864057, 0.0 ], [ 51.616301168135912, 32.673976287557863, 0.0 ], [ 51.622364701179549, 32.676682492047021, 0.0 ] ] ] } },
{ "type": "Feature", "properties": { "Name": "Untitled Polygon", "description": null, "timestamp": null, "begin": null, "end": null, "altitudeMode": null, "tessellate": 1, "extrude": 0, "visibility": -1, "drawOrder": null, "icon": null, "class": 1 }, "geometry": { "type": "Polygon", "coordinates": [ [ [ 51.620089894140563, 32.661000830274929, 0.0 ], [ 51.620697499580679, 32.663596886648293, 0.0 ], [ 51.615647939378782, 32.659672104293819, 0.0 ], [ 51.620089894140563, 32.661000830274929, 0.0 ] ] ] } },
{ "type": "Feature", "properties": { "Name": "Untitled Polygon", "description": null, "timestamp": null, "begin": null, "end": null, "altitudeMode": null, "tessellate": 1, "extrude": 0, "visibility": -1, "drawOrder": null, "icon": null, "class": 1 }, "geometry": { "type": "Polygon", "coordinates": [ [ [ 51.616938213685259, 32.655871592137913, 0.0 ], [ 51.623910368109783, 32.654819078580722, 0.0 ], [ 51.625925265469697, 32.66085345810378, 0.0 ], [ 51.616938213685259, 32.655871592137913, 0.0 ] ] ] } },
{ "type": "Feature", "properties": { "Name": "Untitled Polygon", "description": null, "timestamp": null, "begin": null, "end": null, "altitudeMode": null, "tessellate": 1, "extrude": 0, "visibility": -1, "drawOrder": null, "icon": null, "class": 1 }, "geometry": { "type": "Polygon", "coordinates": [ [ [ 51.606949753089097, 32.655360167228643, 0.0 ], [ 51.607632026453622, 32.649363900534183, 0.0 ], [ 51.615738657625279, 32.650709735512031, 0.0 ], [ 51.606949753089097, 32.655360167228643, 0.0 ] ] ] } },
{ "type": "Feature", "properties": { "Name": "Untitled Polygon", "description": null, "timestamp": null, "begin": null, "end": null, "altitudeMode": null, "tessellate": 1, "extrude": 0, "visibility": -1, "drawOrder": null, "icon": null, "class": 1 }, "geometry": { "type": "Polygon", "coordinates": [ [ [ 51.627262202038331, 32.655489180439432, 0.0 ], [ 51.629031973956423, 32.651981212767481, 0.0 ], [ 51.639159462788157, 32.653088711099947, 0.0 ], [ 51.64164891918638, 32.65801643754611, 0.0 ], [ 51.627262202038331, 32.655489180439432, 0.0 ] ] ] } },
{ "type": "Feature", "properties": { "Name": "Untitled Polygon", "description": null, "timestamp": null, "begin": null, "end": null, "altitudeMode": null, "tessellate": 1, "extrude": 0, "visibility": -1, "drawOrder": null, "icon": null, "class": 1 }, "geometry": { "type": "Polygon", "coordinates": [ [ [ 51.62235305116706, 32.700124663815117, 0.0 ], [ 51.624853885619757, 32.696716292291242, 0.0 ], [ 51.63376574115015, 32.700424922261853, 0.0 ], [ 51.62235305116706, 32.700124663815117, 0.0 ] ] ] } },
{ "type": "Feature", "properties": { "Name": "Untitled Polygon", "description": null, "timestamp": null, "begin": null, "end": null, "altitudeMode": null, "tessellate": 1, "extrude": 0, "visibility": -1, "drawOrder": null, "icon": null, "class": 1 }, "geometry": { "type": "Polygon", "coordinates": [ [ [ 51.610891494461953, 32.701045555452602, 0.0 ], [ 51.618810711802837, 32.694828833872343, 0.0 ], [ 51.614980195943367, 32.701051795513877, 0.0 ], [ 51.610891494461953, 32.701045555452602, 0.0 ] ] ] } },
{ "type": "Feature", "properties": { "Name": "Untitled Polygon", "description": null, "timestamp": null, "begin": null, "end": null, "altitudeMode": null, "tessellate": 1, "extrude": 0, "visibility": -1, "drawOrder": null, "icon": null, "class": 1 }, "geometry": { "type": "Polygon", "coordinates": [ [ [ 51.637662078293687, 32.687269966783411, 0.0 ], [ 51.635512862521743, 32.694770716802502, 0.0 ], [ 51.62810750348347, 32.692850291637768, 0.0 ], [ 51.637662078293687, 32.687269966783411, 0.0 ] ] ] } },
{ "type": "Feature", "properties": { "Name": "Untitled Polygon", "description": null, "timestamp": null, "begin": null, "end": null, "altitudeMode": null, "tessellate": 1, "extrude": 0, "visibility": -1, "drawOrder": null, "icon": null, "class": 1 }, "geometry": { "type": "Polygon", "coordinates": [ [ [ 51.682855008756327, 32.721307584451203, 0.0 ], [ 51.666334184566693, 32.712778478495913, 0.0 ], [ 51.679679793588193, 32.706048240200232, 0.0 ], [ 51.686927864207142, 32.713875499880672, 0.0 ], [ 51.682855008756327, 32.721307584451203, 0.0 ] ] ] } },
{ "type": "Feature", "properties": { "Name": "Untitled Polygon", "description": null, "timestamp": null, "begin": null, "end": null, "altitudeMode": null, "tessellate": 1, "extrude": 0, "visibility": -1, "drawOrder": null, "icon": null, "class": 1 }, "geometry": { "type": "Polygon", "coordinates": [ [ [ 51.630157996089878, 32.714696982915349, 0.0 ], [ 51.633274444331008, 32.710644309789068, 0.0 ], [ 51.639949608389088, 32.711324570352609, 0.0 ], [ 51.639438433612582, 32.713850829894767, 0.0 ], [ 51.630157996089878, 32.714696982915349, 0.0 ] ] ] } },
{ "type": "Feature", "properties": { "Name": "Untitled Polygon", "description": null, "timestamp": null, "begin": null, "end": null, "altitudeMode": null, "tessellate": 1, "extrude": 0, "visibility": -1, "drawOrder": null, "icon": null, "class": 1 }, "geometry": { "type": "Polygon", "coordinates": [ [ [ 51.650930346867767, 32.701120159929381, 0.0 ], [ 51.654096004090121, 32.692163417940463, 0.0 ], [ 51.662354881762198, 32.697444619772718, 0.0 ], [ 51.650930346867767, 32.701120159929381, 0.0 ] ] ] } },
{ "type": "Feature", "properties": { "Name": "Untitled Polygon", "description": null, "timestamp": null, "begin": null, "end": null, "altitudeMode": null, "tessellate": 1, "extrude": 0, "visibility": -1, "drawOrder": null, "icon": null, "class": 1 }, "geometry": { "type": "Polygon", "coordinates": [ [ [ 51.703122921777343, 32.706017412135402, 0.0 ], [ 51.703233802332562, 32.698928480315487, 0.0 ], [ 51.714324770960353, 32.707700447497587, 0.0 ], [ 51.703122921777343, 32.706017412135402, 0.0 ] ] ] } },
{ "type": "Feature", "properties": { "Name": "Untitled Polygon", "description": null, "timestamp": null, "begin": null, "end": null, "altitudeMode": null, "tessellate": 1, "extrude": 0, "visibility": -1, "drawOrder": null, "icon": null, "class": 1 }, "geometry": { "type": "Polygon", "coordinates": [ [ [ 51.725143024757351, 32.721796810446158, 0.0 ], [ 51.722096253649113, 32.718039684000779, 0.0 ], [ 51.723192477680833, 32.716377777585087, 0.0 ], [ 51.727535039891578, 32.715024525342677, 0.0 ], [ 51.725143024757351, 32.721796810446158, 0.0 ] ] ] } },
{ "type": "Feature", "properties": { "Name": "Untitled Polygon", "description": null, "timestamp": null, "begin": null, "end": null, "altitudeMode": null, "tessellate": 1, "extrude": 0, "visibility": -1, "drawOrder": null, "icon": null, "class": 1 }, "geometry": { "type": "Polygon", "coordinates": [ [ [ 51.735240713557268, 32.724694367983638, 0.0 ], [ 51.733735820961464, 32.721364670110937, 0.0 ], [ 51.737619788859689, 32.718767071382757, 0.0 ], [ 51.740207383706057, 32.721311203149376, 0.0 ], [ 51.735240713557268, 32.724694367983638, 0.0 ] ] ] } },
{ "type": "Feature", "properties": { "Name": "Untitled Polygon", "description": null, "timestamp": null, "begin": null, "end": null, "altitudeMode": null, "tessellate": 1, "extrude": 0, "visibility": -1, "drawOrder": null, "icon": null, "class": 1 }, "geometry": { "type": "Polygon", "coordinates": [ [ [ 51.734557139909242, 32.718770392913399, 0.0 ], [ 51.731147473422602, 32.711824107564603, 0.0 ], [ 51.735930452493669, 32.717378833786533, 0.0 ], [ 51.734557139909242, 32.718770392913399, 0.0 ] ] ] } },
{ "type": "Feature", "properties": { "Name": "Untitled Polygon", "description": null, "timestamp": null, "begin": null, "end": null, "altitudeMode": null, "tessellate": 1, "extrude": 0, "visibility": -1, "drawOrder": null, "icon": null, "class": 1 }, "geometry": { "type": "Polygon", "coordinates": [ [ [ 51.729630472369948, 32.710555876171071, 0.0 ], [ 51.729987357629597, 32.708009368989273, 0.0 ], [ 51.735830045111022, 32.70796399795389, 0.0 ], [ 51.735707820812422, 32.710805360907422, 0.0 ], [ 51.729630472369948, 32.710555876171071, 0.0 ] ] ] } },
{ "type": "Feature", "properties": { "Name": "Untitled Polygon", "description": null, "timestamp": null, "begin": null, "end": null, "altitudeMode": null, "tessellate": 1, "extrude": 0, "visibility": -1, "drawOrder": null, "icon": null, "class": 1 }, "geometry": { "type": "Polygon", "coordinates": [ [ [ 51.710812531828843, 32.700446120635981, 0.0 ], [ 51.712418035987433, 32.697081440549731, 0.0 ], [ 51.714653078864849, 32.701839251543952, 0.0 ], [ 51.710812531828843, 32.700446120635981, 0.0 ] ] ] } },
{ "type": "Feature", "properties": { "Name": "Untitled Polygon", "description": null, "timestamp": null, "begin": null, "end": null, "altitudeMode": null, "tessellate": 1, "extrude": 0, "visibility": -1, "drawOrder": null, "icon": null, "class": 1 }, "geometry": { "type": "Polygon", "coordinates": [ [ [ 51.718440922016057, 32.692232749389703, 0.0 ], [ 51.722215009863973, 32.687459788317518, 0.0 ], [ 51.724824223763683, 32.689647544999929, 0.0 ], [ 51.723117968381999, 32.692419080917979, 0.0 ], [ 51.720681433297507, 32.69487910472445, 0.0 ], [ 51.71789369596727, 32.695816435116093, 0.0 ], [ 51.718440922016057, 32.692232749389703, 0.0 ] ] ] } },
{ "type": "Feature", "properties": { "Name": "Untitled Polygon", "description": null, "timestamp": null, "begin": null, "end": null, "altitudeMode": null, "tessellate": 1, "extrude": 0, "visibility": -1, "drawOrder": null, "icon": null, "class": 1 }, "geometry": { "type": "Polygon", "coordinates": [ [ [ 51.71520594077775, 32.683501672708317, 0.0 ], [ 51.720696073030311, 32.684375419189998, 0.0 ], [ 51.714630715879643, 32.689460630858612, 0.0 ], [ 51.71520594077775, 32.683501672708317, 0.0 ] ] ] } },
{ "type": "Feature", "properties": { "Name": "Untitled Polygon", "description": null, "timestamp": null, "begin": null, "end": null, "altitudeMode": null, "tessellate": 1, "extrude": 0, "visibility": -1, "drawOrder": null, "icon": null, "class": 1 }, "geometry": { "type": "Polygon", "coordinates": [ [ [ 51.727408273227987, 32.680543036438777, 0.0 ], [ 51.730832671931289, 32.67470389380432, 0.0 ], [ 51.734273627122093, 32.676887989183598, 0.0 ], [ 51.728636919986712, 32.682002348153567, 0.0 ], [ 51.728547331284609, 32.682016954133658, 0.0 ], [ 51.727408273227987, 32.680543036438777, 0.0 ] ] ] } },
{ "type": "Feature", "properties": { "Name": "Untitled Polygon", "description": null, "timestamp": null, "begin": null, "end": null, "altitudeMode": null, "tessellate": 1, "extrude": 0, "visibility": -1, "drawOrder": null, "icon": null, "class": 1 }, "geometry": { "type": "Polygon", "coordinates": [ [ [ 51.751752962145673, 32.707361750425633, 0.0 ], [ 51.758473638496568, 32.710118958312137, 0.0 ], [ 51.756991098909857, 32.711685934843501, 0.0 ], [ 51.755169977067233, 32.709361373083503, 0.0 ], [ 51.75006834642835, 32.708235352675771, 0.0 ], [ 51.751752962145673, 32.707361750425633, 0.0 ] ] ] } },
{ "type": "Feature", "properties": { "Name": "Untitled Polygon", "description": null, "timestamp": null, "begin": null, "end": null, "altitudeMode": null, "tessellate": 1, "extrude": 0, "visibility": -1, "drawOrder": null, "icon": null, "class": 1 }, "geometry": { "type": "Polygon", "coordinates": [ [ [ 51.751325597217473, 32.704602171980277, 0.0 ], [ 51.752510988343737, 32.704333116282363, 0.0 ], [ 51.755939133257407, 32.704022266661127, 0.0 ], [ 51.759524068270437, 32.707296119351398, 0.0 ], [ 51.758538261465191, 32.708451903994202, 0.0 ], [ 51.751684680066589, 32.706041247935083, 0.0 ], [ 51.751325597217473, 32.704602171980277, 0.0 ] ] ] } },
{ "type": "Feature", "properties": { "Name": "Untitled Polygon", "description": null, "timestamp": null, "begin": null, "end": null, "altitudeMode": null, "tessellate": 1, "extrude": 0, "visibility": -1, "drawOrder": null, "icon": null, "class": 1 }, "geometry": { "type": "Polygon", "coordinates": [ [ [ 51.750914180449783, 32.70675736479015, 0.0 ], [ 51.749374078957679, 32.708109229292802, 0.0 ], [ 51.747851173414247, 32.705676151984463, 0.0 ], [ 51.750914180449783, 32.70675736479015, 0.0 ] ] ] } },
{ "type": "Feature", "properties": { "Name": "Untitled Polygon", "description": null, "timestamp": null, "begin": null, "end": null, "altitudeMode": null, "tessellate": 1, "extrude": 0, "visibility": -1, "drawOrder": null, "icon": null, "class": 1 }, "geometry": { "type": "Polygon", "coordinates": [ [ [ 51.747880714037912, 32.713924377649541, 0.0 ], [ 51.747364497360692, 32.712214548993387, 0.0 ], [ 51.751736080022027, 32.711034804321933, 0.0 ], [ 51.752870608528639, 32.71008107713503, 0.0 ], [ 51.753684100460433, 32.71024951176819, 0.0 ], [ 51.754024274538139, 32.712686501890452, 0.0 ], [ 51.754883856520237, 32.714348914374568, 0.0 ], [ 51.75293411562135, 32.713300869598513, 0.0 ], [ 51.747880714037912, 32.713924377649541, 0.0 ] ] ] } },
{ "type": "Feature", "properties": { "Name": "Untitled Polygon", "description": null, "timestamp": null, "begin": null, "end": null, "altitudeMode": null, "tessellate": 1, "extrude": 0, "visibility": -1, "drawOrder": null, "icon": null, "class": 1 }, "geometry": { "type": "Polygon", "coordinates": [ [ [ 51.842483141244273, 32.702242133827419, 0.0 ], [ 51.841055638697597, 32.705418702033313, 0.0 ], [ 51.83690839738901, 32.705215718799963, 0.0 ], [ 51.842483141244273, 32.702242133827419, 0.0 ] ] ] } },
{ "type": "Feature", "properties": { "Name": "Untitled Polygon", "description": null, "timestamp": null, "begin": null, "end": null, "altitudeMode": null, "tessellate": 1, "extrude": 0, "visibility": -1, "drawOrder": null, "icon": null, "class": 1 }, "geometry": { "type": "Polygon", "coordinates": [ [ [ 51.82804109445209, 32.699408714453973, 0.0 ], [ 51.83032814569502, 32.699379089309197, 0.0 ], [ 51.825861640832052, 32.702309303168327, 0.0 ], [ 51.82804109445209, 32.699408714453973, 0.0 ] ] ] } },
{ "type": "Feature", "properties": { "Name": "Untitled Polygon", "description": null, "timestamp": null, "begin": null, "end": null, "altitudeMode": null, "tessellate": 1, "extrude": 0, "visibility": -1, "drawOrder": null, "icon": null, "class": 1 }, "geometry": { "type": "Polygon", "coordinates": [ [ [ 51.835784467864059, 32.699017570521711, 0.0 ], [ 51.837299522396513, 32.702676204505238, 0.0 ], [ 51.835630540841443, 32.703250372237022, 0.0 ], [ 51.834147840713577, 32.69964886034839, 0.0 ], [ 51.835784467864059, 32.699017570521711, 0.0 ] ] ] } },
{ "type": "Feature", "properties": { "Name": "Untitled Polygon", "description": null, "timestamp": null, "begin": null, "end": null, "altitudeMode": null, "tessellate": 1, "extrude": 0, "visibility": -1, "drawOrder": null, "icon": null, "class": 1 }, "geometry": { "type": "Polygon", "coordinates": [ [ [ 51.846029591818343, 32.681146859970013, 0.0 ], [ 51.84670660562292, 32.680069503728802, 0.0 ], [ 51.852959717417058, 32.680882984389243, 0.0 ], [ 51.855789561760858, 32.680600584717332, 0.0 ], [ 51.857799413230751, 32.680029810438612, 0.0 ], [ 51.858673814063067, 32.677506819846933, 0.0 ], [ 51.85671933761968, 32.674826300562231, 0.0 ], [ 51.856013502358742, 32.673323495391841, 0.0 ], [ 51.855121177105907, 32.672362910998771, 0.0 ], [ 51.843514721075429, 32.672321024030268, 0.0 ], [ 51.83994466586617, 32.673574142776971, 0.0 ], [ 51.838278927933899, 32.673483607447608, 0.0 ], [ 51.835681541495553, 32.672819840194933, 0.0 ], [ 51.835538329865948, 32.672794483883713, 0.0 ], [ 51.834345022218777, 32.673143184405433, 0.0 ], [ 51.833941278678338, 32.674797793196568, 0.0 ], [ 51.834349441404079, 32.677168851486741, 0.0 ], [ 51.83428186485822, 32.679322557849289, 0.0 ], [ 51.833770403289122, 32.680408696660258, 0.0 ], [ 51.833483007386498, 32.68111232312031, 0.0 ], [ 51.832768504843258, 32.681298193900972, 0.0 ], [ 51.832480844828389, 32.680377366076307, 0.0 ], [ 51.832465899915277, 32.680278994234563, 0.0 ], [ 51.832349899827868, 32.678550050837572, 0.0 ], [ 51.83231337740628, 32.678313588655612, 0.0 ], [ 51.832603453556381, 32.677385594220631, 0.0 ], [ 51.83262066515227, 32.677194342920806, 0.0 ], [ 51.832820632798828, 32.676356955078063, 0.0 ], [ 51.832783870077883, 32.676127256232142, 0.0 ], [ 51.832790244459083, 32.675289934768429, 0.0 ], [ 51.832761130008556, 32.675108736453083, 0.0 ], [ 51.83266935618893, 32.674261447492952, 0.0 ], [ 51.832654957513547, 32.674175564454359, 0.0 ], [ 51.832352683722362, 32.673473237833967, 0.0 ], [ 51.832286451391177, 32.673350925772667, 0.0 ], [ 51.831598175562789, 32.672799195930573, 0.0 ], [ 51.83151997008892, 32.672590071074943, 0.0 ], [ 51.831506723646633, 32.672503318257561, 0.0 ], [ 51.831476707839208, 32.671724994692987, 0.0 ], [ 51.831463461275263, 32.671641430609867, 0.0 ], [ 51.83166183047917, 32.670874940447924, 0.0 ], [ 51.831723673282589, 32.670694243167489, 0.0 ], [ 51.831785230629009, 32.670516343146609, 0.0 ], [ 51.832100755632489, 32.669957097487647, 0.0 ], [ 51.832546364625372, 32.669921542555393, 0.0 ], [ 51.833503969584143, 32.669469728500871, 0.0 ], [ 51.834107603883588, 32.669084324740091, 0.0 ], [ 51.835035245634202, 32.668770446443702, 0.0 ], [ 51.835553480936753, 32.668441663839538, 0.0 ], [ 51.834786629729777, 32.667711364331247, 0.0 ], [ 51.834634783271007, 32.667613784077737, 0.0 ], [ 51.834432737863452, 32.667482562933138, 0.0 ], [ 51.83437495441548, 32.667411138370937, 0.0 ], [ 51.833423738935402, 32.666794736860098, 0.0 ], [ 51.833367034951948, 32.666723459595801, 0.0 ], [ 51.83355783491352, 32.662372038260337, 0.0 ], [ 51.833578252194968, 32.662257663474627, 0.0 ], [ 51.834391586789621, 32.662312018898831, 0.0 ], [ 51.836020702679072, 32.662599907055842, 0.0 ], [ 51.837716636550887, 32.663162530183698, 0.0 ], [ 51.838701217492861, 32.663874079485417, 0.0 ], [ 51.83896677238716, 32.664263637096759, 0.0 ], [ 51.839176204942838, 32.664418336183218, 0.0 ], [ 51.840000588333467, 32.66445298280815, 0.0 ], [ 51.841990258767588, 32.664644365703801, 0.0 ], [ 51.842910172054737, 32.664447432810938, 0.0 ], [ 51.843501538313248, 32.663886106981863, 0.0 ], [ 51.843465273796987, 32.663766206255268, 0.0 ], [ 51.844470634897178, 32.663127255367137, 0.0 ], [ 51.844458072472328, 32.662935534791742, 0.0 ], [ 51.845576811270028, 32.662281125115733, 0.0 ], [ 51.846881741830671, 32.661830711442512, 0.0 ], [ 51.846997841647642, 32.66165655623621, 0.0 ], [ 51.848355329434433, 32.661243254223272, 0.0 ], [ 51.848384641297692, 32.661200892317602, 0.0 ], [ 51.849972684453427, 32.66059650373937, 0.0 ], [ 51.850904809827057, 32.660271270761491, 0.0 ], [ 51.863193404189758, 32.680032979892097, 0.0 ], [ 51.862078255311879, 32.681088292286802, 0.0 ], [ 51.857511618511012, 32.682133855478469, 0.0 ], [ 51.856850020342137, 32.682223044661107, 0.0 ], [ 51.856709393988133, 32.682127934887014, 0.0 ], [ 51.854586157117183, 32.6821298745649, 0.0 ], [ 51.852293850275267, 32.681882533593303, 0.0 ], [ 51.851943283267623, 32.681765861022157, 0.0 ], [ 51.851893429762733, 32.681773278093473, 0.0 ], [ 51.850106167193253, 32.68137086992418, 0.0 ], [ 51.849875806765382, 32.681293372906033, 0.0 ], [ 51.84953194560029, 32.681179406908782, 0.0 ], [ 51.849333872380591, 32.681208105270329, 0.0 ], [ 51.848005030460143, 32.681243150085173, 0.0 ], [ 51.847876983756429, 32.681153251224252, 0.0 ], [ 51.847023237881011, 32.681222833278838, 0.0 ], [ 51.846536748259417, 32.68112980366282, 0.0 ], [ 51.846029591818343, 32.681146859970013, 0.0 ] ] ] } },
{ "type": "Feature", "properties": { "Name": "Untitled Polygon", "description": null, "timestamp": null, "begin": null, "end": null, "altitudeMode": null, "tessellate": 1, "extrude": 0, "visibility": -1, "drawOrder": null, "icon": null, "class": 1 }, "geometry": { "type": "Polygon", "coordinates": [ [ [ 51.891171812781209, 32.671540070709582, 0.0 ], [ 51.89629834449606, 32.671284118304953, 0.0 ], [ 51.89603440466869, 32.672935734789363, 0.0 ], [ 51.890930459482739, 32.673716253388392, 0.0 ], [ 51.891171812781209, 32.671540070709582, 0.0 ] ] ] } },
{ "type": "Feature", "properties": { "Name": "Untitled Polygon", "description": null, "timestamp": null, "begin": null, "end": null, "altitudeMode": null, "tessellate": 1, "extrude": 0, "visibility": -1, "drawOrder": null, "icon": null, "class": 1 }, "geometry": { "type": "Polygon", "coordinates": [ [ [ 51.892857184628753, 32.671039092840537, 0.0 ], [ 51.89320894984052, 32.670166194796217, 0.0 ], [ 51.895224290586107, 32.669993162479763, 0.0 ], [ 51.896193121350272, 32.670543730841779, 0.0 ], [ 51.892857184628753, 32.671039092840537, 0.0 ] ] ] } },
{ "type": "Feature", "properties": { "Name": "Untitled Polygon", "description": null, "timestamp": null, "begin": null, "end": null, "altitudeMode": null, "tessellate": 1, "extrude": 0, "visibility": -1, "drawOrder": null, "icon": null, "class": 1 }, "geometry": { "type": "Polygon", "coordinates": [ [ [ 51.896709623116578, 32.666692356106182, 0.0 ], [ 51.897284500676747, 32.665178508404502, 0.0 ], [ 51.902680649274373, 32.666017227448712, 0.0 ], [ 51.902322715883827, 32.66750233837881, 0.0 ], [ 51.896709623116578, 32.666692356106182, 0.0 ] ] ] } },
{ "type": "Feature", "properties": { "Name": "Untitled Polygon", "description": null, "timestamp": null, "begin": null, "end": null, "altitudeMode": null, "tessellate": 1, "extrude": 0, "visibility": -1, "drawOrder": null, "icon": null, "class": 1 }, "geometry": { "type": "Polygon", "coordinates": [ [ [ 51.812140355676327, 32.658906865178437, 0.0 ], [ 51.811627140732597, 32.656522310776019, 0.0 ], [ 51.824710330490888, 32.654824054961843, 0.0 ], [ 51.822377203716613, 32.656773997275792, 0.0 ], [ 51.816194516208412, 32.658384328740709, 0.0 ], [ 51.812140355676327, 32.658906865178437, 0.0 ] ] ] } },
{ "type": "Feature", "properties": { "Name": "Untitled Polygon", "description": null, "timestamp": null, "begin": null, "end": null, "altitudeMode": null, "tessellate": 1, "extrude": 0, "visibility": -1, "drawOrder": null, "icon": null, "class": 1 }, "geometry": { "type": "Polygon", "coordinates": [ [ [ 51.757937104678639, 32.644536240687593, 0.0 ], [ 51.761726369660209, 32.648428018306852, 0.0 ], [ 51.765436201941739, 32.648893565005032, 0.0 ], [ 51.766030206218588, 32.649565533880427, 0.0 ], [ 51.768097228238616, 32.649000676184073, 0.0 ], [ 51.770091318846987, 32.650409622667347, 0.0 ], [ 51.767809627780203, 32.651859815908523, 0.0 ], [ 51.765058999857118, 32.651593314204973, 0.0 ], [ 51.76339885802215, 32.653743323300922, 0.0 ], [ 51.757937104678639, 32.644536240687593, 0.0 ] ] ] } },
{ "type": "Feature", "properties": { "Name": "Untitled Polygon", "description": null, "timestamp": null, "begin": null, "end": null, "altitudeMode": null, "tessellate": 1, "extrude": 0, "visibility": -1, "drawOrder": null, "icon": null, "class": 1 }, "geometry": { "type": "Polygon", "coordinates": [ [ [ 51.765045991751258, 32.640707760376372, 0.0 ], [ 51.767708189846552, 32.64177808883192, 0.0 ], [ 51.767942861353838, 32.64292022499064, 0.0 ], [ 51.767030256196428, 32.642550252982403, 0.0 ], [ 51.764600602554317, 32.641695989647012, 0.0 ], [ 51.762547751518611, 32.640686890176447, 0.0 ], [ 51.765045991751258, 32.640707760376372, 0.0 ] ] ] } },
{ "type": "Feature", "properties": { "Name": "Untitled Polygon", "description": null, "timestamp": null, "begin": null, "end": null, "altitudeMode": null, "tessellate": 1, "extrude": 0, "visibility": -1, "drawOrder": null, "icon": null, "class": 1 }, "geometry": { "type": "Polygon", "coordinates": [ [ [ 51.774704589191153, 32.643977173215028, 0.0 ], [ 51.777669685971951, 32.641901984482111, 0.0 ], [ 51.778986240824011, 32.642469095760163, 0.0 ], [ 51.784778231813647, 32.637871002171373, 0.0 ], [ 51.785031058627197, 32.638613075076087, 0.0 ], [ 51.785708766888384, 32.639024630259392, 0.0 ], [ 51.785718789023292, 32.639048305732217, 0.0 ], [ 51.786958574928207, 32.639792016719923, 0.0 ], [ 51.786990701341978, 32.639865071800791, 0.0 ], [ 51.78737997055007, 32.640565648933233, 0.0 ], [ 51.787390931580369, 32.640590572593098, 0.0 ], [ 51.78761058377691, 32.641592690743487, 0.0 ], [ 51.787710281491677, 32.642594483082668, 0.0 ], [ 51.78541596728946, 32.644750263716659, 0.0 ], [ 51.782917517049022, 32.643843389705722, 0.0 ], [ 51.779570059697953, 32.642478482860653, 0.0 ], [ 51.776881440345917, 32.645074908372123, 0.0 ], [ 51.774704589191153, 32.643977173215028, 0.0 ] ] ] } },
{ "type": "Feature", "properties": { "Name": "Untitled Polygon", "description": null, "timestamp": null, "begin": null, "end": null, "altitudeMode": null, "tessellate": 1, "extrude": 0, "visibility": -1, "drawOrder": null, "icon": null, "class": 1 }, "geometry": { "type": "Polygon", "coordinates": [ [ [ 51.752151413590951, 32.629100188624349, 0.0 ], [ 51.752928894299792, 32.630551913685572, 0.0 ], [ 51.750399165025989, 32.630280638995323, 0.0 ], [ 51.752151413590951, 32.629100188624349, 0.0 ] ] ] } },
{ "type": "Feature", "properties": { "Name": "Untitled Polygon", "description": null, "timestamp": null, "begin": null, "end": null, "altitudeMode": null, "tessellate": 1, "extrude": 0, "visibility": -1, "drawOrder": null, "icon": null, "class": 1 }, "geometry": { "type": "Polygon", "coordinates": [ [ [ 51.753781493734081, 32.627033306240733, 0.0 ], [ 51.75333700934209, 32.628380611430039, 0.0 ], [ 51.751959010090452, 32.628264483262171, 0.0 ], [ 51.753781493734081, 32.627033306240733, 0.0 ] ] ] } },
{ "type": "Feature", "properties": { "Name": "Untitled Polygon", "description": null, "timestamp": null, "begin": null, "end": null, "altitudeMode": null, "tessellate": 1, "extrude": 0, "visibility": -1, "drawOrder": null, "icon": null, "class": 1 }, "geometry": { "type": "Polygon", "coordinates": [ [ [ 51.742272175735224, 32.625181025001602, 0.0 ], [ 51.742093726869967, 32.625882889370367, 0.0 ], [ 51.741167551449031, 32.625796972567471, 0.0 ], [ 51.742272175735224, 32.625181025001602, 0.0 ] ] ] } },
{ "type": "Feature", "properties": { "Name": "Untitled Polygon", "description": null, "timestamp": null, "begin": null, "end": null, "altitudeMode": null, "tessellate": 1, "extrude": 0, "visibility": -1, "drawOrder": null, "icon": null, "class": 1 }, "geometry": { "type": "Polygon", "coordinates": [ [ [ 51.746330236298839, 32.624381417870218, 0.0 ], [ 51.746079198085901, 32.62631907802993, 0.0 ], [ 51.745460755265597, 32.624201878368787, 0.0 ], [ 51.746330236298839, 32.624381417870218, 0.0 ] ] ] } },
{ "type": "Feature", "properties": { "Name": "Untitled Polygon", "description": null, "timestamp": null, "begin": null, "end": null, "altitudeMode": null, "tessellate": 1, "extrude": 0, "visibility": -1, "drawOrder": null, "icon": null, "class": 1 }, "geometry": { "type": "Polygon", "coordinates": [ [ [ 51.820260118698627, 32.58433663866424, 0.0 ], [ 51.822616560440508, 32.580237258739892, 0.0 ], [ 51.826619070295102, 32.574210164790792, 0.0 ], [ 51.828838678256147, 32.574586064100536, 0.0 ], [ 51.832919057914523, 32.576548598152897, 0.0 ], [ 51.834087999061957, 32.57700148737549, 0.0 ], [ 51.834340550007802, 32.579270574347603, 0.0 ], [ 51.82985864756786, 32.586049730817592, 0.0 ], [ 51.820260118698627, 32.58433663866424, 0.0 ] ] ] } },
{ "type": "Feature", "properties": { "Name": "Untitled Polygon", "description": null, "timestamp": null, "begin": null, "end": null, "altitudeMode": null, "tessellate": 1, "extrude": 0, "visibility": -1, "drawOrder": null, "icon": null, "class": 1 }, "geometry": { "type": "Polygon", "coordinates": [ [ [ 51.84493419495886, 32.571294352646461, 0.0 ], [ 51.843430157764352, 32.568900455640552, 0.0 ], [ 51.846576663660507, 32.56697809226835, 0.0 ], [ 51.84493419495886, 32.571294352646461, 0.0 ] ] ] } },
{ "type": "Feature", "properties": { "Name": "Untitled Polygon", "description": null, "timestamp": null, "begin": null, "end": null, "altitudeMode": null, "tessellate": 1, "extrude": 0, "visibility": -1, "drawOrder": null, "icon": null, "class": 1 }, "geometry": { "type": "Polygon", "coordinates": [ [ [ 51.869195517435948, 32.556535449482233, 0.0 ], [ 51.86880098981846, 32.552514148871012, 0.0 ], [ 51.871502014920743, 32.554590973121172, 0.0 ], [ 51.869195517435948, 32.556535449482233, 0.0 ] ] ] } },
{ "type": "Feature", "properties": { "Name": "Untitled Polygon", "description": null, "timestamp": null, "begin": null, "end": null, "altitudeMode": null, "tessellate": 1, "extrude": 0, "visibility": -1, "drawOrder": null, "icon": null, "class": 1 }, "geometry": { "type": "Polygon", "coordinates": [ [ [ 51.868830798107041, 32.530279515961936, 0.0 ], [ 51.869062281041742, 32.5296839495876, 0.0 ], [ 51.869621164796428, 32.530307204334939, 0.0 ], [ 51.868830798107041, 32.530279515961936, 0.0 ] ] ] } },
{ "type": "Feature", "properties": { "Name": "Untitled Polygon", "description": null, "timestamp": null, "begin": null, "end": null, "altitudeMode": null, "tessellate": 1, "extrude": 0, "visibility": -1, "drawOrder": null, "icon": null, "class": 1 }, "geometry": { "type": "Polygon", "coordinates": [ [ [ 51.857275914749493, 32.534606606367532, 0.0 ], [ 51.858245537537108, 32.531384372147471, 0.0 ], [ 51.858243328082828, 32.531333768552813, 0.0 ], [ 51.860720614143837, 32.533778433289022, 0.0 ], [ 51.857275914749493, 32.534606606367532, 0.0 ] ] ] } },
{ "type": "Feature", "properties": { "Name": "Untitled Polygon", "description": null, "timestamp": null, "begin": null, "end": null, "altitudeMode": null, "tessellate": 1, "extrude": 0, "visibility": -1, "drawOrder": null, "icon": null, "class": 1 }, "geometry": { "type": "Polygon", "coordinates": [ [ [ 51.883251655974973, 32.536391838201872, 0.0 ], [ 51.885183285774417, 32.534844505983017, 0.0 ], [ 51.884552011628941, 32.53611302400568, 0.0 ], [ 51.883251655974973, 32.536391838201872, 0.0 ] ] ] } },
{ "type": "Feature", "properties": { "Name": "Untitled Polygon", "description": null, "timestamp": null, "begin": null, "end": null, "altitudeMode": null, "tessellate": 1, "extrude": 0, "visibility": -1, "drawOrder": null, "icon": null, "class": 1 }, "geometry": { "type": "Polygon", "coordinates": [ [ [ 51.915543969576561, 32.517229836831262, 0.0 ], [ 51.913489421321692, 32.51318199048935, 0.0 ], [ 51.91566930957174, 32.514036736451487, 0.0 ], [ 51.915543969576561, 32.517229836831262, 0.0 ] ] ] } },
{ "type": "Feature", "properties": { "Name": "Untitled Polygon", "description": null, "timestamp": null, "begin": null, "end": null, "altitudeMode": null, "tessellate": 1, "extrude": 0, "visibility": -1, "drawOrder": null, "icon": null, "class": 1 }, "geometry": { "type": "Polygon", "coordinates": [ [ [ 51.906783509059409, 32.509188188553729, 0.0 ], [ 51.908393780966513, 32.507779841465549, 0.0 ], [ 51.908549614754797, 32.509575039631343, 0.0 ], [ 51.906783509059409, 32.509188188553729, 0.0 ] ] ] } },
{ "type": "Feature", "properties": { "Name": "Untitled Polygon", "description": null, "timestamp": null, "begin": null, "end": null, "altitudeMode": null, "tessellate": 1, "extrude": 0, "visibility": -1, "drawOrder": null, "icon": null, "class": 1 }, "geometry": { "type": "Polygon", "coordinates": [ [ [ 51.93757545076852, 32.507714688322586, 0.0 ], [ 51.937031521575022, 32.504390262062792, 0.0 ], [ 51.938402700406549, 32.504181201669141, 0.0 ], [ 51.93856433960088, 32.507107239842462, 0.0 ], [ 51.93757545076852, 32.507714688322586, 0.0 ] ] ] } },
{ "type": "Feature", "properties": { "Name": "Untitled Polygon", "description": null, "timestamp": null, "begin": null, "end": null, "altitudeMode": null, "tessellate": 1, "extrude": 0, "visibility": -1, "drawOrder": null, "icon": null, "class": 1 }, "geometry": { "type": "Polygon", "coordinates": [ [ [ 51.980465640760933, 32.531784938429432, 0.0 ], [ 51.980098731581023, 32.530560429562698, 0.0 ], [ 51.981541495329147, 32.530276580681907, 0.0 ], [ 51.981639869843818, 32.531255935032341, 0.0 ], [ 51.980465640760933, 32.531784938429432, 0.0 ] ] ] } },
{ "type": "Feature", "properties": { "Name": "Untitled Polygon", "description": null, "timestamp": null, "begin": null, "end": null, "altitudeMode": null, "tessellate": 1, "extrude": 0, "visibility": -1, "drawOrder": null, "icon": null, "class": 1 }, "geometry": { "type": "Polygon", "coordinates": [ [ [ 51.983234590648912, 32.53064679728535, 0.0 ], [ 51.98372942019715, 32.529777963783737, 0.0 ], [ 51.984263908661227, 32.529697317363677, 0.0 ], [ 51.98453291940293, 32.530492146344457, 0.0 ], [ 51.983234590648912, 32.53064679728535, 0.0 ] ] ] } },
{ "type": "Feature", "properties": { "Name": "Untitled Polygon", "description": null, "timestamp": null, "begin": null, "end": null, "altitudeMode": null, "tessellate": 1, "extrude": 0, "visibility": -1, "drawOrder": null, "icon": null, "class": 1 }, "geometry": { "type": "Polygon", "coordinates": [ [ [ 51.807551236222899, 32.90981480641134, 0.0 ], [ 51.804283291190373, 32.904158931269997, 0.0 ], [ 51.810250409125473, 32.902447356715463, 0.0 ], [ 51.814114107654319, 32.907346625443871, 0.0 ], [ 51.807551236222899, 32.90981480641134, 0.0 ] ] ] } },
{ "type": "Feature", "properties": { "Name": "Untitled Polygon", "description": null, "timestamp": null, "begin": null, "end": null, "altitudeMode": null, "tessellate": 1, "extrude": 0, "visibility": -1, "drawOrder": null, "icon": null, "class": 1 }, "geometry": { "type": "Polygon", "coordinates": [ [ [ 51.651913029646877, 32.856051379815753, 0.0 ], [ 51.651795196219958, 32.851931924200287, 0.0 ], [ 51.65538426070313, 32.847581329468603, 0.0 ], [ 51.656390573981987, 32.846300661527437, 0.0 ], [ 51.653481994712173, 32.843994152639432, 0.0 ], [ 51.654713682604857, 32.842444096549279, 0.0 ], [ 51.656496992600111, 32.843966511958193, 0.0 ], [ 51.65752508889463, 32.847036401009468, 0.0 ], [ 51.658796966491472, 32.847785531851237, 0.0 ], [ 51.658573529802403, 32.851229907851831, 0.0 ], [ 51.660084962629419, 32.854239612489032, 0.0 ], [ 51.658012245752047, 32.856753631132747, 0.0 ], [ 51.653061873098181, 32.857045852676848, 0.0 ], [ 51.651913029646877, 32.856051379815753, 0.0 ] ] ] } },
{ "type": "Feature", "properties": { "Name": "Untitled Polygon", "description": null, "timestamp": null, "begin": null, "end": null, "altitudeMode": null, "tessellate": 1, "extrude": 0, "visibility": -1, "drawOrder": null, "icon": null, "class": 1 }, "geometry": { "type": "Polygon", "coordinates": [ [ [ 51.596846640158688, 32.872941764013632, 0.0 ], [ 51.589734371405008, 32.868156284236832, 0.0 ], [ 51.596689491737891, 32.861606214244198, 0.0 ], [ 51.602174268617503, 32.866536873549897, 0.0 ], [ 51.596846640158688, 32.872941764013632, 0.0 ] ] ] } },
{ "type": "Feature", "properties": { "Name": "Untitled Polygon", "description": null, "timestamp": null, "begin": null, "end": null, "altitudeMode": null, "tessellate": 1, "extrude": 0, "visibility": -1, "drawOrder": null, "icon": null, "class": 1 }, "geometry": { "type": "Polygon", "coordinates": [ [ [ 51.532721798739082, 32.857610851298482, 0.0 ], [ 51.539968126660533, 32.847384041350097, 0.0 ], [ 51.546604940729651, 32.851063597333848, 0.0 ], [ 51.532721798739082, 32.857610851298482, 0.0 ] ] ] } },
{ "type": "Feature", "properties": { "Name": "Untitled Polygon", "description": null, "timestamp": null, "begin": null, "end": null, "altitudeMode": null, "tessellate": 1, "extrude": 0, "visibility": -1, "drawOrder": null, "icon": null, "class": 1 }, "geometry": { "type": "Polygon", "coordinates": [ [ [ 51.551164708605903, 32.866911051983386, 0.0 ], [ 51.555111158128923, 32.854758949948597, 0.0 ], [ 51.563935240748783, 32.836969939273203, 0.0 ], [ 51.575565580033079, 32.832494413328142, 0.0 ], [ 51.557090558253357, 32.874331495616623, 0.0 ], [ 51.550614532603568, 32.87459339465299, 0.0 ], [ 51.551164708605903, 32.866911051983386, 0.0 ] ] ] } },
{ "type": "Feature", "properties": { "Name": "Untitled Polygon", "description": null, "timestamp": null, "begin": null, "end": null, "altitudeMode": null, "tessellate": 1, "extrude": 0, "visibility": -1, "drawOrder": null, "icon": null, "class": 1 }, "geometry": { "type": "Polygon", "coordinates": [ [ [ 51.52695955039313, 32.881127036623013, 0.0 ], [ 51.536358565354917, 32.882514429246093, 0.0 ], [ 51.532350163791612, 32.906192718728313, 0.0 ], [ 51.527481744507782, 32.910640435272207, 0.0 ], [ 51.522164669002258, 32.909456276539707, 0.0 ], [ 51.52695955039313, 32.881127036623013, 0.0 ] ] ] } },
{ "type": "Feature", "properties": { "Name": "Untitled Polygon", "description": null, "timestamp": null, "begin": null, "end": null, "altitudeMode": null, "tessellate": 1, "extrude": 0, "visibility": -1, "drawOrder": null, "icon": null, "class": 1 }, "geometry": { "type": "Polygon", "coordinates": [ [ [ 51.539280936226923, 32.885937281476082, 0.0 ], [ 51.54150163942834, 32.886033096512058, 0.0 ], [ 51.54100496909836, 32.895902380181418, 0.0 ], [ 51.536181466604603, 32.894883842712026, 0.0 ], [ 51.539280936226923, 32.885937281476082, 0.0 ] ] ] } },
{ "type": "Feature", "properties": { "Name": "Untitled Polygon", "description": null, "timestamp": null, "begin": null, "end": null, "altitudeMode": null, "tessellate": 1, "extrude": 0, "visibility": -1, "drawOrder": null, "icon": null, "class": 1 }, "geometry": { "type": "Polygon", "coordinates": [ [ [ 51.54215583559364, 32.886490118464451, 0.0 ], [ 51.54644675603727, 32.886473156704213, 0.0 ], [ 51.545135678892173, 32.893480980360771, 0.0 ], [ 51.542435356653037, 32.893129339867869, 0.0 ], [ 51.54215583559364, 32.886490118464451, 0.0 ] ] ] } },
{ "type": "Feature", "properties": { "Name": "Untitled Polygon", "description": null, "timestamp": null, "begin": null, "end": null, "altitudeMode": null, "tessellate": 1, "extrude": 0, "visibility": -1, "drawOrder": null, "icon": null, "class": 1 }, "geometry": { "type": "Polygon", "coordinates": [ [ [ 51.547270801505597, 32.884987997554283, 0.0 ], [ 51.547351454808883, 32.876405489470443, 0.0 ], [ 51.556547474484532, 32.875305031389487, 0.0 ], [ 51.552004665704622, 32.884587789509233, 0.0 ], [ 51.547270801505597, 32.884987997554283, 0.0 ] ] ] } },
{ "type": "Feature", "properties": { "Name": "Untitled Polygon", "description": null, "timestamp": null, "begin": null, "end": null, "altitudeMode": null, "tessellate": 1, "extrude": 0, "visibility": -1, "drawOrder": null, "icon": null, "class": 1 }, "geometry": { "type": "Polygon", "coordinates": [ [ [ 51.575297907136509, 32.84078008354625, 0.0 ], [ 51.578598199067329, 32.842049761407658, 0.0 ], [ 51.582050141688413, 32.84766627177234, 0.0 ], [ 51.57379424386383, 32.852911520184477, 0.0 ], [ 51.56929621265013, 32.866217514661948, 0.0 ], [ 51.56477798337334, 32.874120137789546, 0.0 ], [ 51.558511104711613, 32.874761584281423, 0.0 ], [ 51.575297907136509, 32.84078008354625, 0.0 ] ] ] } },
{ "type": "Feature", "properties": { "Name": "Untitled Polygon", "description": null, "timestamp": null, "begin": null, "end": null, "altitudeMode": null, "tessellate": 1, "extrude": 0, "visibility": -1, "drawOrder": null, "icon": null, "class": 1 }, "geometry": { "type": "Polygon", "coordinates": [ [ [ 51.555332737971661, 32.842949037914522, 0.0 ], [ 51.56015250363653, 32.836718063529567, 0.0 ], [ 51.559093522669031, 32.839028215137738, 0.0 ], [ 51.559270866511433, 32.84151717415422, 0.0 ], [ 51.556112778206042, 32.848203725388679, 0.0 ], [ 51.552564221918672, 32.848469387837163, 0.0 ], [ 51.555332737971661, 32.842949037914522, 0.0 ] ] ] } },
{ "type": "Feature", "properties": { "Name": "Untitled Polygon", "description": null, "timestamp": null, "begin": null, "end": null, "altitudeMode": null, "tessellate": 1, "extrude": 0, "visibility": -1, "drawOrder": null, "icon": null, "class": 1 }, "geometry": { "type": "Polygon", "coordinates": [ [ [ 51.535861925524323, 32.82474519609363, 0.0 ], [ 51.537655514061633, 32.814605219192337, 0.0 ], [ 51.539789297414558, 32.807260539722783, 0.0 ], [ 51.545038614017933, 32.807179027834302, 0.0 ], [ 51.550322796268219, 32.806822389014073, 0.0 ], [ 51.551762704495992, 32.800869111163799, 0.0 ], [ 51.541626571467788, 32.799845286306628, 0.0 ], [ 51.545839945963642, 32.784921568796783, 0.0 ], [ 51.556161970801988, 32.786107762665281, 0.0 ], [ 51.556977404532091, 32.780357646884767, 0.0 ], [ 51.559785352081107, 32.780329141186293, 0.0 ], [ 51.560071235827657, 32.776393034062991, 0.0 ], [ 51.563571235808944, 32.776945765968129, 0.0 ], [ 51.564284604959099, 32.784142633988289, 0.0 ], [ 51.564673096487823, 32.786898041761432, 0.0 ], [ 51.565259798444437, 32.788765791694118, 0.0 ], [ 51.568552542027653, 32.795188348782411, 0.0 ], [ 51.569373838830117, 32.796080052468128, 0.0 ], [ 51.568365764790023, 32.797211833690668, 0.0 ], [ 51.565680180119593, 32.796837707118158, 0.0 ], [ 51.56496894549138, 32.798326210981827, 0.0 ], [ 51.564505213117947, 32.799670108430597, 0.0 ], [ 51.567395397716012, 32.800329819656071, 0.0 ], [ 51.565995733122968, 32.802746111257029, 0.0 ], [ 51.564399478513543, 32.802708128978963, 0.0 ], [ 51.564947865776837, 32.801681364866759, 0.0 ], [ 51.560837411702202, 32.801767337498482, 0.0 ], [ 51.559653082720359, 32.804606600868183, 0.0 ], [ 51.565213080115647, 32.804740682708783, 0.0 ], [ 51.564335553652363, 32.806947570859514, 0.0 ], [ 51.570805265360988, 32.806695059043193, 0.0 ], [ 51.569727515106429, 32.809457775210191, 0.0 ], [ 51.561963434312332, 32.810347135803077, 0.0 ], [ 51.56144439465875, 32.814131165269202, 0.0 ], [ 51.556634379576437, 32.811679515080037, 0.0 ], [ 51.555735862286923, 32.813225437858229, 0.0 ], [ 51.552026303345222, 32.811176358800722, 0.0 ], [ 51.550270290404256, 32.814403276538549, 0.0 ], [ 51.553126470180572, 32.815435633667803, 0.0 ], [ 51.552736346918678, 32.816651571441227, 0.0 ], [ 51.552590555907067, 32.818504371264552, 0.0 ], [ 51.546710242294168, 32.824258195091303, 0.0 ], [ 51.538111329514031, 32.826555066269187, 0.0 ], [ 51.535861925524323, 32.82474519609363, 0.0 ] ] ] } },
{ "type": "Feature", "properties": { "Name": "Untitled Polygon", "description": null, "timestamp": null, "begin": null, "end": null, "altitudeMode": null, "tessellate": 1, "extrude": 0, "visibility": -1, "drawOrder": null, "icon": null, "class": 1 }, "geometry": { "type": "Polygon", "coordinates": [ [ [ 51.574017992542082, 32.778738776198871, 0.0 ], [ 51.571732003661189, 32.773723062398993, 0.0 ], [ 51.577083403560977, 32.772063552887651, 0.0 ], [ 51.578363758793962, 32.776160841169947, 0.0 ], [ 51.574017992542082, 32.778738776198871, 0.0 ] ] ] } },
{ "type": "Feature", "properties": { "Name": "Untitled Polygon", "description": null, "timestamp": null, "begin": null, "end": null, "altitudeMode": null, "tessellate": 1, "extrude": 0, "visibility": -1, "drawOrder": null, "icon": null, "class": 1 }, "geometry": { "type": "Polygon", "coordinates": [ [ [ 51.548841188938887, 32.773502720859263, 0.0 ], [ 51.55193636232017, 32.766654411242492, 0.0 ], [ 51.556205277047873, 32.767018605675077, 0.0 ], [ 51.557181726609649, 32.774694231344903, 0.0 ], [ 51.548841188938887, 32.773502720859263, 0.0 ] ] ] } },
{ "type": "Feature", "properties": { "Name": "Untitled Polygon", "description": null, "timestamp": null, "begin": null, "end": null, "altitudeMode": null, "tessellate": 1, "extrude": 0, "visibility": -1, "drawOrder": null, "icon": null, "class": 1 }, "geometry": { "type": "Polygon", "coordinates": [ [ [ 51.49762258383447, 32.787173910819867, 0.0 ], [ 51.507263465417822, 32.78299681299378, 0.0 ], [ 51.509490643600117, 32.784584028825307, 0.0 ], [ 51.49762258383447, 32.787173910819867, 0.0 ] ] ] } },
{ "type": "Feature", "properties": { "Name": "Untitled Polygon", "description": null, "timestamp": null, "begin": null, "end": null, "altitudeMode": null, "tessellate": 1, "extrude": 0, "visibility": -1, "drawOrder": null, "icon": null, "class": 1 }, "geometry": { "type": "Polygon", "coordinates": [ [ [ 51.492092235514612, 32.796429762688497, 0.0 ], [ 51.499872785391929, 32.791063017684444, 0.0 ], [ 51.499037715348713, 32.800122441927883, 0.0 ], [ 51.492092235514612, 32.796429762688497, 0.0 ] ] ] } },
{ "type": "Feature", "properties": { "Name": "Untitled Polygon", "description": null, "timestamp": null, "begin": null, "end": null, "altitudeMode": null, "tessellate": 1, "extrude": 0, "visibility": -1, "drawOrder": null, "icon": null, "class": 1 }, "geometry": { "type": "Polygon", "coordinates": [ [ [ 51.508082670820841, 32.771173613705059, 0.0 ], [ 51.50992537869476, 32.763594803613358, 0.0 ], [ 51.526926869831293, 32.765972200967319, 0.0 ], [ 51.524350706120941, 32.776101524855861, 0.0 ], [ 51.508082670820841, 32.771173613705059, 0.0 ] ] ] } },
{ "type": "Feature", "properties": { "Name": "Untitled Polygon", "description": null, "timestamp": null, "begin": null, "end": null, "altitudeMode": null, "tessellate": 1, "extrude": 0, "visibility": -1, "drawOrder": null, "icon": null, "class": 1 }, "geometry": { "type": "Polygon", "coordinates": [ [ [ 51.50262802680917, 32.761580774207452, 0.0 ], [ 51.508763091792027, 32.762570058185283, 0.0 ], [ 51.50804344636704, 32.764436901772079, 0.0 ], [ 51.50262802680917, 32.761580774207452, 0.0 ] ] ] } },
{ "type": "Feature", "properties": { "Name": "Untitled Polygon", "description": null, "timestamp": null, "begin": null, "end": null, "altitudeMode": null, "tessellate": 1, "extrude": 0, "visibility": -1, "drawOrder": null, "icon": null, "class": 1 }, "geometry": { "type": "Polygon", "coordinates": [ [ [ 51.564112442263188, 32.750615926118897, 0.0 ], [ 51.565507639595822, 32.750989045318761, 0.0 ], [ 51.56454273255703, 32.752025928455851, 0.0 ], [ 51.564112442263188, 32.750615926118897, 0.0 ] ] ] } },
{ "type": "Feature", "properties": { "Name": "Untitled Polygon", "description": null, "timestamp": null, "begin": null, "end": null, "altitudeMode": null, "tessellate": 1, "extrude": 0, "visibility": -1, "drawOrder": null, "icon": null, "class": 1 }, "geometry": { "type": "Polygon", "coordinates": [ [ [ 51.946317667597668, 32.539333445661008, 0.0 ], [ 51.946113328823948, 32.537884572726853, 0.0 ], [ 51.947666884863459, 32.538670443047053, 0.0 ], [ 51.946317667597668, 32.539333445661008, 0.0 ] ] ] } },
{ "type": "Feature", "properties": { "Name": "Untitled Polygon", "description": null, "timestamp": null, "begin": null, "end": null, "altitudeMode": null, "tessellate": 1, "extrude": 0, "visibility": -1, "drawOrder": null, "icon": null, "class": 1 }, "geometry": { "type": "Polygon", "coordinates": [ [ [ 51.940205007101298, 32.557346537701228, 0.0 ], [ 51.941804331428052, 32.555654508921378, 0.0 ], [ 51.94296836130561, 32.558387395052257, 0.0 ], [ 51.940205007101298, 32.557346537701228, 0.0 ] ] ] } },
{ "type": "Feature", "properties": { "Name": "Untitled Polygon", "description": null, "timestamp": null, "begin": null, "end": null, "altitudeMode": null, "tessellate": 1, "extrude": 0, "visibility": -1, "drawOrder": null, "icon": null, "class": 1 }, "geometry": { "type": "Polygon", "coordinates": [ [ [ 51.704614681410497, 32.755836020015217, 0.0 ], [ 51.703781656781729, 32.755707858876967, 0.0 ], [ 51.703025391029527, 32.755552506902198, 0.0 ], [ 51.70228247620021, 32.755617740504938, 0.0 ], [ 51.701645993881343, 32.754167272110116, 0.0 ], [ 51.70301930402173, 32.752828419176168, 0.0 ], [ 51.70537097385094, 32.75096412565113, 0.0 ], [ 51.708338422516952, 32.750952127784068, 0.0 ], [ 51.708159330564698, 32.746754894981308, 0.0 ], [ 51.70741486075908, 32.746020082677553, 0.0 ], [ 51.705295595709252, 32.746166560326451, 0.0 ], [ 51.705002816969561, 32.744994153905388, 0.0 ], [ 51.708459328453223, 32.745361643558553, 0.0 ], [ 51.70890604081977, 32.738187244562162, 0.0 ], [ 51.71422755395723, 32.739363706531741, 0.0 ], [ 51.714865586360027, 32.740139857803513, 0.0 ], [ 51.716931819721417, 32.740553490238177, 0.0 ], [ 51.717115467847172, 32.745603483773813, 0.0 ], [ 51.719802135746868, 32.745497024728039, 0.0 ], [ 51.72228636274145, 32.74557366983985, 0.0 ], [ 51.723518027304571, 32.748073882911392, 0.0 ], [ 51.722326552186317, 32.748738720673053, 0.0 ], [ 51.722704971643637, 32.750165354339913, 0.0 ], [ 51.717592305175948, 32.750967453941129, 0.0 ], [ 51.71676904662192, 32.749692479518728, 0.0 ], [ 51.713090426250183, 32.75012466916769, 0.0 ], [ 51.713761671976663, 32.752815949395909, 0.0 ], [ 51.711108417065432, 32.756893184154407, 0.0 ], [ 51.704550457827537, 32.756892314576781, 0.0 ], [ 51.704614681410497, 32.755836020015217, 0.0 ] ] ] } },
{ "type": "Feature", "properties": { "Name": "Untitled Polygon", "description": null, "timestamp": null, "begin": null, "end": null, "altitudeMode": null, "tessellate": 1, "extrude": 0, "visibility": -1, "drawOrder": null, "icon": null, "class": 1 }, "geometry": { "type": "Polygon", "coordinates": [ [ [ 51.690152725353428, 32.744891739412637, 0.0 ], [ 51.684802219126908, 32.74492312490942, 0.0 ], [ 51.683997971746621, 32.740971779625127, 0.0 ], [ 51.687090476749027, 32.740869028268769, 0.0 ], [ 51.687600305861821, 32.744495786810532, 0.0 ], [ 51.690152725353428, 32.744891739412637, 0.0 ] ] ] } },
{ "type": "Feature", "properties": { "Name": "Untitled Polygon", "description": null, "timestamp": null, "begin": null, "end": null, "altitudeMode": null, "tessellate": 1, "extrude": 0, "visibility": -1, "drawOrder": null, "icon": null, "class": 1 }, "geometry": { "type": "Polygon", "coordinates": [ [ [ 51.658255110070179, 32.738690236031253, 0.0 ], [ 51.662917553665068, 32.736761577907558, 0.0 ], [ 51.664118623461633, 32.737764002809897, 0.0 ], [ 51.663294592876099, 32.740520618492468, 0.0 ], [ 51.659631133961511, 32.741286070667357, 0.0 ], [ 51.657834891392568, 32.740908390702678, 0.0 ], [ 51.658255110070179, 32.738690236031253, 0.0 ] ] ] } },
{ "type": "Feature", "properties": { "Name": "Untitled Polygon", "description": null, "timestamp": null, "begin": null, "end": null, "altitudeMode": null, "tessellate": 1, "extrude": 0, "visibility": -1, "drawOrder": null, "icon": null, "class": 1 }, "geometry": { "type": "Polygon", "coordinates": [ [ [ 51.63592854381784, 32.72383770896537, 0.0 ], [ 51.647968610622911, 32.726491257560269, 0.0 ], [ 51.644497048624338, 32.729391451280087, 0.0 ], [ 51.63592854381784, 32.72383770896537, 0.0 ] ] ] } },
{ "type": "Feature", "properties": { "Name": "Untitled Polygon", "description": null, "timestamp": null, "begin": null, "end": null, "altitudeMode": null, "tessellate": 1, "extrude": 0, "visibility": -1, "drawOrder": null, "icon": null, "class": 1 }, "geometry": { "type": "Polygon", "coordinates": [ [ [ 51.657189019183988, 32.725031679575437, 0.0 ], [ 51.660266060984092, 32.717101739349353, 0.0 ], [ 51.666116997207688, 32.717281945928178, 0.0 ], [ 51.657189019183988, 32.725031679575437, 0.0 ] ] ] } },
{ "type": "Feature", "properties": { "Name": "Untitled Polygon", "description": null, "timestamp": null, "begin": null, "end": null, "altitudeMode": null, "tessellate": 1, "extrude": 0, "visibility": -1, "drawOrder": null, "icon": null, "class": 1 }, "geometry": { "type": "Polygon", "coordinates": [ [ [ 51.667922853387161, 32.727917351467397, 0.0 ], [ 51.668338879159847, 32.727856009213909, 0.0 ], [ 51.675056552023293, 32.72182242580368, 0.0 ], [ 51.681734527996888, 32.723507190163893, 0.0 ], [ 51.667922853387161, 32.727917351467397, 0.0 ] ] ] } },
{ "type": "Feature", "properties": { "Name": "Untitled Polygon", "description": null, "timestamp": null, "begin": null, "end": null, "altitudeMode": null, "tessellate": 1, "extrude": 0, "visibility": -1, "drawOrder": null, "icon": null, "class": 1 }, "geometry": { "type": "Polygon", "coordinates": [ [ [ 51.680733232400172, 32.729899499780153, 0.0 ], [ 51.682053394283948, 32.725817816067376, 0.0 ], [ 51.682043094910149, 32.725739410822612, 0.0 ], [ 51.689258170036233, 32.726682007705641, 0.0 ], [ 51.689265724884471, 32.731408429867969, 0.0 ], [ 51.680733232400172, 32.729899499780153, 0.0 ] ] ] } },
{ "type": "Feature", "properties": { "Name": "Untitled Polygon", "description": null, "timestamp": null, "begin": null, "end": null, "altitudeMode": null, "tessellate": 1, "extrude": 0, "visibility": -1, "drawOrder": null, "icon": null, "class": 1 }, "geometry": { "type": "Polygon", "coordinates": [ [ [ 51.675650705449087, 32.727739088592742, 0.0 ], [ 51.67544055593256, 32.729668705643498, 0.0 ], [ 51.672073175718729, 32.729136413961882, 0.0 ], [ 51.675650705449087, 32.727739088592742, 0.0 ] ] ] } },
{ "type": "Feature", "properties": { "Name": "Untitled Polygon", "description": null, "timestamp": null, "begin": null, "end": null, "altitudeMode": null, "tessellate": 1, "extrude": 0, "visibility": -1, "drawOrder": null, "icon": null, "class": 1 }, "geometry": { "type": "Polygon", "coordinates": [ [ [ 51.684403539390743, 32.720240279563107, 0.0 ], [ 51.687699598799107, 32.720948355411167, 0.0 ], [ 51.686843120267639, 32.724926104214703, 0.0 ], [ 51.684403539390743, 32.720240279563107, 0.0 ] ] ] } },
{ "type": "Feature", "properties": { "Name": "Untitled Polygon", "description": null, "timestamp": null, "begin": null, "end": null, "altitudeMode": null, "tessellate": 1, "extrude": 0, "visibility": -1, "drawOrder": null, "icon": null, "class": 1 }, "geometry": { "type": "Polygon", "coordinates": [ [ [ 51.698763588030559, 32.712854525478697, 0.0 ], [ 51.698723840381433, 32.717015191766059, 0.0 ], [ 51.692738057270638, 32.715741750931429, 0.0 ], [ 51.698763588030559, 32.712854525478697, 0.0 ] ] ] } },
{ "type": "Feature", "properties": { "Name": "Untitled Polygon", "description": null, "timestamp": null, "begin": null, "end": null, "altitudeMode": null, "tessellate": 1, "extrude": 0, "visibility": -1, "drawOrder": null, "icon": null, "class": 1 }, "geometry": { "type": "Polygon", "coordinates": [ [ [ 51.692066990990092, 32.717665257313591, 0.0 ], [ 51.695018342121188, 32.718167828924052, 0.0 ], [ 51.691841071614967, 32.719927248461872, 0.0 ], [ 51.69039749477674, 32.719619709914568, 0.0 ], [ 51.692066990990092, 32.717665257313591, 0.0 ] ] ] } },
{ "type": "Feature", "properties": { "Name": "Untitled Polygon", "description": null, "timestamp": null, "begin": null, "end": null, "altitudeMode": null, "tessellate": 1, "extrude": 0, "visibility": -1, "drawOrder": null, "icon": null, "class": 1 }, "geometry": { "type": "Polygon", "coordinates": [ [ [ 51.721659960552053, 32.714938410364468, 0.0 ], [ 51.723428116583541, 32.712462177920862, 0.0 ], [ 51.724321733430394, 32.713274410818983, 0.0 ], [ 51.721659960552053, 32.714938410364468, 0.0 ] ] ] } },
{ "type": "Feature", "properties": { "Name": "Untitled Polygon", "description": null, "timestamp": null, "begin": null, "end": null, "altitudeMode": null, "tessellate": 1, "extrude": 0, "visibility": -1, "drawOrder": null, "icon": null, "class": 1 }, "geometry": { "type": "Polygon", "coordinates": [ [ [ 51.709852952762347, 32.730669106070877, 0.0 ], [ 51.709483461842929, 32.728936367345923, 0.0 ], [ 51.713539726514192, 32.728613812085499, 0.0 ], [ 51.714028040506108, 32.729897126281493, 0.0 ], [ 51.709852952762347, 32.730669106070877, 0.0 ] ] ] } },
{ "type": "Feature", "properties": { "Name": "Untitled Polygon", "description": null, "timestamp": null, "begin": null, "end": null, "altitudeMode": null, "tessellate": 1, "extrude": 0, "visibility": -1, "drawOrder": null, "icon": null, "class": 1 }, "geometry": { "type": "Polygon", "coordinates": [ [ [ 51.656007094851397, 32.794048396770187, 0.0 ], [ 51.652943283377681, 32.786859725984783, 0.0 ], [ 51.653092600594853, 32.785084389139392, 0.0 ], [ 51.650230451306179, 32.785205807718469, 0.0 ], [ 51.64870995479783, 32.783172989567838, 0.0 ], [ 51.64403803004182, 32.784480943342949, 0.0 ], [ 51.638497655512261, 32.775483968587373, 0.0 ], [ 51.644458707176213, 32.775417817805682, 0.0 ], [ 51.641722150575241, 32.772452784523139, 0.0 ], [ 51.644835872822377, 32.771452382138662, 0.0 ], [ 51.649279928979993, 32.772668504988843, 0.0 ], [ 51.649974321104672, 32.769571718378138, 0.0 ], [ 51.652120709498128, 32.772353979135453, 0.0 ], [ 51.65512542180052, 32.773383198926297, 0.0 ], [ 51.654443680656399, 32.777082794744857, 0.0 ], [ 51.656292887089521, 32.779655403132139, 0.0 ], [ 51.65646276805834, 32.781472322689247, 0.0 ], [ 51.659941289817333, 32.781616162191987, 0.0 ], [ 51.661361385789867, 32.782071179142591, 0.0 ], [ 51.660494521944543, 32.788024790641991, 0.0 ], [ 51.660528402625758, 32.78821304908756, 0.0 ], [ 51.659751241851197, 32.792479691058134, 0.0 ], [ 51.656007094851397, 32.794048396770187, 0.0 ] ] ] } },
{ "type": "Feature", "properties": { "Name": "Untitled Polygon", "description": null, "timestamp": null, "begin": null, "end": null, "altitudeMode": null, "tessellate": 1, "extrude": 0, "visibility": -1, "drawOrder": null, "icon": null, "class": 1 }, "geometry": { "type": "Polygon", "coordinates": [ [ [ 51.631126954176032, 32.787157722896467, 0.0 ], [ 51.627191973920887, 32.781707177099669, 0.0 ], [ 51.631183456636457, 32.773207618719383, 0.0 ], [ 51.634044133240238, 32.774668374333437, 0.0 ], [ 51.635666153153622, 32.774590198081327, 0.0 ], [ 51.637175762776913, 32.777640893996661, 0.0 ], [ 51.635330609043201, 32.779627271264722, 0.0 ], [ 51.637838571224613, 32.78270609032495, 0.0 ], [ 51.638701310838563, 32.783656335843311, 0.0 ], [ 51.638028145746418, 32.785884565306702, 0.0 ], [ 51.635326600175567, 32.787149816125869, 0.0 ], [ 51.633852710956283, 32.786567455508958, 0.0 ], [ 51.631754417872948, 32.786818330685023, 0.0 ], [ 51.631126954176032, 32.787157722896467, 0.0 ] ] ] } },
{ "type": "Feature", "properties": { "Name": "Untitled Polygon", "description": null, "timestamp": null, "begin": null, "end": null, "altitudeMode": null, "tessellate": 1, "extrude": 0, "visibility": -1, "drawOrder": null, "icon": null, "class": 1 }, "geometry": { "type": "Polygon", "coordinates": [ [ [ 51.740950783883967, 32.845516423078898, 0.0 ], [ 51.743743421153887, 32.842658446295083, 0.0 ], [ 51.745767882257823, 32.846446355331047, 0.0 ], [ 51.740950783883967, 32.845516423078898, 0.0 ] ] ] } },
{ "type": "Feature", "properties": { "Name": "Untitled Polygon", "description": null, "timestamp": null, "begin": null, "end": null, "altitudeMode": null, "tessellate": 1, "extrude": 0, "visibility": -1, "drawOrder": null, "icon": null, "class": 1 }, "geometry": { "type": "Polygon", "coordinates": [ [ [ 51.708521393264377, 32.828145157834101, 0.0 ], [ 51.71301683059859, 32.826034218976567, 0.0 ], [ 51.711986386694157, 32.830021951130853, 0.0 ], [ 51.708521393264377, 32.828145157834101, 0.0 ] ] ] } },
{ "type": "Feature", "properties": { "Name": "Untitled Polygon", "description": null, "timestamp": null, "begin": null, "end": null, "altitudeMode": null, "tessellate": 1, "extrude": 0, "visibility": -1, "drawOrder": null, "icon": null, "class": 1 }, "geometry": { "type": "Polygon", "coordinates": [ [ [ 51.768191297269659, 32.834003132105181, 0.0 ], [ 51.774217798152677, 32.82965421129046, 0.0 ], [ 51.779829972562602, 32.832605563757667, 0.0 ], [ 51.768191297269659, 32.834003132105181, 0.0 ] ] ] } },
{ "type": "Feature", "properties": { "Name": "Untitled Polygon", "description": null, "timestamp": null, "begin": null, "end": null, "altitudeMode": null, "tessellate": 1, "extrude": 0, "visibility": -1, "drawOrder": null, "icon": null, "class": 1 }, "geometry": { "type": "Polygon", "coordinates": [ [ [ 51.694695296150122, 32.813306141602141, 0.0 ], [ 51.695562887295829, 32.810210225182402, 0.0 ], [ 51.69710144189505, 32.813226408291818, 0.0 ], [ 51.694695296150122, 32.813306141602141, 0.0 ] ] ] } },
{ "type": "Feature", "properties": { "Name": "Untitled Polygon", "description": null, "timestamp": null, "begin": null, "end": null, "altitudeMode": null, "tessellate": 1, "extrude": 0, "visibility": -1, "drawOrder": null, "icon": null, "class": 1 }, "geometry": { "type": "Polygon", "coordinates": [ [ [ 51.69795705857149, 32.821253465314761, 0.0 ], [ 51.702351581848603, 32.820109834149306, 0.0 ], [ 51.702857221062523, 32.823099305089507, 0.0 ], [ 51.69795705857149, 32.821253465314761, 0.0 ] ] ] } },
{ "type": "Feature", "properties": { "Name": "Untitled Polygon", "description": null, "timestamp": null, "begin": null, "end": null, "altitudeMode": null, "tessellate": 1, "extrude": 0, "visibility": -1, "drawOrder": null, "icon": null, "class": 1 }, "geometry": { "type": "Polygon", "coordinates": [ [ [ 51.764922761620738, 32.806300466617749, 0.0 ], [ 51.761777538764782, 32.808114462336739, 0.0 ], [ 51.760691296462063, 32.804655057773502, 0.0 ], [ 51.764922761620738, 32.806300466617749, 0.0 ] ] ] } },
{ "type": "Feature", "properties": { "Name": "Untitled Polygon", "description": null, "timestamp": null, "begin": null, "end": null, "altitudeMode": null, "tessellate": 1, "extrude": 0, "visibility": -1, "drawOrder": null, "icon": null, "class": 1 }, "geometry": { "type": "Polygon", "coordinates": [ [ [ 51.7799205334696, 32.82661741088053, 0.0 ], [ 51.780673760463927, 32.832661798759062, 0.0 ], [ 51.776965297611589, 32.829081378079202, 0.0 ], [ 51.7799205334696, 32.82661741088053, 0.0 ] ] ] } },
{ "type": "Feature", "properties": { "Name": "Untitled Polygon", "description": null, "timestamp": null, "begin": null, "end": null, "altitudeMode": null, "tessellate": 1, "extrude": 0, "visibility": -1, "drawOrder": null, "icon": null, "class": 1 }, "geometry": { "type": "Polygon", "coordinates": [ [ [ 51.710975097593881, 32.770704491456748, 0.0 ], [ 51.712876263872708, 32.766880833332159, 0.0 ], [ 51.715346117310879, 32.7718181186438, 0.0 ], [ 51.710975097593881, 32.770704491456748, 0.0 ] ] ] } },
{ "type": "Feature", "properties": { "Name": "Untitled Polygon", "description": null, "timestamp": null, "begin": null, "end": null, "altitudeMode": null, "tessellate": 1, "extrude": 0, "visibility": -1, "drawOrder": null, "icon": null, "class": 1 }, "geometry": { "type": "Polygon", "coordinates": [ [ [ 51.700239750616831, 32.791737677481599, 0.0 ], [ 51.70021527769228, 32.794692028528367, 0.0 ], [ 51.691420709913487, 32.797303497729501, 0.0 ], [ 51.700239750616831, 32.791737677481599, 0.0 ] ] ] } },
{ "type": "Feature", "properties": { "Name": "Untitled Polygon", "description": null, "timestamp": null, "begin": null, "end": null, "altitudeMode": null, "tessellate": 1, "extrude": 0, "visibility": -1, "drawOrder": null, "icon": null, "class": 1 }, "geometry": { "type": "Polygon", "coordinates": [ [ [ 51.68130346489302, 32.701473050159763, 0.0 ], [ 51.682832627860009, 32.696744102857707, 0.0 ], [ 51.6855002108123, 32.702504260209977, 0.0 ], [ 51.68130346489302, 32.701473050159763, 0.0 ] ] ] } },
{ "type": "Feature", "properties": { "Name": "Untitled Polygon", "description": null, "timestamp": null, "begin": null, "end": null, "altitudeMode": null, "tessellate": 1, "extrude": 0, "visibility": -1, "drawOrder": null, "icon": null, "class": 1 }, "geometry": { "type": "Polygon", "coordinates": [ [ [ 51.693142214512008, 32.703337406052057, 0.0 ], [ 51.694369296903069, 32.695030898856523, 0.0 ], [ 51.698775735340021, 32.701560734049323, 0.0 ], [ 51.693142214512008, 32.703337406052057, 0.0 ] ] ] } },
{ "type": "Feature", "properties": { "Name": "Untitled Polygon", "description": null, "timestamp": null, "begin": null, "end": null, "altitudeMode": null, "tessellate": 1, "extrude": 0, "visibility": -1, "drawOrder": null, "icon": null, "class": 1 }, "geometry": { "type": "Polygon", "coordinates": [ [ [ 51.842418442854402, 32.632451584556847, 0.0 ], [ 51.845193089142242, 32.634885626096647, 0.0 ], [ 51.843396928564403, 32.638495801335303, 0.0 ], [ 51.83882002583055, 32.634795511282327, 0.0 ], [ 51.842418442854402, 32.632451584556847, 0.0 ] ] ] } },
{ "type": "Feature", "properties": { "Name": "Untitled Polygon", "description": null, "timestamp": null, "begin": null, "end": null, "altitudeMode": null, "tessellate": 1, "extrude": 0, "visibility": -1, "drawOrder": null, "icon": null, "class": 1 }, "geometry": { "type": "Polygon", "coordinates": [ [ [ 51.830842159902843, 32.650704135987077, 0.0 ], [ 51.828999305631747, 32.649361476369293, 0.0 ], [ 51.829213193366463, 32.64795522540313, 0.0 ], [ 51.829423873969837, 32.647048932741043, 0.0 ], [ 51.830923834198721, 32.646074671764183, 0.0 ], [ 51.831958958814077, 32.645145576653462, 0.0 ], [ 51.832971185036193, 32.643719477752668, 0.0 ], [ 51.833641766443129, 32.642227984864661, 0.0 ], [ 51.834534405303579, 32.641562364757107, 0.0 ], [ 51.836487626558529, 32.640862790730573, 0.0 ], [ 51.837798097222453, 32.639065977418653, 0.0 ], [ 51.838717860320237, 32.639653389277271, 0.0 ], [ 51.84170797396051, 32.637736120444337, 0.0 ], [ 51.843100490478903, 32.639054558850873, 0.0 ], [ 51.839244944564108, 32.64496520293477, 0.0 ], [ 51.832471610682141, 32.650900257327237, 0.0 ], [ 51.830842159902843, 32.650704135987077, 0.0 ] ] ] } },
{ "type": "Feature", "properties": { "Name": "Untitled Polygon", "description": null, "timestamp": null, "begin": null, "end": null, "altitudeMode": null, "tessellate": 1, "extrude": 0, "visibility": -1, "drawOrder": null, "icon": null, "class": 1 }, "geometry": { "type": "Polygon", "coordinates": [ [ [ 51.791140103949587, 32.646059929900893, 0.0 ], [ 51.79278423359758, 32.643422524233863, 0.0 ], [ 51.804077310704272, 32.647164104670843, 0.0 ], [ 51.80305495247076, 32.649719325215493, 0.0 ], [ 51.791140103949587, 32.646059929900893, 0.0 ] ] ] } },
{ "type": "Feature", "properties": { "Name": "Untitled Polygon", "description": null, "timestamp": null, "begin": null, "end": null, "altitudeMode": null, "tessellate": 1, "extrude": 0, "visibility": -1, "drawOrder": null, "icon": null, "class": 1 }, "geometry": { "type": "Polygon", "coordinates": [ [ [ 51.78201347568843, 32.591493828922196, 0.0 ], [ 51.785768325408661, 32.592341627080252, 0.0 ], [ 51.78547361329661, 32.597339851058393, 0.0 ], [ 51.77965752740635, 32.596421863634042, 0.0 ], [ 51.78201347568843, 32.591493828922196, 0.0 ] ] ] } },
{ "type": "Feature", "properties": { "Name": "Untitled Polygon", "description": null, "timestamp": null, "begin": null, "end": null, "altitudeMode": null, "tessellate": 1, "extrude": 0, "visibility": -1, "drawOrder": null, "icon": null, "class": 1 }, "geometry": { "type": "Polygon", "coordinates": [ [ [ 51.782522355014848, 32.585995273594662, 0.0 ], [ 51.786638431297838, 32.586677109318977, 0.0 ], [ 51.784724788865077, 32.59013451372703, 0.0 ], [ 51.780724160353678, 32.588957148824797, 0.0 ], [ 51.782522355014848, 32.585995273594662, 0.0 ] ] ] } },
{ "type": "Feature", "properties": { "Name": "Untitled Polygon", "description": null, "timestamp": null, "begin": null, "end": null, "altitudeMode": null, "tessellate": 1, "extrude": 0, "visibility": -1, "drawOrder": null, "icon": null, "class": 1 }, "geometry": { "type": "Polygon", "coordinates": [ [ [ 51.755619122287833, 32.578144956421987, 0.0 ], [ 51.760870916906377, 32.577163752644793, 0.0 ], [ 51.75935211851602, 32.579717714094727, 0.0 ], [ 51.757133980046298, 32.582390409447889, 0.0 ], [ 51.753424598624832, 32.581069433875761, 0.0 ], [ 51.755619122287833, 32.578144956421987, 0.0 ] ] ] } },
{ "type": "Feature", "properties": { "Name": "Untitled Polygon", "description": null, "timestamp": null, "begin": null, "end": null, "altitudeMode": null, "tessellate": 1, "extrude": 0, "visibility": -1, "drawOrder": null, "icon": null, "class": 1 }, "geometry": { "type": "Polygon", "coordinates": [ [ [ 51.806361543068547, 32.5469933965705, 0.0 ], [ 51.809987374501702, 32.546060206549207, 0.0 ], [ 51.809612692598918, 32.551056742118888, 0.0 ], [ 51.804972669757532, 32.550092283859357, 0.0 ], [ 51.806361543068547, 32.5469933965705, 0.0 ] ] ] } },
{ "type": "Feature", "properties": { "Name": "Untitled Polygon", "description": null, "timestamp": null, "begin": null, "end": null, "altitudeMode": null, "tessellate": 1, "extrude": 0, "visibility": -1, "drawOrder": null, "icon": null, "class": 1 }, "geometry": { "type": "Polygon", "coordinates": [ [ [ 51.367513595441181, 32.865456899412592, 0.0 ], [ 51.372056898145011, 32.862942615287807, 0.0 ], [ 51.373199323411257, 32.86441859422856, 0.0 ], [ 51.369528857023113, 32.867865931244943, 0.0 ], [ 51.367513595441181, 32.865456899412592, 0.0 ] ] ] } },
{ "type": "Feature", "properties": { "Name": "Untitled Polygon", "description": null, "timestamp": null, "begin": null, "end": null, "altitudeMode": null, "tessellate": 1, "extrude": 0, "visibility": -1, "drawOrder": null, "icon": null, "class": 1 }, "geometry": { "type": "Polygon", "coordinates": [ [ [ 51.375488493987881, 32.862612887381538, 0.0 ], [ 51.380686513318501, 32.862443271018932, 0.0 ], [ 51.381075903252359, 32.867377403886643, 0.0 ], [ 51.374006345925167, 32.864426510220802, 0.0 ], [ 51.375488493987881, 32.862612887381538, 0.0 ] ] ] } },
{ "type": "Feature", "properties": { "Name": "Untitled Polygon", "description": null, "timestamp": null, "begin": null, "end": null, "altitudeMode": null, "tessellate": 1, "extrude": 0, "visibility": -1, "drawOrder": null, "icon": null, "class": 1 }, "geometry": { "type": "Polygon", "coordinates": [ [ [ 51.530372955197159, 32.869482449891933, 0.0 ], [ 51.532605821289437, 32.862678450106422, 0.0 ], [ 51.53939939296518, 32.862337676704023, 0.0 ], [ 51.5401564112979, 32.870409831632102, 0.0 ], [ 51.530372955197159, 32.869482449891933, 0.0 ] ] ] } },
{ "type": "Feature", "properties": { "Name": "Untitled Polygon", "description": null, "timestamp": null, "begin": null, "end": null, "altitudeMode": null, "tessellate": 1, "extrude": 0, "visibility": -1, "drawOrder": null, "icon": null, "class": 1 }, "geometry": { "type": "Polygon", "coordinates": [ [ [ 51.451722689014417, 32.735077801761904, 0.0 ], [ 51.454877345171568, 32.733408072372448, 0.0 ], [ 51.464197309426822, 32.730516040372002, 0.0 ], [ 51.469918416735837, 32.734064562764623, 0.0 ], [ 51.466299580914168, 32.73949801805653, 0.0 ], [ 51.452875218296299, 32.738008513635457, 0.0 ], [ 51.450900091435827, 32.736724028431802, 0.0 ], [ 51.451722689014417, 32.735077801761904, 0.0 ] ] ] } },
{ "type": "Feature", "properties": { "Name": "Untitled Polygon", "description": null, "timestamp": null, "begin": null, "end": null, "altitudeMode": null, "tessellate": 1, "extrude": 0, "visibility": -1, "drawOrder": null, "icon": null, "class": 1 }, "geometry": { "type": "Polygon", "coordinates": [ [ [ 51.600841025715212, 32.716704554675303, 0.0 ], [ 51.601227305806333, 32.716598401847932, 0.0 ], [ 51.605844629515452, 32.717617959570028, 0.0 ], [ 51.605060432618593, 32.720519188143363, 0.0 ], [ 51.602593778525083, 32.720066858598777, 0.0 ], [ 51.600841025715212, 32.716704554675303, 0.0 ] ] ] } },
{ "type": "Feature", "properties": { "Name": "Untitled Polygon", "description": null, "timestamp": null, "begin": null, "end": null, "altitudeMode": null, "tessellate": 1, "extrude": 0, "visibility": -1, "drawOrder": null, "icon": null, "class": 1 }, "geometry": { "type": "Polygon", "coordinates": [ [ [ 51.60439564638785, 32.710695215186227, 0.0 ], [ 51.605819336918763, 32.710969158456223, 0.0 ], [ 51.605936022647057, 32.710985513592142, 0.0 ], [ 51.606038118369973, 32.710999824837643, 0.0 ], [ 51.608577193566838, 32.711718502805986, 0.0 ], [ 51.608636117393708, 32.711726948965513, 0.0 ], [ 51.61022189930685, 32.712268074078672, 0.0 ], [ 51.610091651717227, 32.712739927091519, 0.0 ], [ 51.609318603899027, 32.71382902805685, 0.0 ], [ 51.608117432143118, 32.713994809580292, 0.0 ], [ 51.606430828819271, 32.715114965006222, 0.0 ], [ 51.599568789812437, 32.714679140319632, 0.0 ], [ 51.599249066707323, 32.714262689957607, 0.0 ], [ 51.60439564638785, 32.710695215186227, 0.0 ] ] ] } },
{ "type": "Feature", "properties": { "Name": "Untitled Polygon", "description": null, "timestamp": null, "begin": null, "end": null, "altitudeMode": null, "tessellate": 1, "extrude": 0, "visibility": -1, "drawOrder": null, "icon": null, "class": 1 }, "geometry": { "type": "Polygon", "coordinates": [ [ [ 51.607240712033303, 32.714810641461163, 0.0 ], [ 51.607588067759913, 32.714888674817168, 0.0 ], [ 51.607593833498271, 32.714889495107172, 0.0 ], [ 51.60784946712154, 32.715127778329183, 0.0 ], [ 51.607853763180273, 32.715133407433612, 0.0 ], [ 51.610644683859597, 32.715223232858619, 0.0 ], [ 51.611768679396341, 32.716876744770872, 0.0 ], [ 51.611121178120321, 32.719271096478707, 0.0 ], [ 51.606091372419641, 32.718367421288463, 0.0 ], [ 51.607240712033303, 32.714810641461163, 0.0 ] ] ] } },
{ "type": "Feature", "properties": { "Name": "Untitled Polygon", "description": null, "timestamp": null, "begin": null, "end": null, "altitudeMode": null, "tessellate": 1, "extrude": 0, "visibility": -1, "drawOrder": null, "icon": null, "class": 1 }, "geometry": { "type": "Polygon", "coordinates": [ [ [ 51.601291798384302, 32.71621012429717, 0.0 ], [ 51.602379892655861, 32.715463834131043, 0.0 ], [ 51.606224282209347, 32.715494514248157, 0.0 ], [ 51.606028305791682, 32.71695544315304, 0.0 ], [ 51.601291798384302, 32.71621012429717, 0.0 ] ] ] } },
{ "type": "Feature", "properties": { "Name": "Untitled Polygon", "description": null, "timestamp": null, "begin": null, "end": null, "altitudeMode": null, "tessellate": 1, "extrude": 0, "visibility": -1, "drawOrder": null, "icon": null, "class": 1 }, "geometry": { "type": "Polygon", "coordinates": [ [ [ 51.613548445520927, 32.712334699106009, 0.0 ], [ 51.614148994701843, 32.711057357676317, 0.0 ], [ 51.619868278178132, 32.71184701563719, 0.0 ], [ 51.61921439159034, 32.713427334304527, 0.0 ], [ 51.613548445520927, 32.712334699106009, 0.0 ] ] ] } },
{ "type": "Feature", "properties": { "Name": "Untitled Polygon", "description": null, "timestamp": null, "begin": null, "end": null, "altitudeMode": null, "tessellate": 1, "extrude": 0, "visibility": -1, "drawOrder": null, "icon": null, "class": 1 }, "geometry": { "type": "Polygon", "coordinates": [ [ [ 51.762837403556468, 32.554047073951153, 0.0 ], [ 51.763429474342487, 32.552842229984343, 0.0 ], [ 51.763988414292271, 32.55320529111647, 0.0 ], [ 51.763515387738373, 32.554297291777402, 0.0 ], [ 51.762837403556468, 32.554047073951153, 0.0 ] ] ] } },
{ "type": "Feature", "properties": { "Name": "Untitled Polygon", "description": null, "timestamp": null, "begin": null, "end": null, "altitudeMode": null, "tessellate": 1, "extrude": 0, "visibility": -1, "drawOrder": null, "icon": null, "class": 1 }, "geometry": { "type": "Polygon", "coordinates": [ [ [ 51.751540778361473, 32.548276554800523, 0.0 ], [ 51.752173823522241, 32.548069658752993, 0.0 ], [ 51.752064026690761, 32.548424500665213, 0.0 ], [ 51.751540778361473, 32.548276554800523, 0.0 ] ] ] } },
{ "type": "Feature", "properties": { "Name": "Untitled Polygon", "description": null, "timestamp": null, "begin": null, "end": null, "altitudeMode": null, "tessellate": 1, "extrude": 0, "visibility": -1, "drawOrder": null, "icon": null, "class": 1 }, "geometry": { "type": "Polygon", "coordinates": [ [ [ 51.511753764999938, 32.537771707982621, 0.0 ], [ 51.510543119090187, 32.531825124948277, 0.0 ], [ 51.514218103902657, 32.535674550790382, 0.0 ], [ 51.511753764999938, 32.537771707982621, 0.0 ] ] ] } },
{ "type": "Feature", "properties": { "Name": "Untitled Polygon", "description": null, "timestamp": null, "begin": null, "end": null, "altitudeMode": null, "tessellate": 1, "extrude": 0, "visibility": -1, "drawOrder": null, "icon": null, "class": 1 }, "geometry": { "type": "Polygon", "coordinates": [ [ [ 51.52517418246677, 32.555001751040841, 0.0 ], [ 51.528091119726597, 32.551422711543388, 0.0 ], [ 51.52923485852731, 32.552508198542952, 0.0 ], [ 51.52517418246677, 32.555001751040841, 0.0 ] ] ] } },
{ "type": "Feature", "properties": { "Name": "Untitled Polygon", "description": null, "timestamp": null, "begin": null, "end": null, "altitudeMode": null, "tessellate": 1, "extrude": 0, "visibility": -1, "drawOrder": null, "icon": null, "class": 1 }, "geometry": { "type": "Polygon", "coordinates": [ [ [ 51.529724026770353, 32.548601172139733, 0.0 ], [ 51.531990792736593, 32.545906393842621, 0.0 ], [ 51.532135314415903, 32.545801955087647, 0.0 ], [ 51.532222755090459, 32.545724250033658, 0.0 ], [ 51.53678871215827, 32.549135265555712, 0.0 ], [ 51.534893607318281, 32.551188958307897, 0.0 ], [ 51.529724026770353, 32.548601172139733, 0.0 ] ] ] } },
{ "type": "Feature", "properties": { "Name": "Untitled Polygon", "description": null, "timestamp": null, "begin": null, "end": null, "altitudeMode": null, "tessellate": 1, "extrude": 0, "visibility": -1, "drawOrder": null, "icon": null, "class": 1 }, "geometry": { "type": "Polygon", "coordinates": [ [ [ 51.527721471851407, 32.538302250531082, 0.0 ], [ 51.527951499471683, 32.53641860838723, 0.0 ], [ 51.52806010385568, 32.536254650385892, 0.0 ], [ 51.52898451460927, 32.537378036633982, 0.0 ], [ 51.527721471851407, 32.538302250531082, 0.0 ] ] ] } },
{ "type": "Feature", "properties": { "Name": "Untitled Polygon", "description": null, "timestamp": null, "begin": null, "end": null, "altitudeMode": null, "tessellate": 1, "extrude": 0, "visibility": -1, "drawOrder": null, "icon": null, "class": 1 }, "geometry": { "type": "Polygon", "coordinates": [ [ [ 51.524197834071138, 32.52177559910124, 0.0 ], [ 51.52714259906034, 32.518777387962103, 0.0 ], [ 51.52707707941822, 32.521195532600913, 0.0 ], [ 51.524197834071138, 32.52177559910124, 0.0 ] ] ] } },
{ "type": "Feature", "properties": { "Name": "Untitled Polygon", "description": null, "timestamp": null, "begin": null, "end": null, "altitudeMode": null, "tessellate": 1, "extrude": 0, "visibility": -1, "drawOrder": null, "icon": null, "class": 1 }, "geometry": { "type": "Polygon", "coordinates": [ [ [ 51.542756988175363, 32.511582065390137, 0.0 ], [ 51.545214951484724, 32.515897455101552, 0.0 ], [ 51.540026348196371, 32.51788089706173, 0.0 ], [ 51.539790705562631, 32.517878315823758, 0.0 ], [ 51.542756988175363, 32.511582065390137, 0.0 ] ] ] } },
{ "type": "Feature", "properties": { "Name": "Untitled Polygon", "description": null, "timestamp": null, "begin": null, "end": null, "altitudeMode": null, "tessellate": 1, "extrude": 0, "visibility": -1, "drawOrder": null, "icon": null, "class": 1 }, "geometry": { "type": "Polygon", "coordinates": [ [ [ 51.556570614809488, 32.517943957900648, 0.0 ], [ 51.557994777307059, 32.519911606082538, 0.0 ], [ 51.556800065028071, 32.520591158032303, 0.0 ], [ 51.556570614809488, 32.517943957900648, 0.0 ] ] ] } },
{ "type": "Feature", "properties": { "Name": "Untitled Polygon", "description": null, "timestamp": null, "begin": null, "end": null, "altitudeMode": null, "tessellate": 1, "extrude": 0, "visibility": -1, "drawOrder": null, "icon": null, "class": 1 }, "geometry": { "type": "Polygon", "coordinates": [ [ [ 51.555588225419733, 32.5239845006301, 0.0 ], [ 51.555414148155997, 32.524910017418243, 0.0 ], [ 51.554337598191033, 32.524890137608551, 0.0 ], [ 51.555588225419733, 32.5239845006301, 0.0 ] ] ] } },
{ "type": "Feature", "properties": { "Name": "Untitled Polygon", "description": null, "timestamp": null, "begin": null, "end": null, "altitudeMode": null, "tessellate": 1, "extrude": 0, "visibility": -1, "drawOrder": null, "icon": null, "class": 1 }, "geometry": { "type": "Polygon", "coordinates": [ [ [ 51.5621196255386, 32.499566282343551, 0.0 ], [ 51.56599922106949, 32.499329050430717, 0.0 ], [ 51.565217915298447, 32.500236325881289, 0.0 ], [ 51.5621196255386, 32.499566282343551, 0.0 ] ] ] } },
{ "type": "Feature", "properties": { "Name": "1", "description": null, "timestamp": null, "begin": null, "end": null, "altitudeMode": null, "tessellate": 1, "extrude": 0, "visibility": -1, "drawOrder": null, "icon": null, "class": 2 }, "geometry": { "type": "Polygon", "coordinates": [ [ [ 51.546541548845333, 32.703469070052748, 0.0 ], [ 51.547097326707181, 32.70285287928936, 0.0 ], [ 51.546906402849118, 32.703712788903758, 0.0 ], [ 51.546541548845333, 32.703469070052748, 0.0 ] ] ] } },
{ "type": "Feature", "properties": { "Name": "Untitled Polygon", "description": null, "timestamp": null, "begin": null, "end": null, "altitudeMode": null, "tessellate": 1, "extrude": 0, "visibility": -1, "drawOrder": null, "icon": null, "class": 2 }, "geometry": { "type": "Polygon", "coordinates": [ [ [ 51.569870315295319, 32.671650319441007, 0.0 ], [ 51.569761256887872, 32.668901271562973, 0.0 ], [ 51.576168261114567, 32.671456012101679, 0.0 ], [ 51.569870315295319, 32.671650319441007, 0.0 ] ] ] } },
{ "type": "Feature", "properties": { "Name": "Untitled Polygon", "description": null, "timestamp": null, "begin": null, "end": null, "altitudeMode": null, "tessellate": 1, "extrude": 0, "visibility": -1, "drawOrder": null, "icon": null, "class": 2 }, "geometry": { "type": "Polygon", "coordinates": [ [ [ 51.55620733279487, 32.667219585344633, 0.0 ], [ 51.55713171129338, 32.666542438130719, 0.0 ], [ 51.557123039767248, 32.667845961244453, 0.0 ], [ 51.55620733279487, 32.667219585344633, 0.0 ] ] ] } },
{ "type": "Feature", "properties": { "Name": "Untitled Polygon", "description": null, "timestamp": null, "begin": null, "end": null, "altitudeMode": null, "tessellate": 1, "extrude": 0, "visibility": -1, "drawOrder": null, "icon": null, "class": 2 }, "geometry": { "type": "Polygon", "coordinates": [ [ [ 51.605863839615147, 32.698801528657057, 0.0 ], [ 51.607336525772169, 32.697665456269696, 0.0 ], [ 51.606210680188589, 32.698980161193937, 0.0 ], [ 51.605863839615147, 32.698801528657057, 0.0 ] ] ] } },
{ "type": "Feature", "properties": { "Name": "Untitled Polygon", "description": null, "timestamp": null, "begin": null, "end": null, "altitudeMode": null, "tessellate": 1, "extrude": 0, "visibility": -1, "drawOrder": null, "icon": null, "class": 2 }, "geometry": { "type": "Polygon", "coordinates": [ [ [ 51.628937971822452, 32.729063383612377, 0.0 ], [ 51.629394027851532, 32.729193033986007, 0.0 ], [ 51.629154802280567, 32.729440135218937, 0.0 ], [ 51.628937971822452, 32.729063383612377, 0.0 ] ] ] } },
{ "type": "Feature", "properties": { "Name": "Untitled Polygon", "description": null, "timestamp": null, "begin": null, "end": null, "altitudeMode": null, "tessellate": 1, "extrude": 0, "visibility": -1, "drawOrder": null, "icon": null, "class": 2 }, "geometry": { "type": "Polygon", "coordinates": [ [ [ 51.620272717996073, 32.684382794204637, 0.0 ], [ 51.622829041705877, 32.683957893140253, 0.0 ], [ 51.621819426431443, 32.685560627341161, 0.0 ], [ 51.620272717996073, 32.684382794204637, 0.0 ] ] ] } },
{ "type": "Feature", "properties": { "Name": "Untitled Polygon", "description": null, "timestamp": null, "begin": null, "end": null, "altitudeMode": null, "tessellate": 1, "extrude": 0, "visibility": -1, "drawOrder": null, "icon": null, "class": 2 }, "geometry": { "type": "Polygon", "coordinates": [ [ [ 51.617368587854159, 32.680004177714721, 0.0 ], [ 51.614634407658208, 32.677591692562189, 0.0 ], [ 51.618405171455258, 32.678232550842957, 0.0 ], [ 51.617368587854159, 32.680004177714721, 0.0 ] ] ] } },
{ "type": "Feature", "properties": { "Name": "Untitled Polygon", "description": null, "timestamp": null, "begin": null, "end": null, "altitudeMode": null, "tessellate": 1, "extrude": 0, "visibility": -1, "drawOrder": null, "icon": null, "class": 2 }, "geometry": { "type": "Polygon", "coordinates": [ [ [ 51.611841244456699, 32.677699683834142, 0.0 ], [ 51.613659741738537, 32.674620984564527, 0.0 ], [ 51.61610704775206, 32.677299306374373, 0.0 ], [ 51.611841244456699, 32.677699683834142, 0.0 ] ] ] } },
{ "type": "Feature", "properties": { "Name": "Untitled Polygon", "description": null, "timestamp": null, "begin": null, "end": null, "altitudeMode": null, "tessellate": 1, "extrude": 0, "visibility": -1, "drawOrder": null, "icon": null, "class": 2 }, "geometry": { "type": "Polygon", "coordinates": [ [ [ 51.56520526812843, 32.691488492508782, 0.0 ], [ 51.566012878982569, 32.691172332233592, 0.0 ], [ 51.566306202210058, 32.691918706595771, 0.0 ], [ 51.56520526812843, 32.691488492508782, 0.0 ] ] ] } },
{ "type": "Feature", "properties": { "Name": "10", "description": null, "timestamp": null, "begin": null, "end": null, "altitudeMode": null, "tessellate": 1, "extrude": 0, "visibility": -1, "drawOrder": null, "icon": null, "class": 2 }, "geometry": { "type": "Polygon", "coordinates": [ [ [ 51.585793131865699, 32.661902373430948, 0.0 ], [ 51.587887224981252, 32.660939926824717, 0.0 ], [ 51.588627044042433, 32.663430681015512, 0.0 ], [ 51.585793131865699, 32.661902373430948, 0.0 ] ] ] } },
{ "type": "Feature", "properties": { "Name": "Untitled Polygon", "description": null, "timestamp": null, "begin": null, "end": null, "altitudeMode": null, "tessellate": 1, "extrude": 0, "visibility": -1, "drawOrder": null, "icon": null, "class": 2 }, "geometry": { "type": "Polygon", "coordinates": [ [ [ 51.595264662900618, 32.661097781568763, 0.0 ], [ 51.59625669603097, 32.66102239926412, 0.0 ], [ 51.596036719714178, 32.662257831481298, 0.0 ], [ 51.595264662900618, 32.661097781568763, 0.0 ] ] ] } },
{ "type": "Feature", "properties": { "Name": "Untitled Polygon", "description": null, "timestamp": null, "begin": null, "end": null, "altitudeMode": null, "tessellate": 1, "extrude": 0, "visibility": -1, "drawOrder": null, "icon": null, "class": 2 }, "geometry": { "type": "Polygon", "coordinates": [ [ [ 51.590292470134841, 32.65709620441492, 0.0 ], [ 51.593123876997623, 32.656926820995047, 0.0 ], [ 51.59316773547372, 32.659534411409297, 0.0 ], [ 51.590292470134841, 32.65709620441492, 0.0 ] ] ] } },
{ "type": "Feature", "properties": { "Name": "Untitled Polygon", "description": null, "timestamp": null, "begin": null, "end": null, "altitudeMode": null, "tessellate": 1, "extrude": 0, "visibility": -1, "drawOrder": null, "icon": null, "class": 2 }, "geometry": { "type": "Polygon", "coordinates": [ [ [ 51.557815342553901, 32.655227349928147, 0.0 ], [ 51.560342538226926, 32.654432223217214, 0.0 ], [ 51.561105861265609, 32.657638170800361, 0.0 ], [ 51.557815342553901, 32.655227349928147, 0.0 ] ] ] } },
{ "type": "Feature", "properties": { "Name": "Untitled Polygon", "description": null, "timestamp": null, "begin": null, "end": null, "altitudeMode": null, "tessellate": 1, "extrude": 0, "visibility": -1, "drawOrder": null, "icon": null, "class": 2 }, "geometry": { "type": "Polygon", "coordinates": [ [ [ 51.560942283532953, 32.649641430523182, 0.0 ], [ 51.561862231941269, 32.648770321148348, 0.0 ], [ 51.562315553196868, 32.650471830044992, 0.0 ], [ 51.560942283532953, 32.649641430523182, 0.0 ] ] ] } },
{ "type": "Feature", "properties": { "Name": "Untitled Polygon", "description": null, "timestamp": null, "begin": null, "end": null, "altitudeMode": null, "tessellate": 1, "extrude": 0, "visibility": -1, "drawOrder": null, "icon": null, "class": 2 }, "geometry": { "type": "Polygon", "coordinates": [ [ [ 51.568316179720291, 32.655414975483502, 0.0 ], [ 51.568784829035231, 32.656222930988328, 0.0 ], [ 51.566486750403463, 32.657254180535823, 0.0 ], [ 51.565945773717978, 32.656596006799397, 0.0 ], [ 51.568316179720291, 32.655414975483502, 0.0 ] ] ] } },
{ "type": "Feature", "properties": { "Name": "Untitled Polygon", "description": null, "timestamp": null, "begin": null, "end": null, "altitudeMode": null, "tessellate": 1, "extrude": 0, "visibility": -1, "drawOrder": null, "icon": null, "class": 2 }, "geometry": { "type": "Polygon", "coordinates": [ [ [ 51.566910251238653, 32.664280604505123, 0.0 ], [ 51.567670417874787, 32.663899261478221, 0.0 ], [ 51.567271055487652, 32.666787315070863, 0.0 ], [ 51.566910251238653, 32.664280604505123, 0.0 ] ] ] } },
{ "type": "Feature", "properties": { "Name": "Untitled Polygon", "description": null, "timestamp": null, "begin": null, "end": null, "altitudeMode": null, "tessellate": 1, "extrude": 0, "visibility": -1, "drawOrder": null, "icon": null, "class": 2 }, "geometry": { "type": "Polygon", "coordinates": [ [ [ 51.579233651731677, 32.67396128143848, 0.0 ], [ 51.579802740329043, 32.672146416746287, 0.0 ], [ 51.580950596795098, 32.674228329783631, 0.0 ], [ 51.579233651731677, 32.67396128143848, 0.0 ] ] ] } },
{ "type": "Feature", "properties": { "Name": "Untitled Polygon", "description": null, "timestamp": null, "begin": null, "end": null, "altitudeMode": null, "tessellate": 1, "extrude": 0, "visibility": -1, "drawOrder": null, "icon": null, "class": 2 }, "geometry": { "type": "Polygon", "coordinates": [ [ [ 51.626800219840362, 32.670708343314622, 0.0 ], [ 51.626552450039021, 32.670760663808572, 0.0 ], [ 51.629346979112952, 32.669391953876271, 0.0 ], [ 51.631038823702731, 32.670893877592754, 0.0 ], [ 51.626800219840362, 32.670708343314622, 0.0 ] ] ] } },
{ "type": "Feature", "properties": { "Name": "Untitled Polygon", "description": null, "timestamp": null, "begin": null, "end": null, "altitudeMode": null, "tessellate": 1, "extrude": 0, "visibility": -1, "drawOrder": null, "icon": null, "class": 2 }, "geometry": { "type": "Polygon", "coordinates": [ [ [ 51.632837299212319, 32.678322315970938, 0.0 ], [ 51.63470476095717, 32.678351755616653, 0.0 ], [ 51.63330016935592, 32.682100696020711, 0.0 ], [ 51.632837299212319, 32.678322315970938, 0.0 ] ] ] } },
{ "type": "Feature", "properties": { "Name": "20", "description": null, "timestamp": null, "begin": null, "end": null, "altitudeMode": null, "tessellate": 1, "extrude": 0, "visibility": -1, "drawOrder": null, "icon": null, "class": 2 }, "geometry": { "type": "Polygon", "coordinates": [ [ [ 51.622715759266264, 32.713817916710227, 0.0 ], [ 51.622893755632958, 32.713025442961303, 0.0 ], [ 51.623604329861507, 32.713880857589913, 0.0 ], [ 51.622715759266264, 32.713817916710227, 0.0 ] ] ] } },
{ "type": "Feature", "properties": { "Name": "Untitled Polygon", "description": null, "timestamp": null, "begin": null, "end": null, "altitudeMode": null, "tessellate": 1, "extrude": 0, "visibility": -1, "drawOrder": null, "icon": null, "class": 2 }, "geometry": { "type": "Polygon", "coordinates": [ [ [ 51.588168778628052, 32.694557089905743, 0.0 ], [ 51.589843411791151, 32.692951790787824, 0.0 ], [ 51.590202435690337, 32.694759586248132, 0.0 ], [ 51.588168778628052, 32.694557089905743, 0.0 ] ] ] } },
{ "type": "Feature", "properties": { "Name": "Untitled Polygon", "description": null, "timestamp": null, "begin": null, "end": null, "altitudeMode": null, "tessellate": 1, "extrude": 0, "visibility": -1, "drawOrder": null, "icon": null, "class": 2 }, "geometry": { "type": "Polygon", "coordinates": [ [ [ 51.591458617432977, 32.698015324157268, 0.0 ], [ 51.591188230598263, 32.698998837122673, 0.0 ], [ 51.589336417876588, 32.697043130858248, 0.0 ], [ 51.590441900765519, 32.697110479854203, 0.0 ], [ 51.591458617432977, 32.698015324157268, 0.0 ] ] ] } },
{ "type": "Feature", "properties": { "Name": "Untitled Polygon", "description": null, "timestamp": null, "begin": null, "end": null, "altitudeMode": null, "tessellate": 1, "extrude": 0, "visibility": -1, "drawOrder": null, "icon": null, "class": 2 }, "geometry": { "type": "Polygon", "coordinates": [ [ [ 51.590564603791307, 32.674510123121337, 0.0 ], [ 51.595441221284787, 32.668428469683327, 0.0 ], [ 51.5971425133894, 32.673587554515237, 0.0 ], [ 51.597134977584801, 32.673408052314812, 0.0 ], [ 51.590564603791307, 32.674510123121337, 0.0 ] ] ] } },
{ "type": "Feature", "properties": { "Name": "Untitled Polygon", "description": null, "timestamp": null, "begin": null, "end": null, "altitudeMode": null, "tessellate": 1, "extrude": 0, "visibility": -1, "drawOrder": null, "icon": null, "class": 2 }, "geometry": { "type": "Polygon", "coordinates": [ [ [ 51.589248040962168, 32.665624330410679, 0.0 ], [ 51.593184922292153, 32.668664698647397, 0.0 ], [ 51.590741221200027, 32.672062729856641, 0.0 ], [ 51.589248040962168, 32.665624330410679, 0.0 ] ] ] } },
{ "type": "Feature", "properties": { "Name": "Untitled Polygon", "description": null, "timestamp": null, "begin": null, "end": null, "altitudeMode": null, "tessellate": 1, "extrude": 0, "visibility": -1, "drawOrder": null, "icon": null, "class": 2 }, "geometry": { "type": "Polygon", "coordinates": [ [ [ 51.591724554461642, 32.645389366748681, 0.0 ], [ 51.595874397531418, 32.642748992694969, 0.0 ], [ 51.597996253427617, 32.647527239365743, 0.0 ], [ 51.591724554461642, 32.645389366748681, 0.0 ] ] ] } },
{ "type": "Feature", "properties": { "Name": "Untitled Polygon", "description": null, "timestamp": null, "begin": null, "end": null, "altitudeMode": null, "tessellate": 1, "extrude": 0, "visibility": -1, "drawOrder": null, "icon": null, "class": 2 }, "geometry": { "type": "Polygon", "coordinates": [ [ [ 51.573887583248073, 32.662808761144639, 0.0 ], [ 51.575279625790273, 32.660252554917761, 0.0 ], [ 51.576147821443442, 32.665971348692011, 0.0 ], [ 51.573887583248073, 32.662808761144639, 0.0 ] ] ] } },
{ "type": "Feature", "properties": { "Name": "Untitled Polygon", "description": null, "timestamp": null, "begin": null, "end": null, "altitudeMode": null, "tessellate": 1, "extrude": 0, "visibility": -1, "drawOrder": null, "icon": null, "class": 2 }, "geometry": { "type": "Polygon", "coordinates": [ [ [ 51.565637252258107, 32.664499349620748, 0.0 ], [ 51.564869976444001, 32.659668690500652, 0.0 ], [ 51.56752375308028, 32.659985114048467, 0.0 ], [ 51.565637252258107, 32.664499349620748, 0.0 ] ] ] } },
{ "type": "Feature", "properties": { "Name": "Untitled Polygon", "description": null, "timestamp": null, "begin": null, "end": null, "altitudeMode": null, "tessellate": 1, "extrude": 0, "visibility": -1, "drawOrder": null, "icon": null, "class": 2 }, "geometry": { "type": "Polygon", "coordinates": [ [ [ 51.629448830717394, 32.686147861189127, 0.0 ], [ 51.629366009635561, 32.684043639054487, 0.0 ], [ 51.631788377193907, 32.686757815802473, 0.0 ], [ 51.629448830717394, 32.686147861189127, 0.0 ] ] ] } },
{ "type": "Feature", "properties": { "Name": "Untitled Polygon", "description": null, "timestamp": null, "begin": null, "end": null, "altitudeMode": null, "tessellate": 1, "extrude": 0, "visibility": -1, "drawOrder": null, "icon": null, "class": 2 }, "geometry": { "type": "Polygon", "coordinates": [ [ [ 51.71544701680665, 32.713590725599317, 0.0 ], [ 51.714987983755648, 32.712905323245529, 0.0 ], [ 51.716858700723563, 32.712315483586558, 0.0 ], [ 51.71544701680665, 32.713590725599317, 0.0 ] ] ] } },
{ "type": "Feature", "properties": { "Name": "30", "description": null, "timestamp": null, "begin": null, "end": null, "altitudeMode": null, "tessellate": 1, "extrude": 0, "visibility": -1, "drawOrder": null, "icon": null, "class": 2 }, "geometry": { "type": "Polygon", "coordinates": [ [ [ 51.613152974475327, 32.722351816141639, 0.0 ], [ 51.613979985986539, 32.720225247411612, 0.0 ], [ 51.617585305009037, 32.721044048118678, 0.0 ], [ 51.613152974475327, 32.722351816141639, 0.0 ] ] ] } },
{ "type": "Feature", "properties": { "Name": "Untitled Polygon", "description": null, "timestamp": null, "begin": null, "end": null, "altitudeMode": null, "tessellate": 1, "extrude": 0, "visibility": -1, "drawOrder": null, "icon": null, "class": 2 }, "geometry": { "type": "Polygon", "coordinates": [ [ [ 51.620899562861773, 32.720295732573931, 0.0 ], [ 51.621130256085927, 32.723010320369617, 0.0 ], [ 51.618855713245573, 32.719762563224897, 0.0 ], [ 51.620899562861773, 32.720295732573931, 0.0 ] ] ] } },
{ "type": "Feature", "properties": { "Name": "Untitled Polygon", "description": null, "timestamp": null, "begin": null, "end": null, "altitudeMode": null, "tessellate": 1, "extrude": 0, "visibility": -1, "drawOrder": null, "icon": null, "class": 2 }, "geometry": { "type": "Polygon", "coordinates": [ [ [ 51.584555068844253, 32.658482929883192, 0.0 ], [ 51.585819311956413, 32.657262932583322, 0.0 ], [ 51.589529108960008, 32.658896610292743, 0.0 ], [ 51.584555068844253, 32.658482929883192, 0.0 ] ] ] } },
{ "type": "Feature", "properties": { "Name": "Untitled Polygon", "description": null, "timestamp": null, "begin": null, "end": null, "altitudeMode": null, "tessellate": 1, "extrude": 0, "visibility": -1, "drawOrder": null, "icon": null, "class": 2 }, "geometry": { "type": "Polygon", "coordinates": [ [ [ 51.554749325473438, 32.645396673284992, 0.0 ], [ 51.557900468735468, 32.645486369097412, 0.0 ], [ 51.556954081117937, 32.649870934894047, 0.0 ], [ 51.554749325473438, 32.645396673284992, 0.0 ] ] ] } },
{ "type": "Feature", "properties": { "Name": "Untitled Polygon", "description": null, "timestamp": null, "begin": null, "end": null, "altitudeMode": null, "tessellate": 1, "extrude": 0, "visibility": -1, "drawOrder": null, "icon": null, "class": 2 }, "geometry": { "type": "Polygon", "coordinates": [ [ [ 51.569141912863969, 32.640226160595248, 0.0 ], [ 51.567675571397579, 32.638949545339507, 0.0 ], [ 51.572532820859109, 32.639605709369413, 0.0 ], [ 51.569141912863969, 32.640226160595248, 0.0 ] ] ] } },
{ "type": "Feature", "properties": { "Name": "Untitled Polygon", "description": null, "timestamp": null, "begin": null, "end": null, "altitudeMode": null, "tessellate": 1, "extrude": 0, "visibility": -1, "drawOrder": null, "icon": null, "class": 2 }, "geometry": { "type": "Polygon", "coordinates": [ [ [ 51.58078921169146, 32.638166054715583, 0.0 ], [ 51.587150246204757, 32.633433154854963, 0.0 ], [ 51.59631780024467, 32.638057955162608, 0.0 ], [ 51.58078921169146, 32.638166054715583, 0.0 ] ] ] } },
{ "type": "Feature", "properties": { "Name": "Untitled Polygon", "description": null, "timestamp": null, "begin": null, "end": null, "altitudeMode": null, "tessellate": 1, "extrude": 0, "visibility": -1, "drawOrder": null, "icon": null, "class": 2 }, "geometry": { "type": "Polygon", "coordinates": [ [ [ 51.606044728593098, 32.644576177698433, 0.0 ], [ 51.613049561847902, 32.640020558905483, 0.0 ], [ 51.613887071858457, 32.64332862638858, 0.0 ], [ 51.606044728593098, 32.644576177698433, 0.0 ] ] ] } },
{ "type": "Feature", "properties": { "Name": "40", "description": null, "timestamp": null, "begin": null, "end": null, "altitudeMode": null, "tessellate": 1, "extrude": 0, "visibility": -1, "drawOrder": null, "icon": null, "class": 2 }, "geometry": { "type": "Polygon", "coordinates": [ [ [ 51.801679148730713, 32.736745241515017, 0.0 ], [ 51.802333638812293, 32.735351219324343, 0.0 ], [ 51.803371035411139, 32.73652912112928, 0.0 ], [ 51.801679148730713, 32.736745241515017, 0.0 ] ] ] } },
{ "type": "Feature", "properties": { "Name": "Untitled Polygon", "description": null, "timestamp": null, "begin": null, "end": null, "altitudeMode": null, "tessellate": 1, "extrude": 0, "visibility": -1, "drawOrder": null, "icon": null, "class": 2 }, "geometry": { "type": "Polygon", "coordinates": [ [ [ 51.758597694411051, 32.674228051853703, 0.0 ], [ 51.75796275025624, 32.675420999405617, 0.0 ], [ 51.757299174270301, 32.674385760304517, 0.0 ], [ 51.758597694411051, 32.674228051853703, 0.0 ] ] ] } },
{ "type": "Feature", "properties": { "Name": "Untitled Polygon", "description": null, "timestamp": null, "begin": null, "end": null, "altitudeMode": null, "tessellate": 1, "extrude": 0, "visibility": -1, "drawOrder": null, "icon": null, "class": 2 }, "geometry": { "type": "Polygon", "coordinates": [ [ [ 51.777161598738502, 32.677008308595482, 0.0 ], [ 51.773897254400843, 32.684166579827988, 0.0 ], [ 51.773856427770909, 32.67920789880597, 0.0 ], [ 51.777161598738502, 32.677008308595482, 0.0 ] ] ] } },
{ "type": "Feature", "properties": { "Name": "Untitled Polygon", "description": null, "timestamp": null, "begin": null, "end": null, "altitudeMode": null, "tessellate": 1, "extrude": 0, "visibility": -1, "drawOrder": null, "icon": null, "class": 2 }, "geometry": { "type": "Polygon", "coordinates": [ [ [ 51.77422100140501, 32.668080775988258, 0.0 ], [ 51.775217395494529, 32.667752363143038, 0.0 ], [ 51.774540620633132, 32.668400909257791, 0.0 ], [ 51.77422100140501, 32.668080775988258, 0.0 ] ] ] } },
{ "type": "Feature", "properties": { "Name": "Untitled Polygon", "description": null, "timestamp": null, "begin": null, "end": null, "altitudeMode": null, "tessellate": 1, "extrude": 0, "visibility": -1, "drawOrder": null, "icon": null, "class": 2 }, "geometry": { "type": "Polygon", "coordinates": [ [ [ 51.63165130497471, 32.732639159481018, 0.0 ], [ 51.633095297495501, 32.730981189218717, 0.0 ], [ 51.63440489511315, 32.732103721028757, 0.0 ], [ 51.63165130497471, 32.732639159481018, 0.0 ] ] ] } },
{ "type": "Feature", "properties": { "Name": "Untitled Polygon", "description": null, "timestamp": null, "begin": null, "end": null, "altitudeMode": null, "tessellate": 1, "extrude": 0, "visibility": -1, "drawOrder": null, "icon": null, "class": 2 }, "geometry": { "type": "Polygon", "coordinates": [ [ [ 51.63749393655533, 32.728688584979643, 0.0 ], [ 51.638064149290379, 32.72598361603464, 0.0 ], [ 51.640461384257563, 32.728774462378389, 0.0 ], [ 51.63749393655533, 32.728688584979643, 0.0 ] ] ] } },
{ "type": "Feature", "properties": { "Name": "Untitled Polygon", "description": null, "timestamp": null, "begin": null, "end": null, "altitudeMode": null, "tessellate": 1, "extrude": 0, "visibility": -1, "drawOrder": null, "icon": null, "class": 2 }, "geometry": { "type": "Polygon", "coordinates": [ [ [ 51.577781627900848, 32.696371253068811, 0.0 ], [ 51.57849515277713, 32.694982652624823, 0.0 ], [ 51.579429644519116, 32.696876141795421, 0.0 ], [ 51.577781627900848, 32.696371253068811, 0.0 ] ] ] } },
{ "type": "Feature", "properties": { "Name": "Untitled Polygon", "description": null, "timestamp": null, "begin": null, "end": null, "altitudeMode": null, "tessellate": 1, "extrude": 0, "visibility": -1, "drawOrder": null, "icon": null, "class": 2 }, "geometry": { "type": "Polygon", "coordinates": [ [ [ 51.552874203350576, 32.706616547851723, 0.0 ], [ 51.553510115245068, 32.707012718291452, 0.0 ], [ 51.553212064086047, 32.707578295881753, 0.0 ], [ 51.553007074042803, 32.707489667369501, 0.0 ], [ 51.552915774630577, 32.707579985434442, 0.0 ], [ 51.552500555861378, 32.707426436232772, 0.0 ], [ 51.552522133692023, 32.70732000429058, 0.0 ], [ 51.552462945186157, 32.707267909268573, 0.0 ], [ 51.552874203350576, 32.706616547851723, 0.0 ] ] ] } },
{ "type": "Feature", "properties": { "Name": "50", "description": null, "timestamp": null, "begin": null, "end": null, "altitudeMode": null, "tessellate": 1, "extrude": 0, "visibility": -1, "drawOrder": null, "icon": null, "class": 2 }, "geometry": { "type": "Polygon", "coordinates": [ [ [ 51.560652712348343, 32.673768423835838, 0.0 ], [ 51.560580657400187, 32.671842116033183, 0.0 ], [ 51.561586997808547, 32.671138829150252, 0.0 ], [ 51.560652712348343, 32.673768423835838, 0.0 ] ] ] } },
{ "type": "Feature", "properties": { "Name": "Untitled Polygon", "description": null, "timestamp": null, "begin": null, "end": null, "altitudeMode": null, "tessellate": 1, "extrude": 0, "visibility": -1, "drawOrder": null, "icon": null, "class": 2 }, "geometry": { "type": "Polygon", "coordinates": [ [ [ 51.786057614358079, 32.673275156435423, 0.0 ], [ 51.79123598554505, 32.668980273642063, 0.0 ], [ 51.793090588134291, 32.674479087823023, 0.0 ], [ 51.786057614358079, 32.673275156435423, 0.0 ] ] ] } },
{ "type": "Feature", "properties": { "Name": "Untitled Polygon", "description": null, "timestamp": null, "begin": null, "end": null, "altitudeMode": null, "tessellate": 1, "extrude": 0, "visibility": -1, "drawOrder": null, "icon": null, "class": 2 }, "geometry": { "type": "Polygon", "coordinates": [ [ [ 51.806709920945792, 32.676187637790889, 0.0 ], [ 51.812302273926747, 32.67223508410116, 0.0 ], [ 51.812667543501682, 32.676708732997668, 0.0 ], [ 51.806709920945792, 32.676187637790889, 0.0 ] ] ] } },
{ "type": "Feature", "properties": { "Name": "Untitled Polygon", "description": null, "timestamp": null, "begin": null, "end": null, "altitudeMode": null, "tessellate": 1, "extrude": 0, "visibility": -1, "drawOrder": null, "icon": null, "class": 2 }, "geometry": { "type": "Polygon", "coordinates": [ [ [ 51.805513990854287, 32.685404999744833, 0.0 ], [ 51.807516403285483, 32.68155626884267, 0.0 ], [ 51.809842977640592, 32.687784479002111, 0.0 ], [ 51.805513990854287, 32.685404999744833, 0.0 ] ] ] } },
{ "type": "Feature", "properties": { "Name": "Untitled Polygon", "description": null, "timestamp": null, "begin": null, "end": null, "altitudeMode": null, "tessellate": 1, "extrude": 0, "visibility": -1, "drawOrder": null, "icon": null, "class": 2 }, "geometry": { "type": "Polygon", "coordinates": [ [ [ 51.769752910597873, 32.659252212626143, 0.0 ], [ 51.772381763451151, 32.654682121446861, 0.0 ], [ 51.774587073405002, 32.657837840637413, 0.0 ], [ 51.769752910597873, 32.659252212626143, 0.0 ] ] ] } },
{ "type": "Feature", "properties": { "Name": "Untitled Polygon", "description": null, "timestamp": null, "begin": null, "end": null, "altitudeMode": null, "tessellate": 1, "extrude": 0, "visibility": -1, "drawOrder": null, "icon": null, "class": 2 }, "geometry": { "type": "Polygon", "coordinates": [ [ [ 51.768170915931819, 32.667656135998612, 0.0 ], [ 51.768985698044879, 32.665858262901637, 0.0 ], [ 51.77037143163831, 32.666191430526247, 0.0 ], [ 51.768170915931819, 32.667656135998612, 0.0 ] ] ] } },
{ "type": "Feature", "properties": { "Name": "Untitled Polygon", "description": null, "timestamp": null, "begin": null, "end": null, "altitudeMode": null, "tessellate": 1, "extrude": 0, "visibility": -1, "drawOrder": null, "icon": null, "class": 2 }, "geometry": { "type": "Polygon", "coordinates": [ [ [ 51.709936402367852, 32.644197451116518, 0.0 ], [ 51.71242245481298, 32.641800716478848, 0.0 ], [ 51.71436644510765, 32.643518598211379, 0.0 ], [ 51.709936402367852, 32.644197451116518, 0.0 ] ] ] } },
{ "type": "Feature", "properties": { "Name": "Untitled Polygon", "description": null, "timestamp": null, "begin": null, "end": null, "altitudeMode": null, "tessellate": 1, "extrude": 0, "visibility": -1, "drawOrder": null, "icon": null, "class": 2 }, "geometry": { "type": "Polygon", "coordinates": [ [ [ 51.732572710021927, 32.665302693468469, 0.0 ], [ 51.735193737881538, 32.665283534842409, 0.0 ], [ 51.733925376183961, 32.66591910242736, 0.0 ], [ 51.732572710021927, 32.665302693468469, 0.0 ] ] ] } },
{ "type": "Feature", "properties": { "Name": "Untitled Polygon", "description": null, "timestamp": null, "begin": null, "end": null, "altitudeMode": null, "tessellate": 1, "extrude": 0, "visibility": -1, "drawOrder": null, "icon": null, "class": 2 }, "geometry": { "type": "Polygon", "coordinates": [ [ [ 51.745442012053722, 32.667217194306353, 0.0 ], [ 51.746772503156492, 32.667358650763752, 0.0 ], [ 51.745615769791343, 32.668322418588247, 0.0 ], [ 51.745442012053722, 32.667217194306353, 0.0 ] ] ] } },
{ "type": "Feature", "properties": { "Name": "60", "description": null, "timestamp": null, "begin": null, "end": null, "altitudeMode": null, "tessellate": 1, "extrude": 0, "visibility": -1, "drawOrder": null, "icon": null, "class": 2 }, "geometry": { "type": "Polygon", "coordinates": [ [ [ 51.809780597581863, 32.669067960541128, 0.0 ], [ 51.81495246414061, 32.662983583325023, 0.0 ], [ 51.818236168835469, 32.669006286325917, 0.0 ], [ 51.809780597581863, 32.669067960541128, 0.0 ] ] ] } },
{ "type": "Feature", "properties": { "Name": "Untitled Polygon", "description": null, "timestamp": null, "begin": null, "end": null, "altitudeMode": null, "tessellate": 1, "extrude": 0, "visibility": -1, "drawOrder": null, "icon": null, "class": 2 }, "geometry": { "type": "Polygon", "coordinates": [ [ [ 51.749507739243001, 32.614348939749249, 0.0 ], [ 51.750455853237924, 32.613467427443403, 0.0 ], [ 51.752756489130739, 32.613978087616047, 0.0 ], [ 51.749507739243001, 32.614348939749249, 0.0 ] ] ] } },
{ "type": "Feature", "properties": { "Name": "Untitled Polygon", "description": null, "timestamp": null, "begin": null, "end": null, "altitudeMode": null, "tessellate": 1, "extrude": 0, "visibility": -1, "drawOrder": null, "icon": null, "class": 2 }, "geometry": { "type": "Polygon", "coordinates": [ [ [ 51.759175310806249, 32.525105449640421, 0.0 ], [ 51.752850419097648, 32.519461279352058, 0.0 ], [ 51.76448629019302, 32.518924350437992, 0.0 ], [ 51.765354496478523, 32.518888973535908, 0.0 ], [ 51.767918548598047, 32.521606431249829, 0.0 ], [ 51.759175310806249, 32.525105449640421, 0.0 ] ] ] } },
{ "type": "Feature", "properties": { "Name": "Untitled Polygon", "description": null, "timestamp": null, "begin": null, "end": null, "altitudeMode": null, "tessellate": 1, "extrude": 0, "visibility": -1, "drawOrder": null, "icon": null, "class": 2 }, "geometry": { "type": "Polygon", "coordinates": [ [ [ 51.886551613799227, 32.527404447419478, 0.0 ], [ 51.886134172579517, 32.527721095177228, 0.0 ], [ 51.885561174337859, 32.526796765301761, 0.0 ], [ 51.887022511016262, 32.526791469957743, 0.0 ], [ 51.886551613799227, 32.527404447419478, 0.0 ] ] ] } },
{ "type": "Feature", "properties": { "Name": "Untitled Polygon", "description": null, "timestamp": null, "begin": null, "end": null, "altitudeMode": null, "tessellate": 1, "extrude": 0, "visibility": -1, "drawOrder": null, "icon": null, "class": 2 }, "geometry": { "type": "Polygon", "coordinates": [ [ [ 51.933848395587042, 32.522255973270241, 0.0 ], [ 51.929039865461043, 32.518720731100842, 0.0 ], [ 51.92949782090718, 32.517871427672091, 0.0 ], [ 51.92971815438505, 32.517238716019939, 0.0 ], [ 51.931881379569091, 32.517232222357833, 0.0 ], [ 51.933848395587042, 32.522255973270241, 0.0 ] ] ] } },
{ "type": "Feature", "properties": { "Name": "Untitled Polygon", "description": null, "timestamp": null, "begin": null, "end": null, "altitudeMode": null, "tessellate": 1, "extrude": 0, "visibility": -1, "drawOrder": null, "icon": null, "class": 2 }, "geometry": { "type": "Polygon", "coordinates": [ [ [ 51.919631452087593, 32.518185644708403, 0.0 ], [ 51.920299600158813, 32.517751887092878, 0.0 ], [ 51.920616535338752, 32.517828215147418, 0.0 ], [ 51.921313108713157, 32.517973038355677, 0.0 ], [ 51.922211531869984, 32.518010968765211, 0.0 ], [ 51.923552339428177, 32.517736406613068, 0.0 ], [ 51.925086627613453, 32.516713812307067, 0.0 ], [ 51.925594159196429, 32.51612621688313, 0.0 ], [ 51.925667099353518, 32.51456677033763, 0.0 ], [ 51.926627359735669, 32.514536806169723, 0.0 ], [ 51.927538457668149, 32.515118725088861, 0.0 ], [ 51.926981650689157, 32.515570295239748, 0.0 ], [ 51.925479773973692, 32.517366727734952, 0.0 ], [ 51.924559246115592, 32.518158851722781, 0.0 ], [ 51.923604587925297, 32.518922011410929, 0.0 ], [ 51.922263711419667, 32.519343851504729, 0.0 ], [ 51.921166521397552, 32.518855261292529, 0.0 ], [ 51.92025548057309, 32.519192313679532, 0.0 ], [ 51.919631452087593, 32.518185644708403, 0.0 ] ] ] } },
{ "type": "Feature", "properties": { "Name": "Untitled Polygon", "description": null, "timestamp": null, "begin": null, "end": null, "altitudeMode": null, "tessellate": 1, "extrude": 0, "visibility": -1, "drawOrder": null, "icon": null, "class": 2 }, "geometry": { "type": "Polygon", "coordinates": [ [ [ 51.991057432298852, 32.523759018292438, 0.0 ], [ 51.992320494506558, 32.521726839088693, 0.0 ], [ 51.993346263822701, 32.52243683539934, 0.0 ], [ 51.991057432298852, 32.523759018292438, 0.0 ] ] ] } },
{ "type": "Feature", "properties": { "Name": "Untitled Polygon", "description": null, "timestamp": null, "begin": null, "end": null, "altitudeMode": null, "tessellate": 1, "extrude": 0, "visibility": -1, "drawOrder": null, "icon": null, "class": 2 }, "geometry": { "type": "Polygon", "coordinates": [ [ [ 51.890821760762087, 32.585704788964563, 0.0 ], [ 51.882738542639629, 32.580311372508113, 0.0 ], [ 51.896064456388579, 32.579236833471079, 0.0 ], [ 51.899144165334242, 32.582697840119756, 0.0 ], [ 51.890821760762087, 32.585704788964563, 0.0 ] ] ] } },
{ "type": "Feature", "properties": { "Name": "Untitled Polygon", "description": null, "timestamp": null, "begin": null, "end": null, "altitudeMode": null, "tessellate": 1, "extrude": 0, "visibility": -1, "drawOrder": null, "icon": null, "class": 2 }, "geometry": { "type": "Polygon", "coordinates": [ [ [ 51.910965829815467, 32.581043640204278, 0.0 ], [ 51.903818384099608, 32.574370681304991, 0.0 ], [ 51.921059663385392, 32.572746552097932, 0.0 ], [ 51.926179439701997, 32.577598678024152, 0.0 ], [ 51.910965829815467, 32.581043640204278, 0.0 ] ] ] } },
{ "type": "Feature", "properties": { "Name": "Untitled Polygon", "description": null, "timestamp": null, "begin": null, "end": null, "altitudeMode": null, "tessellate": 1, "extrude": 0, "visibility": -1, "drawOrder": null, "icon": null, "class": 2 }, "geometry": { "type": "Polygon", "coordinates": [ [ [ 51.955270171771943, 32.557398288312868, 0.0 ], [ 51.948957067983223, 32.54161379113679, 0.0 ], [ 51.99150311903022, 32.567434286874189, 0.0 ], [ 51.96947710496201, 32.572156222409482, 0.0 ], [ 51.955270171771943, 32.557398288312868, 0.0 ] ] ] } },
{ "type": "Feature", "properties": { "Name": "70", "description": null, "timestamp": null, "begin": null, "end": null, "altitudeMode": null, "tessellate": 1, "extrude": 0, "visibility": -1, "drawOrder": null, "icon": null, "class": 2 }, "geometry": { "type": "Polygon", "coordinates": [ [ [ 51.986628934617649, 32.547415717479431, 0.0 ], [ 51.98411436928545, 32.557252484873622, 0.0 ], [ 51.972091333258589, 32.543461110197427, 0.0 ], [ 51.986628934617649, 32.547415717479431, 0.0 ] ] ] } },
{ "type": "Feature", "properties": { "Name": "Untitled Polygon", "description": null, "timestamp": null, "begin": null, "end": null, "altitudeMode": null, "tessellate": 1, "extrude": 0, "visibility": -1, "drawOrder": null, "icon": null, "class": 2 }, "geometry": { "type": "Polygon", "coordinates": [ [ [ 51.937582389518752, 32.578261922791953, 0.0 ], [ 51.932963647123231, 32.567329351664227, 0.0 ], [ 51.932947873107452, 32.566912165617239, 0.0 ], [ 51.955274408923401, 32.563443744209877, 0.0 ], [ 51.958969153910601, 32.575024582393887, 0.0 ], [ 51.937582389518752, 32.578261922791953, 0.0 ] ] ] } },
{ "type": "Feature", "properties": { "Name": "Untitled Polygon", "description": null, "timestamp": null, "begin": null, "end": null, "altitudeMode": null, "tessellate": 1, "extrude": 0, "visibility": -1, "drawOrder": null, "icon": null, "class": 2 }, "geometry": { "type": "Polygon", "coordinates": [ [ [ 51.847812311651118, 32.619213253740533, 0.0 ], [ 51.846986508912963, 32.610015715471476, 0.0 ], [ 51.850174269400959, 32.603544694182823, 0.0 ], [ 51.849018526416117, 32.598285988292012, 0.0 ], [ 51.849676242934137, 32.591042968261398, 0.0 ], [ 51.848684433197683, 32.584398077166988, 0.0 ], [ 51.853842044118252, 32.583875674491438, 0.0 ], [ 51.863962425126509, 32.588636882305487, 0.0 ], [ 51.873501219544607, 32.593954639793978, 0.0 ], [ 51.876080899966738, 32.596513693802457, 0.0 ], [ 51.881397298615362, 32.599513511405682, 0.0 ], [ 51.882296029397999, 32.601603241275683, 0.0 ], [ 51.882582657038519, 32.604245604434567, 0.0 ], [ 51.881787091856459, 32.60568738985193, 0.0 ], [ 51.879301879028539, 32.606654918117009, 0.0 ], [ 51.87785721608924, 32.607411048828702, 0.0 ], [ 51.87559925882595, 32.609079996540729, 0.0 ], [ 51.87419665671954, 32.611430656262968, 0.0 ], [ 51.87215495608784, 32.613449440156948, 0.0 ], [ 51.869711281595158, 32.616193147002903, 0.0 ], [ 51.865980354367522, 32.617915314857413, 0.0 ], [ 51.860764363707347, 32.618617940615792, 0.0 ], [ 51.857417514464217, 32.618726653194891, 0.0 ], [ 51.849478909271483, 32.618982106886357, 0.0 ], [ 51.847812311651118, 32.619213253740533, 0.0 ] ] ] } },
{ "type": "Feature", "properties": { "Name": "Untitled Polygon", "description": null, "timestamp": null, "begin": null, "end": null, "altitudeMode": null, "tessellate": 1, "extrude": 0, "visibility": -1, "drawOrder": null, "icon": null, "class": 2 }, "geometry": { "type": "Polygon", "coordinates": [ [ [ 51.853824170825341, 32.626958230004583, 0.0 ], [ 51.867557437532177, 32.630971260109668, 0.0 ], [ 51.855479964328637, 32.633351763141661, 0.0 ], [ 51.853824170825341, 32.626958230004583, 0.0 ] ] ] } },
{ "type": "Feature", "properties": { "Name": "Untitled Polygon", "description": null, "timestamp": null, "begin": null, "end": null, "altitudeMode": null, "tessellate": 1, "extrude": 0, "visibility": -1, "drawOrder": null, "icon": null, "class": 2 }, "geometry": { "type": "Polygon", "coordinates": [ [ [ 51.848573199629058, 32.547282174753732, 0.0 ], [ 51.849910969208551, 32.547528453923647, 0.0 ], [ 51.850050396168129, 32.548605669451348, 0.0 ], [ 51.84953957180354, 32.549502498704101, 0.0 ], [ 51.848399350128702, 32.548235931097622, 0.0 ], [ 51.846850131702922, 32.547601653135388, 0.0 ], [ 51.848573199629058, 32.547282174753732, 0.0 ] ] ] } },
{ "type": "Feature", "properties": { "Name": "Untitled Polygon", "description": null, "timestamp": null, "begin": null, "end": null, "altitudeMode": null, "tessellate": 1, "extrude": 0, "visibility": -1, "drawOrder": null, "icon": null, "class": 2 }, "geometry": { "type": "Polygon", "coordinates": [ [ [ 51.594064498356708, 32.632810163680972, 0.0 ], [ 51.602258692073548, 32.628147432661827, 0.0 ], [ 51.605125456628073, 32.63063176111821, 0.0 ], [ 51.594064498356708, 32.632810163680972, 0.0 ] ] ] } },
{ "type": "Feature", "properties": { "Name": "Untitled Polygon", "description": null, "timestamp": null, "begin": null, "end": null, "altitudeMode": null, "tessellate": 1, "extrude": 0, "visibility": -1, "drawOrder": null, "icon": null, "class": 2 }, "geometry": { "type": "Polygon", "coordinates": [ [ [ 51.390361255386857, 32.57885795335828, 0.0 ], [ 51.386632134621721, 32.573544952655631, 0.0 ], [ 51.399369739678768, 32.567054900075462, 0.0 ], [ 51.4045706910969, 32.571401842656172, 0.0 ], [ 51.390361255386857, 32.57885795335828, 0.0 ] ] ] } },
{ "type": "Feature", "properties": { "Name": "Untitled Polygon", "description": null, "timestamp": null, "begin": null, "end": null, "altitudeMode": null, "tessellate": 1, "extrude": 0, "visibility": -1, "drawOrder": null, "icon": null, "class": 2 }, "geometry": { "type": "Polygon", "coordinates": [ [ [ 51.382340765150722, 32.570966754909698, 0.0 ], [ 51.378053245444349, 32.568213791215769, 0.0 ], [ 51.386833326351891, 32.555252150893061, 0.0 ], [ 51.39586719525591, 32.562492497296311, 0.0 ], [ 51.382340765150722, 32.570966754909698, 0.0 ] ] ] } },
{ "type": "Feature", "properties": { "Name": "Untitled Polygon", "description": null, "timestamp": null, "begin": null, "end": null, "altitudeMode": null, "tessellate": 1, "extrude": 0, "visibility": -1, "drawOrder": null, "icon": null, "class": 2 }, "geometry": { "type": "Polygon", "coordinates": [ [ [ 51.411286003764097, 32.571370704323201, 0.0 ], [ 51.404340986740991, 32.563275261964108, 0.0 ], [ 51.41082110932161, 32.559850493448423, 0.0 ], [ 51.408788079105847, 32.553638703681017, 0.0 ], [ 51.422772768649537, 32.548228620272603, 0.0 ], [ 51.436199255197103, 32.546583992556798, 0.0 ], [ 51.440143676080879, 32.558088760613977, 0.0 ], [ 51.441371273927452, 32.563447457912609, 0.0 ], [ 51.411286003764097, 32.571370704323201, 0.0 ] ] ] } },
{ "type": "Feature", "properties": { "Name": "Untitled Polygon", "description": null, "timestamp": null, "begin": null, "end": null, "altitudeMode": null, "tessellate": 1, "extrude": 0, "visibility": -1, "drawOrder": null, "icon": null, "class": 2 }, "geometry": { "type": "Polygon", "coordinates": [ [ [ 51.397447881885917, 32.5441691196866, 0.0 ], [ 51.406103136393149, 32.535940042753957, 0.0 ], [ 51.418450916708089, 32.535222167637173, 0.0 ], [ 51.417332456209351, 32.540921002647821, 0.0 ], [ 51.395767982978661, 32.55634608642486, 0.0 ], [ 51.397447881885917, 32.5441691196866, 0.0 ] ] ] } },
{ "type": "Feature", "properties": { "Name": "80", "description": null, "timestamp": null, "begin": null, "end": null, "altitudeMode": null, "tessellate": 1, "extrude": 0, "visibility": -1, "drawOrder": null, "icon": null, "class": 2 }, "geometry": { "type": "Polygon", "coordinates": [ [ [ 51.343384662860352, 32.647985477766213, 0.0 ], [ 51.34410001508035, 32.647953715921673, 0.0 ], [ 51.34511789595512, 32.651578085720018, 0.0 ], [ 51.344317312396512, 32.65147752762325, 0.0 ], [ 51.343384662860352, 32.647985477766213, 0.0 ] ] ] } },
{ "type": "Feature", "properties": { "Name": "Untitled Polygon", "description": null, "timestamp": null, "begin": null, "end": null, "altitudeMode": null, "tessellate": 1, "extrude": 0, "visibility": -1, "drawOrder": null, "icon": null, "class": 2 }, "geometry": { "type": "Polygon", "coordinates": [ [ [ 51.398129842876948, 32.59607959134393, 0.0 ], [ 51.396928068800968, 32.590896115963567, 0.0 ], [ 51.402165998739427, 32.589583397849999, 0.0 ], [ 51.404950152025762, 32.594432884115839, 0.0 ], [ 51.398129842876948, 32.59607959134393, 0.0 ] ] ] } },
{ "type": "Feature", "properties": { "Name": "Untitled Polygon", "description": null, "timestamp": null, "begin": null, "end": null, "altitudeMode": null, "tessellate": 1, "extrude": 0, "visibility": -1, "drawOrder": null, "icon": null, "class": 2 }, "geometry": { "type": "Polygon", "coordinates": [ [ [ 51.405979727595543, 32.618264297347068, 0.0 ], [ 51.404771691829183, 32.61398815339178, 0.0 ], [ 51.41856225408489, 32.612654945080173, 0.0 ], [ 51.417715632798142, 32.616252096846907, 0.0 ], [ 51.405979727595543, 32.618264297347068, 0.0 ] ] ] } },
{ "type": "Feature", "properties": { "Name": "Untitled Polygon", "description": null, "timestamp": null, "begin": null, "end": null, "altitudeMode": null, "tessellate": 1, "extrude": 0, "visibility": -1, "drawOrder": null, "icon": null, "class": 2 }, "geometry": { "type": "Polygon", "coordinates": [ [ [ 51.402857874447392, 32.608182781537749, 0.0 ], [ 51.402287915987607, 32.599445891575968, 0.0 ], [ 51.415342200591823, 32.599253691562183, 0.0 ], [ 51.416620690860377, 32.606995631291497, 0.0 ], [ 51.402857874447392, 32.608182781537749, 0.0 ] ] ] } },
{ "type": "Feature", "properties": { "Name": "Untitled Polygon", "description": null, "timestamp": null, "begin": null, "end": null, "altitudeMode": null, "tessellate": 1, "extrude": 0, "visibility": -1, "drawOrder": null, "icon": null, "class": 2 }, "geometry": { "type": "Polygon", "coordinates": [ [ [ 51.397595968354189, 32.641896801156577, 0.0 ], [ 51.398568129103367, 32.640333892873237, 0.0 ], [ 51.398838135277593, 32.642380209870048, 0.0 ], [ 51.397595968354189, 32.641896801156577, 0.0 ] ] ] } },
{ "type": "Feature", "properties": { "Name": "Untitled Polygon", "description": null, "timestamp": null, "begin": null, "end": null, "altitudeMode": null, "tessellate": 1, "extrude": 0, "visibility": -1, "drawOrder": null, "icon": null, "class": 2 }, "geometry": { "type": "Polygon", "coordinates": [ [ [ 51.418037260214213, 32.637085369807139, 0.0 ], [ 51.417806287154932, 32.637132086156818, 0.0 ], [ 51.417739552830547, 32.636838129519077, 0.0 ], [ 51.418001837566578, 32.636838935159687, 0.0 ], [ 51.418037260214213, 32.637085369807139, 0.0 ] ] ] } },
{ "type": "Feature", "properties": { "Name": "Untitled Polygon", "description": null, "timestamp": null, "begin": null, "end": null, "altitudeMode": null, "tessellate": 1, "extrude": 0, "visibility": -1, "drawOrder": null, "icon": null, "class": 2 }, "geometry": { "type": "Polygon", "coordinates": [ [ [ 51.380295450354573, 32.619067845417923, 0.0 ], [ 51.381195328419643, 32.616707516836861, 0.0 ], [ 51.38187284458089, 32.621873050480403, 0.0 ], [ 51.380295450354573, 32.619067845417923, 0.0 ] ] ] } },
{ "type": "Feature", "properties": { "Name": "Untitled Polygon", "description": null, "timestamp": null, "begin": null, "end": null, "altitudeMode": null, "tessellate": 1, "extrude": 0, "visibility": -1, "drawOrder": null, "icon": null, "class": 2 }, "geometry": { "type": "Polygon", "coordinates": [ [ [ 51.499784029514601, 32.66191757056162, 0.0 ], [ 51.495786529615422, 32.649368251609758, 0.0 ], [ 51.50383045811467, 32.657994101815802, 0.0 ], [ 51.499784029514601, 32.66191757056162, 0.0 ] ] ] } },
{ "type": "Feature", "properties": { "Name": "Untitled Polygon", "description": null, "timestamp": null, "begin": null, "end": null, "altitudeMode": null, "tessellate": 1, "extrude": 0, "visibility": -1, "drawOrder": null, "icon": null, "class": 2 }, "geometry": { "type": "Polygon", "coordinates": [ [ [ 51.505717760363943, 32.647791965017333, 0.0 ], [ 51.511942149039093, 32.642315302741487, 0.0 ], [ 51.518759199821282, 32.650341732467837, 0.0 ], [ 51.505717760363943, 32.647791965017333, 0.0 ] ] ] } },
{ "type": "Feature", "properties": { "Name": "Untitled Polygon", "description": null, "timestamp": null, "begin": null, "end": null, "altitudeMode": null, "tessellate": 1, "extrude": 0, "visibility": -1, "drawOrder": null, "icon": null, "class": 2 }, "geometry": { "type": "Polygon", "coordinates": [ [ [ 51.517860895615122, 32.678244738818442, 0.0 ], [ 51.518727469810983, 32.67663917082357, 0.0 ], [ 51.518786608230648, 32.678874651963064, 0.0 ], [ 51.517860895615122, 32.678244738818442, 0.0 ] ] ] } },
{ "type": "Feature", "properties": { "Name": "Untitled Polygon", "description": null, "timestamp": null, "begin": null, "end": null, "altitudeMode": null, "tessellate": 1, "extrude": 0, "visibility": -1, "drawOrder": null, "icon": null, "class": 2 }, "geometry": { "type": "Polygon", "coordinates": [ [ [ 51.519119496276858, 32.658408030698617, 0.0 ], [ 51.521825407841007, 32.657067519970788, 0.0 ], [ 51.528659442920549, 32.652834604108463, 0.0 ], [ 51.535944030333553, 32.66204502949136, 0.0 ], [ 51.519119496276858, 32.658408030698617, 0.0 ] ] ] } },
{ "type": "Feature", "properties": { "Name": "Untitled Polygon", "description": null, "timestamp": null, "begin": null, "end": null, "altitudeMode": null, "tessellate": 1, "extrude": 0, "visibility": -1, "drawOrder": null, "icon": null, "class": 2 }, "geometry": { "type": "Polygon", "coordinates": [ [ [ 51.530635300006672, 32.65195140757249, 0.0 ], [ 51.540918297358971, 32.649024697493743, 0.0 ], [ 51.533013722681787, 32.654638669982823, 0.0 ], [ 51.530635300006672, 32.65195140757249, 0.0 ] ] ] } },
{ "type": "Feature", "properties": { "Name": "Untitled Polygon", "description": null, "timestamp": null, "begin": null, "end": null, "altitudeMode": null, "tessellate": 1, "extrude": 0, "visibility": -1, "drawOrder": null, "icon": null, "class": 2 }, "geometry": { "type": "Polygon", "coordinates": [ [ [ 51.506287608880697, 32.62501464224502, 0.0 ], [ 51.51873423497085, 32.618809714743989, 0.0 ], [ 51.519624288385778, 32.625581896570488, 0.0 ], [ 51.506287608880697, 32.62501464224502, 0.0 ] ] ] } },
{ "type": "Feature", "properties": { "Name": "Untitled Polygon", "description": null, "timestamp": null, "begin": null, "end": null, "altitudeMode": null, "tessellate": 1, "extrude": 0, "visibility": -1, "drawOrder": null, "icon": null, "class": 2 }, "geometry": { "type": "Polygon", "coordinates": [ [ [ 51.447065971378933, 32.622723083319137, 0.0 ], [ 51.464438541740073, 32.619294090003088, 0.0 ], [ 51.46519318220092, 32.624314231176541, 0.0 ], [ 51.447065971378933, 32.622723083319137, 0.0 ] ] ] } },
{ "type": "Feature", "properties": { "Name": "Untitled Polygon", "description": null, "timestamp": null, "begin": null, "end": null, "altitudeMode": null, "tessellate": 1, "extrude": 0, "visibility": -1, "drawOrder": null, "icon": null, "class": 2 }, "geometry": { "type": "Polygon", "coordinates": [ [ [ 51.474331161094163, 32.64439079206808, 0.0 ], [ 51.474359557470002, 32.642344412346667, 0.0 ], [ 51.477727211007561, 32.642017773690192, 0.0 ], [ 51.477748463885803, 32.644253492109733, 0.0 ], [ 51.474331161094163, 32.64439079206808, 0.0 ] ] ] } },
{ "type": "Feature", "properties": { "Name": "Untitled Polygon", "description": null, "timestamp": null, "begin": null, "end": null, "altitudeMode": null, "tessellate": 1, "extrude": 0, "visibility": -1, "drawOrder": null, "icon": null, "class": 2 }, "geometry": { "type": "Polygon", "coordinates": [ [ [ 51.444319593462382, 32.643196613420237, 0.0 ], [ 51.444254108482703, 32.642719017074192, 0.0 ], [ 51.446344581261869, 32.643314796239373, 0.0 ], [ 51.444319593462382, 32.643196613420237, 0.0 ] ] ] } },
{ "type": "Feature", "properties": { "Name": "Untitled Polygon", "description": null, "timestamp": null, "begin": null, "end": null, "altitudeMode": null, "tessellate": 1, "extrude": 0, "visibility": -1, "drawOrder": null, "icon": null, "class": 2 }, "geometry": { "type": "Polygon", "coordinates": [ [ [ 51.446306060260937, 32.660566354505278, 0.0 ], [ 51.446095804424367, 32.655488052551433, 0.0 ], [ 51.447754039756603, 32.655407309055612, 0.0 ], [ 51.448336685346881, 32.660859475768632, 0.0 ], [ 51.446306060260937, 32.660566354505278, 0.0 ] ] ] } },
{ "type": "Feature", "properties": { "Name": "Untitled Polygon", "description": null, "timestamp": null, "begin": null, "end": null, "altitudeMode": null, "tessellate": 1, "extrude": 0, "visibility": -1, "drawOrder": null, "icon": null, "class": 2 }, "geometry": { "type": "Polygon", "coordinates": [ [ [ 51.425441541736042, 32.59310568516549, 0.0 ], [ 51.420710913734553, 32.586971142759062, 0.0 ], [ 51.438572044256603, 32.583508238624972, 0.0 ], [ 51.443853117601229, 32.591774016798531, 0.0 ], [ 51.425441541736042, 32.59310568516549, 0.0 ] ] ] } },
{ "type": "Feature", "properties": { "Name": "Untitled Polygon", "description": null, "timestamp": null, "begin": null, "end": null, "altitudeMode": null, "tessellate": 1, "extrude": 0, "visibility": -1, "drawOrder": null, "icon": null, "class": 2 }, "geometry": { "type": "Polygon", "coordinates": [ [ [ 51.475440034108694, 32.586705255214362, 0.0 ], [ 51.475110298671993, 32.574425577144602, 0.0 ], [ 51.485706189530347, 32.58346106800181, 0.0 ], [ 51.475440034108694, 32.586705255214362, 0.0 ] ] ] } },
{ "type": "Feature", "properties": { "Name": "Untitled Polygon", "description": null, "timestamp": null, "begin": null, "end": null, "altitudeMode": null, "tessellate": 1, "extrude": 0, "visibility": -1, "drawOrder": null, "icon": null, "class": 2 }, "geometry": { "type": "Polygon", "coordinates": [ [ [ 51.47987537580714, 32.608767594384041, 0.0 ], [ 51.470748887490899, 32.601598261976967, 0.0 ], [ 51.485027758259008, 32.599391547643243, 0.0 ], [ 51.487020713203357, 32.611812990688968, 0.0 ], [ 51.47987537580714, 32.608767594384041, 0.0 ] ] ] } },
{ "type": "Feature", "properties": { "Name": "Untitled Polygon", "description": null, "timestamp": null, "begin": null, "end": null, "altitudeMode": null, "tessellate": 1, "extrude": 0, "visibility": -1, "drawOrder": null, "icon": null, "class": 2 }, "geometry": { "type": "Polygon", "coordinates": [ [ [ 51.53742646961404, 32.612393130627943, 0.0 ], [ 51.536275582464043, 32.606051452679921, 0.0 ], [ 51.543658005335359, 32.611007035515968, 0.0 ], [ 51.53742646961404, 32.612393130627943, 0.0 ] ] ] } },
{ "type": "Feature", "properties": { "Name": "Untitled Polygon", "description": null, "timestamp": null, "begin": null, "end": null, "altitudeMode": null, "tessellate": 1, "extrude": 0, "visibility": -1, "drawOrder": null, "icon": null, "class": 2 }, "geometry": { "type": "Polygon", "coordinates": [ [ [ 51.545691095059247, 32.565421872411683, 0.0 ], [ 51.531879540626967, 32.560480779506982, 0.0 ], [ 51.547714796909681, 32.55162371242907, 0.0 ], [ 51.555901114540703, 32.569219532736113, 0.0 ], [ 51.545691095059247, 32.565421872411683, 0.0 ] ] ] } },
{ "type": "Feature", "properties": { "Name": "Untitled Polygon", "description": null, "timestamp": null, "begin": null, "end": null, "altitudeMode": null, "tessellate": 1, "extrude": 0, "visibility": -1, "drawOrder": null, "icon": null, "class": 2 }, "geometry": { "type": "Polygon", "coordinates": [ [ [ 51.462702578293808, 32.564323750001037, 0.0 ], [ 51.462560592366017, 32.556096734542109, 0.0 ], [ 51.475520828994632, 32.559815581576643, 0.0 ], [ 51.462702578293808, 32.564323750001037, 0.0 ] ] ] } },
{ "type": "Feature", "properties": { "Name": "Untitled Polygon", "description": null, "timestamp": null, "begin": null, "end": null, "altitudeMode": null, "tessellate": 1, "extrude": 0, "visibility": -1, "drawOrder": null, "icon": null, "class": 2 }, "geometry": { "type": "Polygon", "coordinates": [ [ [ 51.448523883412527, 32.563373498408779, 0.0 ], [ 51.448218100746317, 32.553792696114513, 0.0 ], [ 51.45869271033785, 32.565816752463697, 0.0 ], [ 51.448523883412527, 32.563373498408779, 0.0 ] ] ] } },
{ "type": "Feature", "properties": { "Name": "Untitled Polygon", "description": null, "timestamp": null, "begin": null, "end": null, "altitudeMode": null, "tessellate": 1, "extrude": 0, "visibility": -1, "drawOrder": null, "icon": null, "class": 2 }, "geometry": { "type": "Polygon", "coordinates": [ [ [ 51.545905669142293, 32.627203512567817, 0.0 ], [ 51.546426013866252, 32.625190862817469, 0.0 ], [ 51.547508261117557, 32.626608915587092, 0.0 ], [ 51.545905669142293, 32.627203512567817, 0.0 ] ] ] } },
{ "type": "Feature", "properties": { "Name": "Untitled Polygon", "description": null, "timestamp": null, "begin": null, "end": null, "altitudeMode": null, "tessellate": 1, "extrude": 0, "visibility": -1, "drawOrder": null, "icon": null, "class": 2 }, "geometry": { "type": "Polygon", "coordinates": [ [ [ 51.561896696833081, 32.625703261878073, 0.0 ], [ 51.564463829423858, 32.622817465474483, 0.0 ], [ 51.56404772400122, 32.625727184491559, 0.0 ], [ 51.561896696833081, 32.625703261878073, 0.0 ] ] ] } },
{ "type": "Feature", "properties": { "Name": "Untitled Polygon", "description": null, "timestamp": null, "begin": null, "end": null, "altitudeMode": null, "tessellate": 1, "extrude": 0, "visibility": -1, "drawOrder": null, "icon": null, "class": 2 }, "geometry": { "type": "Polygon", "coordinates": [ [ [ 51.427842234913548, 32.532569894841266, 0.0 ], [ 51.413505658118673, 32.514026180511927, 0.0 ], [ 51.434896850888677, 32.504963201811243, 0.0 ], [ 51.427842234913548, 32.532569894841266, 0.0 ] ] ] } },
{ "type": "Feature", "properties": { "Name": "Untitled Polygon", "description": null, "timestamp": null, "begin": null, "end": null, "altitudeMode": null, "tessellate": 1, "extrude": 0, "visibility": -1, "drawOrder": null, "icon": null, "class": 2 }, "geometry": { "type": "Polygon", "coordinates": [ [ [ 51.418434114287919, 32.584264861303993, 0.0 ], [ 51.413931539102023, 32.576410512417382, 0.0 ], [ 51.435838076329112, 32.572071023640582, 0.0 ], [ 51.434205337794971, 32.580480142083843, 0.0 ], [ 51.418434114287919, 32.584264861303993, 0.0 ] ] ] } },
{ "type": "Feature", "properties": { "Name": "Untitled Polygon", "description": null, "timestamp": null, "begin": null, "end": null, "altitudeMode": null, "tessellate": 1, "extrude": 0, "visibility": -1, "drawOrder": null, "icon": null, "class": 2 }, "geometry": { "type": "Polygon", "coordinates": [ [ [ 51.597994492115546, 32.76764271123016, 0.0 ], [ 51.598136835829933, 32.768414320102522, 0.0 ], [ 51.597342261707567, 32.767995276826731, 0.0 ], [ 51.597994492115546, 32.76764271123016, 0.0 ] ] ] } },
{ "type": "Feature", "properties": { "Name": "Untitled Polygon", "description": null, "timestamp": null, "begin": null, "end": null, "altitudeMode": null, "tessellate": 1, "extrude": 0, "visibility": -1, "drawOrder": null, "icon": null, "class": 2 }, "geometry": { "type": "Polygon", "coordinates": [ [ [ 51.675407458053442, 32.794136888223292, 0.0 ], [ 51.673455409537773, 32.789706916351079, 0.0 ], [ 51.673916334589762, 32.788050974536858, 0.0 ], [ 51.6789623195396, 32.788152519478302, 0.0 ], [ 51.675407458053442, 32.794136888223292, 0.0 ] ] ] } },
{ "type": "Feature", "properties": { "Name": "Untitled Polygon", "description": null, "timestamp": null, "begin": null, "end": null, "altitudeMode": null, "tessellate": 1, "extrude": 0, "visibility": -1, "drawOrder": null, "icon": null, "class": 2 }, "geometry": { "type": "Polygon", "coordinates": [ [ [ 51.777968922797513, 32.818617719603587, 0.0 ], [ 51.77508497659246, 32.813934980201928, 0.0 ], [ 51.779045972001711, 32.814952126827393, 0.0 ], [ 51.777968922797513, 32.818617719603587, 0.0 ] ] ] } },
{ "type": "Feature", "properties": { "Name": "Untitled Polygon", "description": null, "timestamp": null, "begin": null, "end": null, "altitudeMode": null, "tessellate": 1, "extrude": 0, "visibility": -1, "drawOrder": null, "icon": null, "class": 2 }, "geometry": { "type": "Polygon", "coordinates": [ [ [ 51.769248047057872, 32.799592976747761, 0.0 ], [ 51.769226472662147, 32.796803944220493, 0.0 ], [ 51.77181203474813, 32.799108709837483, 0.0 ], [ 51.769248047057872, 32.799592976747761, 0.0 ] ] ] } },
{ "type": "Feature", "properties": { "Name": "Untitled Polygon", "description": null, "timestamp": null, "begin": null, "end": null, "altitudeMode": null, "tessellate": 1, "extrude": 0, "visibility": -1, "drawOrder": null, "icon": null, "class": 2 }, "geometry": { "type": "Polygon", "coordinates": [ [ [ 51.56566602932989, 32.827822214569871, 0.0 ], [ 51.56717655912076, 32.824275010164712, 0.0 ], [ 51.568859807576523, 32.825027306137187, 0.0 ], [ 51.56566602932989, 32.827822214569871, 0.0 ] ] ] } },
{ "type": "Feature", "properties": { "Name": "Untitled Polygon", "description": null, "timestamp": null, "begin": null, "end": null, "altitudeMode": null, "tessellate": 1, "extrude": 0, "visibility": -1, "drawOrder": null, "icon": null, "class": 2 }, "geometry": { "type": "Polygon", "coordinates": [ [ [ 51.646797810192922, 32.7352317042048, 0.0 ], [ 51.646759510949288, 32.733410936583297, 0.0 ], [ 51.649105923622869, 32.733778762158131, 0.0 ], [ 51.646797810192922, 32.7352317042048, 0.0 ] ] ] } },
{ "type": "Feature", "properties": { "Name": "Untitled Polygon", "description": null, "timestamp": null, "begin": null, "end": null, "altitudeMode": null, "tessellate": 1, "extrude": 0, "visibility": -1, "drawOrder": null, "icon": null, "class": 2 }, "geometry": { "type": "Polygon", "coordinates": [ [ [ 51.633645967894061, 32.73015102525121, 0.0 ], [ 51.633876429822983, 32.728220647057903, 0.0 ], [ 51.635388625349243, 32.728351985183423, 0.0 ], [ 51.634945524801452, 32.729921990039458, 0.0 ], [ 51.633645967894061, 32.73015102525121, 0.0 ] ] ] } },
{ "type": "Feature", "properties": { "Name": "Untitled Polygon", "description": null, "timestamp": null, "begin": null, "end": null, "altitudeMode": null, "tessellate": 1, "extrude": 0, "visibility": -1, "drawOrder": null, "icon": null, "class": 2 }, "geometry": { "type": "Polygon", "coordinates": [ [ [ 51.625972076632841, 32.725988318528358, 0.0 ], [ 51.627284735453998, 32.723969430213181, 0.0 ], [ 51.630508727189692, 32.724941276013411, 0.0 ], [ 51.630306088780529, 32.726193629456937, 0.0 ], [ 51.625972076632841, 32.725988318528358, 0.0 ] ] ] } },
{ "type": "Feature", "properties": { "Name": "Untitled Polygon", "description": null, "timestamp": null, "begin": null, "end": null, "altitudeMode": null, "tessellate": 1, "extrude": 0, "visibility": -1, "drawOrder": null, "icon": null, "class": 2 }, "geometry": { "type": "Polygon", "coordinates": [ [ [ 51.616567192220238, 32.73167031061611, 0.0 ], [ 51.617231518211867, 32.730844804877243, 0.0 ], [ 51.617262425965443, 32.731813162899627, 0.0 ], [ 51.616567192220238, 32.73167031061611, 0.0 ] ] ] } },
{ "type": "Feature", "properties": { "Name": "Untitled Polygon", "description": null, "timestamp": null, "begin": null, "end": null, "altitudeMode": null, "tessellate": 1, "extrude": 0, "visibility": -1, "drawOrder": null, "icon": null, "class": 2 }, "geometry": { "type": "Polygon", "coordinates": [ [ [ 51.619306907178668, 32.73037633595488, 0.0 ], [ 51.619423711813333, 32.726967751300307, 0.0 ], [ 51.620667619525889, 32.727061811265131, 0.0 ], [ 51.621153319088883, 32.730264334331018, 0.0 ], [ 51.621149934162787, 32.730278078183183, 0.0 ], [ 51.619306907178668, 32.73037633595488, 0.0 ] ] ] } },
{ "type": "Feature", "properties": { "Name": "Untitled Polygon", "description": null, "timestamp": null, "begin": null, "end": null, "altitudeMode": null, "tessellate": 1, "extrude": 0, "visibility": -1, "drawOrder": null, "icon": null, "class": 2 }, "geometry": { "type": "Polygon", "coordinates": [ [ [ 51.61634322882022, 32.737653326576307, 0.0 ], [ 51.620301376136972, 32.733908969184817, 0.0 ], [ 51.620423023823747, 32.738117205472442, 0.0 ], [ 51.61634322882022, 32.737653326576307, 0.0 ] ] ] } },
{ "type": "Feature", "properties": { "Name": "Untitled Polygon", "description": null, "timestamp": null, "begin": null, "end": null, "altitudeMode": null, "tessellate": 1, "extrude": 0, "visibility": -1, "drawOrder": null, "icon": null, "class": 2 }, "geometry": { "type": "Polygon", "coordinates": [ [ [ 51.60260535686993, 32.735594483984777, 0.0 ], [ 51.604892747805941, 32.735349698065157, 0.0 ], [ 51.604971016777633, 32.736623427293587, 0.0 ], [ 51.60260535686993, 32.735594483984777, 0.0 ] ] ] } },
{ "type": "Feature", "properties": { "Name": "Untitled Polygon", "description": null, "timestamp": null, "begin": null, "end": null, "altitudeMode": null, "tessellate": 1, "extrude": 0, "visibility": -1, "drawOrder": null, "icon": null, "class": 2 }, "geometry": { "type": "Polygon", "coordinates": [ [ [ 51.597736617135759, 32.733136753152763, 0.0 ], [ 51.601113064857337, 32.730713714201393, 0.0 ], [ 51.599787959415337, 32.73648613075526, 0.0 ], [ 51.597736617135759, 32.733136753152763, 0.0 ] ] ] } },
{ "type": "Feature", "properties": { "Name": "Untitled Polygon", "description": null, "timestamp": null, "begin": null, "end": null, "altitudeMode": null, "tessellate": 1, "extrude": 0, "visibility": -1, "drawOrder": null, "icon": null, "class": 2 }, "geometry": { "type": "Polygon", "coordinates": [ [ [ 51.598189860472672, 32.727274970330967, 0.0 ], [ 51.599573987578303, 32.72465645621218, 0.0 ], [ 51.60024701276258, 32.726460127210487, 0.0 ], [ 51.598189860472672, 32.727274970330967, 0.0 ] ] ] } },
{ "type": "Feature", "properties": { "Name": "Untitled Polygon", "description": null, "timestamp": null, "begin": null, "end": null, "altitudeMode": null, "tessellate": 1, "extrude": 0, "visibility": -1, "drawOrder": null, "icon": null, "class": 2 }, "geometry": { "type": "Polygon", "coordinates": [ [ [ 51.618674682112129, 32.726196883786763, 0.0 ], [ 51.619149924534483, 32.72420315499263, 0.0 ], [ 51.61986943308824, 32.724542471690739, 0.0 ], [ 51.620453231748499, 32.726072054971681, 0.0 ], [ 51.618674682112129, 32.726196883786763, 0.0 ] ] ] } },
{ "type": "Feature", "properties": { "Name": "Untitled Polygon", "description": null, "timestamp": null, "begin": null, "end": null, "altitudeMode": null, "tessellate": 1, "extrude": 0, "visibility": -1, "drawOrder": null, "icon": null, "class": 2 }, "geometry": { "type": "Polygon", "coordinates": [ [ [ 51.62671907465932, 32.738642600496583, 0.0 ], [ 51.62732320408189, 32.736925444334801, 0.0 ], [ 51.627329743437663, 32.736899496430588, 0.0 ], [ 51.62879395321243, 32.738482338636359, 0.0 ], [ 51.62671907465932, 32.738642600496583, 0.0 ] ] ] } },
{ "type": "Feature", "properties": { "Name": "Untitled Polygon", "description": null, "timestamp": null, "begin": null, "end": null, "altitudeMode": null, "tessellate": 1, "extrude": 0, "visibility": -1, "drawOrder": null, "icon": null, "class": 2 }, "geometry": { "type": "Polygon", "coordinates": [ [ [ 51.627043522132332, 32.732901066958163, 0.0 ], [ 51.628337026428703, 32.731901199006543, 0.0 ], [ 51.629893805171761, 32.733421258934378, 0.0 ], [ 51.627043522132332, 32.732901066958163, 0.0 ] ] ] } },
{ "type": "Feature", "properties": { "Name": "Untitled Polygon", "description": null, "timestamp": null, "begin": null, "end": null, "altitudeMode": null, "tessellate": 1, "extrude": 0, "visibility": -1, "drawOrder": null, "icon": null, "class": 2 }, "geometry": { "type": "Polygon", "coordinates": [ [ [ 51.621994534099862, 32.754220584378217, 0.0 ], [ 51.625781438071627, 32.754979304412089, 0.0 ], [ 51.624274399893437, 32.756663525078487, 0.0 ], [ 51.621994534099862, 32.754220584378217, 0.0 ] ] ] } },
{ "type": "Feature", "properties": { "Name": "Untitled Polygon", "description": null, "timestamp": null, "begin": null, "end": null, "altitudeMode": null, "tessellate": 1, "extrude": 0, "visibility": -1, "drawOrder": null, "icon": null, "class": 2 }, "geometry": { "type": "Polygon", "coordinates": [ [ [ 51.620536079207149, 32.740960050870001, 0.0 ], [ 51.621234203467893, 32.739996556550167, 0.0 ], [ 51.621246157544768, 32.739982615522493, 0.0 ], [ 51.621586756204117, 32.740972196624689, 0.0 ], [ 51.620536079207149, 32.740960050870001, 0.0 ] ] ] } },
{ "type": "Feature", "properties": { "Name": "Untitled Polygon", "description": null, "timestamp": null, "begin": null, "end": null, "altitudeMode": null, "tessellate": 1, "extrude": 0, "visibility": -1, "drawOrder": null, "icon": null, "class": 2 }, "geometry": { "type": "Polygon", "coordinates": [ [ [ 51.625467236953021, 32.757412586855743, 0.0 ], [ 51.62761729749073, 32.755379841782769, 0.0 ], [ 51.633175373757688, 32.757856220376958, 0.0 ], [ 51.625467236953021, 32.757412586855743, 0.0 ] ] ] } },
{ "type": "Feature", "properties": { "Name": "Untitled Polygon", "description": null, "timestamp": null, "begin": null, "end": null, "altitudeMode": null, "tessellate": 1, "extrude": 0, "visibility": -1, "drawOrder": null, "icon": null, "class": 2 }, "geometry": { "type": "Polygon", "coordinates": [ [ [ 51.628542075142711, 32.753384958103553, 0.0 ], [ 51.628746355697579, 32.753341286331022, 0.0 ], [ 51.628811126414888, 32.753321919684559, 0.0 ], [ 51.635216263844526, 32.751456004831937, 0.0 ], [ 51.63529489715296, 32.751443242646971, 0.0 ], [ 51.635375352865871, 32.751418929430884, 0.0 ], [ 51.634833569850983, 32.753730374057319, 0.0 ], [ 51.628542075142711, 32.753384958103553, 0.0 ] ] ] } },
{ "type": "Feature", "properties": { "Name": "Untitled Polygon", "description": null, "timestamp": null, "begin": null, "end": null, "altitudeMode": null, "tessellate": 1, "extrude": 0, "visibility": -1, "drawOrder": null, "icon": null, "class": 2 }, "geometry": { "type": "Polygon", "coordinates": [ [ [ 51.615640449891728, 32.758831871614547, 0.0 ], [ 51.61569403804242, 32.758839373294343, 0.0 ], [ 51.621565206935941, 32.755830615561187, 0.0 ], [ 51.627500509717279, 32.761840997013849, 0.0 ], [ 51.621912268232407, 32.76412261767009, 0.0 ], [ 51.615640449891728, 32.758831871614547, 0.0 ] ] ] } },
{ "type": "Feature", "properties": { "Name": "Untitled Polygon", "description": null, "timestamp": null, "begin": null, "end": null, "altitudeMode": null, "tessellate": 1, "extrude": 0, "visibility": -1, "drawOrder": null, "icon": null, "class": 2 }, "geometry": { "type": "Polygon", "coordinates": [ [ [ 51.667090995296668, 32.762859726103798, 0.0 ], [ 51.668840390608239, 32.759853225162971, 0.0 ], [ 51.668947091327261, 32.759816604540518, 0.0 ], [ 51.669184850937398, 32.759747097051381, 0.0 ], [ 51.669213012129681, 32.759725338302971, 0.0 ], [ 51.671131124178892, 32.761658347760672, 0.0 ], [ 51.667090995296668, 32.762859726103798, 0.0 ] ] ] } },
{ "type": "Feature", "properties": { "Name": "Untitled Polygon", "description": null, "timestamp": null, "begin": null, "end": null, "altitudeMode": null, "tessellate": 1, "extrude": 0, "visibility": -1, "drawOrder": null, "icon": null, "class": 2 }, "geometry": { "type": "Polygon", "coordinates": [ [ [ 51.655595310319903, 32.761821247763649, 0.0 ], [ 51.660641012240873, 32.757906336075322, 0.0 ], [ 51.660704244153919, 32.757864965270556, 0.0 ], [ 51.663121236491712, 32.758712630639032, 0.0 ], [ 51.655595310319903, 32.761821247763649, 0.0 ] ] ] } },
{ "type": "Feature", "properties": { "Name": "Untitled Polygon", "description": null, "timestamp": null, "begin": null, "end": null, "altitudeMode": null, "tessellate": 1, "extrude": 0, "visibility": -1, "drawOrder": null, "icon": null, "class": 2 }, "geometry": { "type": "Polygon", "coordinates": [ [ [ 51.648915646054249, 32.748950891920288, 0.0 ], [ 51.650917944042838, 32.74716143469508, 0.0 ], [ 51.651067911800673, 32.747050177934312, 0.0 ], [ 51.651111598798011, 32.748193645709492, 0.0 ], [ 51.648915646054249, 32.748950891920288, 0.0 ] ] ] } },
{ "type": "Feature", "properties": { "Name": "Untitled Polygon", "description": null, "timestamp": null, "begin": null, "end": null, "altitudeMode": null, "tessellate": 1, "extrude": 0, "visibility": -1, "drawOrder": null, "icon": null, "class": 2 }, "geometry": { "type": "Polygon", "coordinates": [ [ [ 51.671158941656252, 32.738456382828133, 0.0 ], [ 51.67255077405359, 32.733650457971073, 0.0 ], [ 51.674585975915967, 32.733569864106123, 0.0 ], [ 51.67418370918422, 32.737150086044807, 0.0 ], [ 51.671158941656252, 32.738456382828133, 0.0 ] ] ] } },
{ "type": "Feature", "properties": { "Name": "Untitled Polygon", "description": null, "timestamp": null, "begin": null, "end": null, "altitudeMode": null, "tessellate": 1, "extrude": 0, "visibility": -1, "drawOrder": null, "icon": null, "class": 2 }, "geometry": { "type": "Polygon", "coordinates": [ [ [ 51.699397336779541, 32.75774624213453, 0.0 ], [ 51.699212050365652, 32.756668848343971, 0.0 ], [ 51.699760388616873, 32.75733613322673, 0.0 ], [ 51.699397336779541, 32.75774624213453, 0.0 ] ] ] } },
{ "type": "Feature", "properties": { "Name": "Untitled Polygon", "description": null, "timestamp": null, "begin": null, "end": null, "altitudeMode": null, "tessellate": 1, "extrude": 0, "visibility": -1, "drawOrder": null, "icon": null, "class": 2 }, "geometry": { "type": "Polygon", "coordinates": [ [ [ 51.695811178090167, 32.757994702739609, 0.0 ], [ 51.697164871464352, 32.7577602307842, 0.0 ], [ 51.697173380160869, 32.758470927346671, 0.0 ], [ 51.695464104105803, 32.75881203945147, 0.0 ], [ 51.695811178090167, 32.757994702739609, 0.0 ] ] ] } },
{ "type": "Feature", "properties": { "Name": "Untitled Polygon", "description": null, "timestamp": null, "begin": null, "end": null, "altitudeMode": null, "tessellate": 1, "extrude": 0, "visibility": -1, "drawOrder": null, "icon": null, "class": 2 }, "geometry": { "type": "Polygon", "coordinates": [ [ [ 51.657813583925872, 32.765890269283219, 0.0 ], [ 51.658419382182927, 32.76601167837012, 0.0 ], [ 51.658761980860881, 32.766231768095309, 0.0 ], [ 51.658138902472487, 32.766424153648643, 0.0 ], [ 51.657813583925872, 32.765890269283219, 0.0 ] ] ] } },
{ "type": "Feature", "properties": { "Name": "Untitled Polygon", "description": null, "timestamp": null, "begin": null, "end": null, "altitudeMode": null, "tessellate": 1, "extrude": 0, "visibility": -1, "drawOrder": null, "icon": null, "class": 2 }, "geometry": { "type": "Polygon", "coordinates": [ [ [ 51.659955282510857, 32.765703311992887, 0.0 ], [ 51.660379507848489, 32.765566909945022, 0.0 ], [ 51.660639842442947, 32.765732572972688, 0.0 ], [ 51.659745120910671, 32.766029549522649, 0.0 ], [ 51.659955282510857, 32.765703311992887, 0.0 ] ] ] } },
{ "type": "Feature", "properties": { "Name": "Untitled Polygon", "description": null, "timestamp": null, "begin": null, "end": null, "altitudeMode": null, "tessellate": 1, "extrude": 0, "visibility": -1, "drawOrder": null, "icon": null, "class": 2 }, "geometry": { "type": "Polygon", "coordinates": [ [ [ 51.654285478568312, 32.767204006377661, 0.0 ], [ 51.654856891572067, 32.767283070964197, 0.0 ], [ 51.654583889869379, 32.767786516095633, 0.0 ], [ 51.653964371012748, 32.767699922465688, 0.0 ], [ 51.654285478568312, 32.767204006377661, 0.0 ] ] ] } },
{ "type": "Feature", "properties": { "Name": "Untitled Polygon", "description": null, "timestamp": null, "begin": null, "end": null, "altitudeMode": null, "tessellate": 1, "extrude": 0, "visibility": -1, "drawOrder": null, "icon": null, "class": 2 }, "geometry": { "type": "Polygon", "coordinates": [ [ [ 51.656062824197903, 32.767754087439293, 0.0 ], [ 51.656332596499922, 32.768058147690823, 0.0 ], [ 51.655958577085642, 32.768513292734227, 0.0 ], [ 51.655501240390848, 32.767780788253077, 0.0 ], [ 51.656062824197903, 32.767754087439293, 0.0 ] ] ] } },
{ "type": "Feature", "properties": { "Name": "Untitled Polygon", "description": null, "timestamp": null, "begin": null, "end": null, "altitudeMode": null, "tessellate": 1, "extrude": 0, "visibility": -1, "drawOrder": null, "icon": null, "class": 2 }, "geometry": { "type": "Polygon", "coordinates": [ [ [ 51.657299118840641, 32.761738805945157, 0.0 ], [ 51.658575995947807, 32.761232375154243, 0.0 ], [ 51.658758553267887, 32.761491496243352, 0.0 ], [ 51.656679572222792, 32.762216919529642, 0.0 ], [ 51.657299118840641, 32.761738805945157, 0.0 ] ] ] } },
{ "type": "Feature", "properties": { "Name": "Untitled Polygon", "description": null, "timestamp": null, "begin": null, "end": null, "altitudeMode": null, "tessellate": 1, "extrude": 0, "visibility": -1, "drawOrder": null, "icon": null, "class": 2 }, "geometry": { "type": "Polygon", "coordinates": [ [ [ 51.650987810095558, 32.75256743761372, 0.0 ], [ 51.651532564129923, 32.752479401507138, 0.0 ], [ 51.651966002543617, 32.753082413532951, 0.0 ], [ 51.651311616373349, 32.753146250042391, 0.0 ], [ 51.650987810095558, 32.75256743761372, 0.0 ] ] ] } },
{ "type": "Feature", "properties": { "Name": "Untitled Polygon", "description": null, "timestamp": null, "begin": null, "end": null, "altitudeMode": null, "tessellate": 1, "extrude": 0, "visibility": -1, "drawOrder": null, "icon": null, "class": 2 }, "geometry": { "type": "Polygon", "coordinates": [ [ [ 51.632410872791247, 32.76118749433428, 0.0 ], [ 51.632233889916478, 32.760808155070563, 0.0 ], [ 51.633761448895903, 32.760390844797868, 0.0 ], [ 51.634565532689663, 32.760890422824517, 0.0 ], [ 51.632410872791247, 32.76118749433428, 0.0 ] ] ] } },
{ "type": "Feature", "properties": { "Name": "Untitled Polygon", "description": null, "timestamp": null, "begin": null, "end": null, "altitudeMode": null, "tessellate": 1, "extrude": 0, "visibility": -1, "drawOrder": null, "icon": null, "class": 2 }, "geometry": { "type": "Polygon", "coordinates": [ [ [ 51.600868861500018, 32.770609443050532, 0.0 ], [ 51.601259195833407, 32.769324689912743, 0.0 ], [ 51.605635097983793, 32.769699554146648, 0.0 ], [ 51.600868861500018, 32.770609443050532, 0.0 ] ] ] } },
{ "type": "Feature", "properties": { "Name": "Untitled Polygon", "description": null, "timestamp": null, "begin": null, "end": null, "altitudeMode": null, "tessellate": 1, "extrude": 0, "visibility": -1, "drawOrder": null, "icon": null, "class": 2 }, "geometry": { "type": "Polygon", "coordinates": [ [ [ 51.589906238215427, 32.795936965343067, 0.0 ], [ 51.587941741847672, 32.793833218280973, 0.0 ], [ 51.591879643548417, 32.792025738044977, 0.0 ], [ 51.592892200807547, 32.793653918679688, 0.0 ], [ 51.589906238215427, 32.795936965343067, 0.0 ] ] ] } },
{ "type": "Feature", "properties": { "Name": "Untitled Polygon", "description": null, "timestamp": null, "begin": null, "end": null, "altitudeMode": null, "tessellate": 1, "extrude": 0, "visibility": -1, "drawOrder": null, "icon": null, "class": 2 }, "geometry": { "type": "Polygon", "coordinates": [ [ [ 51.51248799706002, 32.675435510508251, 0.0 ], [ 51.515428441085547, 32.67361366077202, 0.0 ], [ 51.515901191420006, 32.674890731768031, 0.0 ], [ 51.51248799706002, 32.675435510508251, 0.0 ] ] ] } },
{ "type": "Feature", "properties": { "Name": "Untitled Polygon", "description": null, "timestamp": null, "begin": null, "end": null, "altitudeMode": null, "tessellate": 1, "extrude": 0, "visibility": -1, "drawOrder": null, "icon": null, "class": 2 }, "geometry": { "type": "Polygon", "coordinates": [ [ [ 51.45766422124867, 32.652272764929187, 0.0 ], [ 51.457666769846732, 32.649790308666773, 0.0 ], [ 51.458495983281949, 32.649531619339228, 0.0 ], [ 51.458690284039967, 32.651913715938022, 0.0 ], [ 51.45766422124867, 32.652272764929187, 0.0 ] ] ] } },
{ "type": "Feature", "properties": { "Name": "Untitled Polygon", "description": null, "timestamp": null, "begin": null, "end": null, "altitudeMode": null, "tessellate": 1, "extrude": 0, "visibility": -1, "drawOrder": null, "icon": null, "class": 2 }, "geometry": { "type": "Polygon", "coordinates": [ [ [ 51.340812475164263, 32.646622949908277, 0.0 ], [ 51.342020722627574, 32.646306435670013, 0.0 ], [ 51.342809423813598, 32.648939805299968, 0.0 ], [ 51.341257779319683, 32.649014222752967, 0.0 ], [ 51.340812475164263, 32.646622949908277, 0.0 ] ] ] } },
{ "type": "Feature", "properties": { "Name": "Untitled Polygon", "description": null, "timestamp": null, "begin": null, "end": null, "altitudeMode": null, "tessellate": 1, "extrude": 0, "visibility": -1, "drawOrder": null, "icon": null, "class": 2 }, "geometry": { "type": "Polygon", "coordinates": [ [ [ 51.355998021588839, 32.653250167001019, 0.0 ], [ 51.35884927407777, 32.652853981080987, 0.0 ], [ 51.358909064313693, 32.655930459184667, 0.0 ], [ 51.356522818341453, 32.655683612099672, 0.0 ], [ 51.355998021588839, 32.653250167001019, 0.0 ] ] ] } },
{ "type": "Feature", "properties": { "Name": "Untitled Polygon", "description": null, "timestamp": null, "begin": null, "end": null, "altitudeMode": null, "tessellate": 1, "extrude": 0, "visibility": -1, "drawOrder": null, "icon": null, "class": 2 }, "geometry": { "type": "Polygon", "coordinates": [ [ [ 51.473172091806383, 32.663683487008527, 0.0 ], [ 51.473572794292068, 32.66476966732111, 0.0 ], [ 51.47276436548772, 32.664586162473931, 0.0 ], [ 51.473172091806383, 32.663683487008527, 0.0 ] ] ] } },
{ "type": "Feature", "properties": { "Name": "Untitled Polygon", "description": null, "timestamp": null, "begin": null, "end": null, "altitudeMode": null, "tessellate": 1, "extrude": 0, "visibility": -1, "drawOrder": null, "icon": null, "class": 2 }, "geometry": { "type": "Polygon", "coordinates": [ [ [ 51.503742432118017, 32.659071462604047, 0.0 ], [ 51.505121576269921, 32.660082620545481, 0.0 ], [ 51.507632914340817, 32.662264434402367, 0.0 ], [ 51.50447728503957, 32.666757113910812, 0.0 ], [ 51.499341152058733, 32.665467538570418, 0.0 ], [ 51.503742432118017, 32.659071462604047, 0.0 ] ] ] } },
{ "type": "Feature", "properties": { "Name": "Untitled Polygon", "description": null, "timestamp": null, "begin": null, "end": null, "altitudeMode": null, "tessellate": 1, "extrude": 0, "visibility": -1, "drawOrder": null, "icon": null, "class": 2 }, "geometry": { "type": "Polygon", "coordinates": [ [ [ 51.504111364112767, 32.658980308828703, 0.0 ], [ 51.504161974388147, 32.658930604728972, 0.0 ], [ 51.505886898327468, 32.657443995524261, 0.0 ], [ 51.509600760509372, 32.657884982436357, 0.0 ], [ 51.509718131571077, 32.657914242721382, 0.0 ], [ 51.508656999435722, 32.66169948407363, 0.0 ], [ 51.508648671696768, 32.661729875488881, 0.0 ], [ 51.504111364112767, 32.658980308828703, 0.0 ] ] ] } },
{ "type": "Feature", "properties": { "Name": "Untitled Polygon", "description": null, "timestamp": null, "begin": null, "end": null, "altitudeMode": null, "tessellate": 1, "extrude": 0, "visibility": -1, "drawOrder": null, "icon": null, "class": 2 }, "geometry": { "type": "Polygon", "coordinates": [ [ [ 51.506477628388907, 32.650631950709638, 0.0 ], [ 51.506763047982787, 32.648194785025531, 0.0 ], [ 51.509545667769387, 32.648916708676907, 0.0 ], [ 51.508704001410869, 32.651202867916503, 0.0 ], [ 51.506477628388907, 32.650631950709638, 0.0 ] ] ] } },
{ "type": "Feature", "properties": { "Name": "Untitled Polygon", "description": null, "timestamp": null, "begin": null, "end": null, "altitudeMode": null, "tessellate": 1, "extrude": 0, "visibility": -1, "drawOrder": null, "icon": null, "class": 2 }, "geometry": { "type": "Polygon", "coordinates": [ [ [ 51.526790196013167, 32.642752474686517, 0.0 ], [ 51.52952620879239, 32.643014378276384, 0.0 ], [ 51.5365920090602, 32.6430681017995, 0.0 ], [ 51.535872574032112, 32.646934578002337, 0.0 ], [ 51.526790196013167, 32.642752474686517, 0.0 ] ] ] } },
{ "type": "Feature", "properties": { "Name": "Untitled Polygon", "description": null, "timestamp": null, "begin": null, "end": null, "altitudeMode": null, "tessellate": 1, "extrude": 0, "visibility": -1, "drawOrder": null, "icon": null, "class": 2 }, "geometry": { "type": "Polygon", "coordinates": [ [ [ 51.523165467401633, 32.634838745197357, 0.0 ], [ 51.523917403025663, 32.634931656924628, 0.0 ], [ 51.521708487603981, 32.64116281695302, 0.0 ], [ 51.5202434892906, 32.640953466949199, 0.0 ], [ 51.523165467401633, 32.634838745197357, 0.0 ] ] ] } },
{ "type": "Feature", "properties": { "Name": "Untitled Polygon", "description": null, "timestamp": null, "begin": null, "end": null, "altitudeMode": null, "tessellate": 1, "extrude": 0, "visibility": -1, "drawOrder": null, "icon": null, "class": 2 }, "geometry": { "type": "Polygon", "coordinates": [ [ [ 51.520370556492203, 32.650427937250662, 0.0 ], [ 51.515848621680959, 32.641330557491131, 0.0 ], [ 51.525510390427158, 32.642702033873839, 0.0 ], [ 51.528561428613258, 32.650062412027552, 0.0 ], [ 51.520370556492203, 32.650427937250662, 0.0 ] ] ] } },
{ "type": "Feature", "properties": { "Name": "Untitled Polygon", "description": null, "timestamp": null, "begin": null, "end": null, "altitudeMode": null, "tessellate": 1, "extrude": 0, "visibility": -1, "drawOrder": null, "icon": null, "class": 2 }, "geometry": { "type": "Polygon", "coordinates": [ [ [ 51.54449622259154, 32.625255594778316, 0.0 ], [ 51.544828728319366, 32.623990057037943, 0.0 ], [ 51.54572069924702, 32.623652506198773, 0.0 ], [ 51.545660309061518, 32.625804809790587, 0.0 ], [ 51.54449622259154, 32.625255594778316, 0.0 ] ] ] } },
{ "type": "Feature", "properties": { "Name": "Untitled Polygon", "description": null, "timestamp": null, "begin": null, "end": null, "altitudeMode": null, "tessellate": 1, "extrude": 0, "visibility": -1, "drawOrder": null, "icon": null, "class": 2 }, "geometry": { "type": "Polygon", "coordinates": [ [ [ 51.560145195515823, 32.634216875818993, 0.0 ], [ 51.559896329544848, 32.631288273770849, 0.0 ], [ 51.561196178451318, 32.632054637482817, 0.0 ], [ 51.561146590822077, 32.63451307071233, 0.0 ], [ 51.560145195515823, 32.634216875818993, 0.0 ] ] ] } },
{ "type": "Feature", "properties": { "Name": "Untitled Polygon", "description": null, "timestamp": null, "begin": null, "end": null, "altitudeMode": null, "tessellate": 1, "extrude": 0, "visibility": -1, "drawOrder": null, "icon": null, "class": 2 }, "geometry": { "type": "Polygon", "coordinates": [ [ [ 51.563532245392793, 32.63739012488697, 0.0 ], [ 51.562848945310407, 32.636184939045663, 0.0 ], [ 51.562950650393013, 32.635040087019142, 0.0 ], [ 51.56295914887189, 32.63500134806587, 0.0 ], [ 51.563348844530353, 32.634148688671608, 0.0 ], [ 51.563223653336919, 32.635412438908453, 0.0 ], [ 51.563532245392793, 32.63739012488697, 0.0 ] ] ] } },
{ "type": "Feature", "properties": { "Name": "Untitled Polygon", "description": null, "timestamp": null, "begin": null, "end": null, "altitudeMode": null, "tessellate": 1, "extrude": 0, "visibility": -1, "drawOrder": null, "icon": null, "class": 2 }, "geometry": { "type": "Polygon", "coordinates": [ [ [ 51.563901342352267, 32.633941744428718, 0.0 ], [ 51.56263707290428, 32.631110200864967, 0.0 ], [ 51.56409049864132, 32.630440374395583, 0.0 ], [ 51.565285170671778, 32.633130137253438, 0.0 ], [ 51.563901342352267, 32.633941744428718, 0.0 ] ] ] } },
{ "type": "Feature", "properties": { "Name": "Untitled Polygon", "description": null, "timestamp": null, "begin": null, "end": null, "altitudeMode": null, "tessellate": 1, "extrude": 0, "visibility": -1, "drawOrder": null, "icon": null, "class": 2 }, "geometry": { "type": "Polygon", "coordinates": [ [ [ 51.581856788167279, 32.640544933354519, 0.0 ], [ 51.585421223692521, 32.641134830046212, 0.0 ], [ 51.583833632193837, 32.643532875097833, 0.0 ], [ 51.579631063685362, 32.641668217608569, 0.0 ], [ 51.581856788167279, 32.640544933354519, 0.0 ] ] ] } },
{ "type": "Feature", "properties": { "Name": "Untitled Polygon", "description": null, "timestamp": null, "begin": null, "end": null, "altitudeMode": null, "tessellate": 1, "extrude": 0, "visibility": -1, "drawOrder": null, "icon": null, "class": 2 }, "geometry": { "type": "Polygon", "coordinates": [ [ [ 51.59190275132584, 32.640422322389028, 0.0 ], [ 51.591398898921007, 32.641509604990077, 0.0 ], [ 51.58810272122065, 32.640790671286283, 0.0 ], [ 51.59190275132584, 32.640422322389028, 0.0 ] ] ] } },
{ "type": "Feature", "properties": { "Name": "Untitled Polygon", "description": null, "timestamp": null, "begin": null, "end": null, "altitudeMode": null, "tessellate": 1, "extrude": 0, "visibility": -1, "drawOrder": null, "icon": null, "class": 2 }, "geometry": { "type": "Polygon", "coordinates": [ [ [ 51.592218488682967, 32.641981535101593, 0.0 ], [ 51.59379318059959, 32.640048428926647, 0.0 ], [ 51.595968995388837, 32.639839337913102, 0.0 ], [ 51.592218488682967, 32.641981535101593, 0.0 ] ] ] } },
{ "type": "Feature", "properties": { "Name": "Untitled Polygon", "description": null, "timestamp": null, "begin": null, "end": null, "altitudeMode": null, "tessellate": 1, "extrude": 0, "visibility": -1, "drawOrder": null, "icon": null, "class": 2 }, "geometry": { "type": "Polygon", "coordinates": [ [ [ 51.599851368648103, 32.648383649315122, 0.0 ], [ 51.599114457312083, 32.641771546450137, 0.0 ], [ 51.59912382178338, 32.641737432139763, 0.0 ], [ 51.606594016282372, 32.641199003369323, 0.0 ], [ 51.604680695200202, 32.645698594827657, 0.0 ], [ 51.604631337127799, 32.645749436911103, 0.0 ], [ 51.599851368648103, 32.648383649315122, 0.0 ] ] ] } },
{ "type": "Feature", "properties": { "Name": "Untitled Polygon", "description": null, "timestamp": null, "begin": null, "end": null, "altitudeMode": null, "tessellate": 1, "extrude": 0, "visibility": -1, "drawOrder": null, "icon": null, "class": 2 }, "geometry": { "type": "Polygon", "coordinates": [ [ [ 51.61735754471016, 32.638303678651489, 0.0 ], [ 51.617026880997948, 32.637465712563667, 0.0 ], [ 51.617094506888918, 32.637390582568322, 0.0 ], [ 51.617196211570743, 32.637337576789882, 0.0 ], [ 51.618225161565107, 32.637618732885016, 0.0 ], [ 51.61735754471016, 32.638303678651489, 0.0 ] ] ] } },
{ "type": "Feature", "properties": { "Name": "Untitled Polygon", "description": null, "timestamp": null, "begin": null, "end": null, "altitudeMode": null, "tessellate": 1, "extrude": 0, "visibility": -1, "drawOrder": null, "icon": null, "class": 2 }, "geometry": { "type": "Polygon", "coordinates": [ [ [ 51.61933969870519, 32.638042963670578, 0.0 ], [ 51.619893410447823, 32.636190917184919, 0.0 ], [ 51.625350127480402, 32.635991934200767, 0.0 ], [ 51.625713726076903, 32.636772453015979, 0.0 ], [ 51.61933969870519, 32.638042963670578, 0.0 ] ] ] } },
{ "type": "Feature", "properties": { "Name": "Untitled Polygon", "description": null, "timestamp": null, "begin": null, "end": null, "altitudeMode": null, "tessellate": 1, "extrude": 0, "visibility": -1, "drawOrder": null, "icon": null, "class": 2 }, "geometry": { "type": "Polygon", "coordinates": [ [ [ 51.626415702110059, 32.637100623222821, 0.0 ], [ 51.626359832158123, 32.635961246521987, 0.0 ], [ 51.629151313739023, 32.63595147786436, 0.0 ], [ 51.626415702110059, 32.637100623222821, 0.0 ] ] ] } },
{ "type": "Feature", "properties": { "Name": "Untitled Polygon", "description": null, "timestamp": null, "begin": null, "end": null, "altitudeMode": null, "tessellate": 1, "extrude": 0, "visibility": -1, "drawOrder": null, "icon": null, "class": 2 }, "geometry": { "type": "Polygon", "coordinates": [ [ [ 51.627571409431219, 32.638844186338353, 0.0 ], [ 51.630464322904672, 32.637513281201308, 0.0 ], [ 51.631420031975559, 32.639764570630952, 0.0 ], [ 51.627571409431219, 32.638844186338353, 0.0 ] ] ] } },
{ "type": "Feature", "properties": { "Name": "Untitled Polygon", "description": null, "timestamp": null, "begin": null, "end": null, "altitudeMode": null, "tessellate": 1, "extrude": 0, "visibility": -1, "drawOrder": null, "icon": null, "class": 2 }, "geometry": { "type": "Polygon", "coordinates": [ [ [ 51.576082236835539, 32.645460090215707, 0.0 ], [ 51.576106198678943, 32.642603109160532, 0.0 ], [ 51.583818264649459, 32.644917081185604, 0.0 ], [ 51.583118956083503, 32.646296227312376, 0.0 ], [ 51.576082236835539, 32.645460090215707, 0.0 ] ] ] } },
{ "type": "Feature", "properties": { "Name": "Untitled Polygon", "description": null, "timestamp": null, "begin": null, "end": null, "altitudeMode": null, "tessellate": 1, "extrude": 0, "visibility": -1, "drawOrder": null, "icon": null, "class": 2 }, "geometry": { "type": "Polygon", "coordinates": [ [ [ 51.590522218319357, 32.647549279076117, 0.0 ], [ 51.590659655745057, 32.645471299858748, 0.0 ], [ 51.594320249016562, 32.647099774569831, 0.0 ], [ 51.593177171773462, 32.648375057392848, 0.0 ], [ 51.590522218319357, 32.647549279076117, 0.0 ] ] ] } },
{ "type": "Feature", "properties": { "Name": "Untitled Polygon", "description": null, "timestamp": null, "begin": null, "end": null, "altitudeMode": null, "tessellate": 1, "extrude": 0, "visibility": -1, "drawOrder": null, "icon": null, "class": 2 }, "geometry": { "type": "Polygon", "coordinates": [ [ [ 51.654497719194723, 32.644379409389018, 0.0 ], [ 51.654127787478373, 32.643719358332717, 0.0 ], [ 51.657009204751091, 32.644103474253583, 0.0 ], [ 51.654497719194723, 32.644379409389018, 0.0 ] ] ] } },
{ "type": "Feature", "properties": { "Name": "Untitled Polygon", "description": null, "timestamp": null, "begin": null, "end": null, "altitudeMode": null, "tessellate": 1, "extrude": 0, "visibility": -1, "drawOrder": null, "icon": null, "class": 2 }, "geometry": { "type": "Polygon", "coordinates": [ [ [ 51.660097627098608, 32.641793995048438, 0.0 ], [ 51.662863311070872, 32.642186165557092, 0.0 ], [ 51.663532357839507, 32.642681924207857, 0.0 ], [ 51.659617492544648, 32.642552351830822, 0.0 ], [ 51.660097627098608, 32.641793995048438, 0.0 ] ] ] } },
{ "type": "Feature", "properties": { "Name": "Untitled Polygon", "description": null, "timestamp": null, "begin": null, "end": null, "altitudeMode": null, "tessellate": 1, "extrude": 0, "visibility": -1, "drawOrder": null, "icon": null, "class": 2 }, "geometry": { "type": "Polygon", "coordinates": [ [ [ 51.714918887875427, 32.643742738782692, 0.0 ], [ 51.714461467266922, 32.641321722129099, 0.0 ], [ 51.717123026224897, 32.640968381754263, 0.0 ], [ 51.717104482252907, 32.643172783797581, 0.0 ], [ 51.714918887875427, 32.643742738782692, 0.0 ] ] ] } },
{ "type": "Feature", "properties": { "Name": "Untitled Polygon", "description": null, "timestamp": null, "begin": null, "end": null, "altitudeMode": null, "tessellate": 1, "extrude": 0, "visibility": -1, "drawOrder": null, "icon": null, "class": 2 }, "geometry": { "type": "Polygon", "coordinates": [ [ [ 51.528549289674253, 32.578451219550651, 0.0 ], [ 51.528564747457878, 32.578362970144838, 0.0 ], [ 51.522422095672752, 32.569703764585867, 0.0 ], [ 51.523329795035167, 32.565192830573942, 0.0 ], [ 51.52335207541806, 32.56509730375587, 0.0 ], [ 51.530240760488162, 32.567802236184797, 0.0 ], [ 51.52658577240237, 32.572155185420371, 0.0 ], [ 51.529125658788061, 32.575716322242428, 0.0 ], [ 51.528549289674253, 32.578451219550651, 0.0 ] ] ] } },
{ "type": "Feature", "properties": { "Name": "Untitled Polygon", "description": null, "timestamp": null, "begin": null, "end": null, "altitudeMode": null, "tessellate": 1, "extrude": 0, "visibility": -1, "drawOrder": null, "icon": null, "class": 2 }, "geometry": { "type": "Polygon", "coordinates": [ [ [ 51.529762518592698, 32.556925684603769, 0.0 ], [ 51.533109049079698, 32.556899516552342, 0.0 ], [ 51.527790608288029, 32.55991207049702, 0.0 ], [ 51.526867384591583, 32.559121448712148, 0.0 ], [ 51.529762518592698, 32.556925684603769, 0.0 ] ] ] } },
{ "type": "Feature", "properties": { "Name": "Untitled Polygon", "description": null, "timestamp": null, "begin": null, "end": null, "altitudeMode": null, "tessellate": 1, "extrude": 0, "visibility": -1, "drawOrder": null, "icon": null, "class": 2 }, "geometry": { "type": "Polygon", "coordinates": [ [ [ 51.569288536317728, 32.610798100472529, 0.0 ], [ 51.56958352302253, 32.610084470281713, 0.0 ], [ 51.569495377693563, 32.608783345475317, 0.0 ], [ 51.5694836242657, 32.607799966129747, 0.0 ], [ 51.569695077043967, 32.607070175363539, 0.0 ], [ 51.5699287728687, 32.606109293774438, 0.0 ], [ 51.570551443968881, 32.605904090933429, 0.0 ], [ 51.571522883375621, 32.606301983070793, 0.0 ], [ 51.57151805088322, 32.606311776576028, 0.0 ], [ 51.571864602360051, 32.606891935503057, 0.0 ], [ 51.57187209752346, 32.606929624421987, 0.0 ], [ 51.572678533316598, 32.607515758939797, 0.0 ], [ 51.572816909400657, 32.608626761540997, 0.0 ], [ 51.572243308669357, 32.610017923443877, 0.0 ], [ 51.570173225700081, 32.610381311615001, 0.0 ], [ 51.569288536317728, 32.610798100472529, 0.0 ] ] ] } },
{ "type": "Feature", "properties": { "Name": "Untitled Polygon", "description": null, "timestamp": null, "begin": null, "end": null, "altitudeMode": null, "tessellate": 1, "extrude": 0, "visibility": -1, "drawOrder": null, "icon": null, "class": 2 }, "geometry": { "type": "Polygon", "coordinates": [ [ [ 51.5649579698308, 32.611276623900871, 0.0 ], [ 51.565296648651049, 32.609909619487837, 0.0 ], [ 51.565517764298939, 32.61048174204727, 0.0 ], [ 51.565347252285733, 32.612010058943689, 0.0 ], [ 51.5649579698308, 32.611276623900871, 0.0 ] ] ] } },
{ "type": "Feature", "properties": { "Name": "Untitled Polygon", "description": null, "timestamp": null, "begin": null, "end": null, "altitudeMode": null, "tessellate": 1, "extrude": 0, "visibility": -1, "drawOrder": null, "icon": null, "class": 2 }, "geometry": { "type": "Polygon", "coordinates": [ [ [ 51.56247869564524, 32.610311824244349, 0.0 ], [ 51.562718183194242, 32.609212374817353, 0.0 ], [ 51.563926212710783, 32.609513204242269, 0.0 ], [ 51.56247869564524, 32.610311824244349, 0.0 ] ] ] } },
{ "type": "Feature", "properties": { "Name": "Untitled Polygon", "description": null, "timestamp": null, "begin": null, "end": null, "altitudeMode": null, "tessellate": 1, "extrude": 0, "visibility": -1, "drawOrder": null, "icon": null, "class": 2 }, "geometry": { "type": "Polygon", "coordinates": [ [ [ 51.56386342188528, 32.60880044245723, 0.0 ], [ 51.564436155092082, 32.607222202091727, 0.0 ], [ 51.564797587442008, 32.608597818068539, 0.0 ], [ 51.564231444699722, 32.609101187310188, 0.0 ], [ 51.56386342188528, 32.60880044245723, 0.0 ] ] ] } },
{ "type": "Feature", "properties": { "Name": "Untitled Polygon", "description": null, "timestamp": null, "begin": null, "end": null, "altitudeMode": null, "tessellate": 1, "extrude": 0, "visibility": -1, "drawOrder": null, "icon": null, "class": 2 }, "geometry": { "type": "Polygon", "coordinates": [ [ [ 51.556630816635042, 32.601732320247081, 0.0 ], [ 51.556623074080207, 32.600652164564679, 0.0 ], [ 51.560597625019533, 32.601129797585394, 0.0 ], [ 51.556630816635042, 32.601732320247081, 0.0 ] ] ] } },
{ "type": "Feature", "properties": { "Name": "Untitled Polygon", "description": null, "timestamp": null, "begin": null, "end": null, "altitudeMode": null, "tessellate": 1, "extrude": 0, "visibility": -1, "drawOrder": null, "icon": null, "class": 2 }, "geometry": { "type": "Polygon", "coordinates": [ [ [ 51.559591953651577, 32.59259825905923, 0.0 ], [ 51.565008303768643, 32.590342363013377, 0.0 ], [ 51.562121716287969, 32.594418888880227, 0.0 ], [ 51.559591953651577, 32.59259825905923, 0.0 ] ] ] } },
{ "type": "Feature", "properties": { "Name": "Untitled Polygon", "description": null, "timestamp": null, "begin": null, "end": null, "altitudeMode": null, "tessellate": 1, "extrude": 0, "visibility": -1, "drawOrder": null, "icon": null, "class": 2 }, "geometry": { "type": "Polygon", "coordinates": [ [ [ 51.579016207048163, 32.623364776840532, 0.0 ], [ 51.579522626018239, 32.623722906443007, 0.0 ], [ 51.577621607420838, 32.624699891773737, 0.0 ], [ 51.579016207048163, 32.623364776840532, 0.0 ] ] ] } },
{ "type": "Feature", "properties": { "Name": "Untitled Polygon", "description": null, "timestamp": null, "begin": null, "end": null, "altitudeMode": null, "tessellate": 1, "extrude": 0, "visibility": -1, "drawOrder": null, "icon": null, "class": 2 }, "geometry": { "type": "Polygon", "coordinates": [ [ [ 51.56636650557202, 32.641818029388247, 0.0 ], [ 51.566675943341188, 32.641370167246862, 0.0 ], [ 51.56904679144079, 32.6425939878268, 0.0 ], [ 51.56636650557202, 32.641818029388247, 0.0 ] ] ] } },
{ "type": "Feature", "properties": { "Name": "Untitled Polygon", "description": null, "timestamp": null, "begin": null, "end": null, "altitudeMode": null, "tessellate": 1, "extrude": 0, "visibility": -1, "drawOrder": null, "icon": null, "class": 2 }, "geometry": { "type": "Polygon", "coordinates": [ [ [ 51.56067403599355, 32.666365138797573, 0.0 ], [ 51.561361120188728, 32.66413043145932, 0.0 ], [ 51.563075708536893, 32.664531837457602, 0.0 ], [ 51.562700173633402, 32.666533135786359, 0.0 ], [ 51.56067403599355, 32.666365138797573, 0.0 ] ] ] } },
{ "type": "Feature", "properties": { "Name": "Untitled Polygon", "description": null, "timestamp": null, "begin": null, "end": null, "altitudeMode": null, "tessellate": 1, "extrude": 0, "visibility": -1, "drawOrder": null, "icon": null, "class": 2 }, "geometry": { "type": "Polygon", "coordinates": [ [ [ 51.561503868071107, 32.663315644503633, 0.0 ], [ 51.56135769060765, 32.661439276102861, 0.0 ], [ 51.563001941909341, 32.663056033610772, 0.0 ], [ 51.563025312182099, 32.663074216289672, 0.0 ], [ 51.561503868071107, 32.663315644503633, 0.0 ] ] ] } },
{ "type": "Feature", "properties": { "Name": "Untitled Polygon", "description": null, "timestamp": null, "begin": null, "end": null, "altitudeMode": null, "tessellate": 1, "extrude": 0, "visibility": -1, "drawOrder": null, "icon": null, "class": 2 }, "geometry": { "type": "Polygon", "coordinates": [ [ [ 51.560714492194123, 32.660948001737431, 0.0 ], [ 51.560866458634713, 32.658723054627991, 0.0 ], [ 51.560900232730809, 32.658669948234703, 0.0 ], [ 51.562780930168593, 32.659178137716978, 0.0 ], [ 51.56118925147247, 32.659282001324542, 0.0 ], [ 51.561610132554669, 32.660165098461952, 0.0 ], [ 51.560714492194123, 32.660948001737431, 0.0 ] ] ] } },
{ "type": "Feature", "properties": { "Name": "Untitled Polygon", "description": null, "timestamp": null, "begin": null, "end": null, "altitudeMode": null, "tessellate": 1, "extrude": 0, "visibility": -1, "drawOrder": null, "icon": null, "class": 2 }, "geometry": { "type": "Polygon", "coordinates": [ [ [ 51.557822678298287, 32.657227314876621, 0.0 ], [ 51.557614566889526, 32.656133661643992, 0.0 ], [ 51.558799529858639, 32.656624496903099, 0.0 ], [ 51.557822678298287, 32.657227314876621, 0.0 ] ] ] } },
{ "type": "Feature", "properties": { "Name": "Untitled Polygon", "description": null, "timestamp": null, "begin": null, "end": null, "altitudeMode": null, "tessellate": 1, "extrude": 0, "visibility": -1, "drawOrder": null, "icon": null, "class": 2 }, "geometry": { "type": "Polygon", "coordinates": [ [ [ 51.561606099881779, 32.657232173871769, 0.0 ], [ 51.561450412930213, 32.654729843638968, 0.0 ], [ 51.561460558625953, 32.654713196104368, 0.0 ], [ 51.563063222912596, 32.655888499262751, 0.0 ], [ 51.561606099881779, 32.657232173871769, 0.0 ] ] ] } },
{ "type": "Feature", "properties": { "Name": "Untitled Polygon", "description": null, "timestamp": null, "begin": null, "end": null, "altitudeMode": null, "tessellate": 1, "extrude": 0, "visibility": -1, "drawOrder": null, "icon": null, "class": 2 }, "geometry": { "type": "Polygon", "coordinates": [ [ [ 51.593789536151753, 32.658987879521561, 0.0 ], [ 51.594139572754528, 32.658330088815227, 0.0 ], [ 51.595088782973953, 32.658423922342983, 0.0 ], [ 51.593789536151753, 32.658987879521561, 0.0 ] ] ] } },
{ "type": "Feature", "properties": { "Name": "Untitled Polygon", "description": null, "timestamp": null, "begin": null, "end": null, "altitudeMode": null, "tessellate": 1, "extrude": 0, "visibility": -1, "drawOrder": null, "icon": null, "class": 2 }, "geometry": { "type": "Polygon", "coordinates": [ [ [ 51.633436454456877, 32.667575729542968, 0.0 ], [ 51.634249069109153, 32.670303522819331, 0.0 ], [ 51.630466946597387, 32.667164304768299, 0.0 ], [ 51.633436454456877, 32.667575729542968, 0.0 ] ] ] } },
{ "type": "Feature", "properties": { "Name": "Untitled Polygon", "description": null, "timestamp": null, "begin": null, "end": null, "altitudeMode": null, "tessellate": 1, "extrude": 0, "visibility": -1, "drawOrder": null, "icon": null, "class": 2 }, "geometry": { "type": "Polygon", "coordinates": [ [ [ 51.993579803240308, 32.527035730163128, 0.0 ], [ 51.99345912049359, 32.528679753753678, 0.0 ], [ 51.988918820766408, 32.529369561242433, 0.0 ], [ 51.993579803240308, 32.527035730163128, 0.0 ] ] ] } },
{ "type": "Feature", "properties": { "Name": "Untitled Polygon", "description": null, "timestamp": null, "begin": null, "end": null, "altitudeMode": null, "tessellate": 1, "extrude": 0, "visibility": -1, "drawOrder": null, "icon": null, "class": 2 }, "geometry": { "type": "Polygon", "coordinates": [ [ [ 51.988103253391181, 32.543937880803753, 0.0 ], [ 51.988076580801319, 32.543929115035311, 0.0 ], [ 51.989104073088868, 32.540160535603157, 0.0 ], [ 51.993354787855672, 32.541210353654513, 0.0 ], [ 51.994032524311962, 32.544611220060972, 0.0 ], [ 51.988103253391181, 32.543937880803753, 0.0 ] ] ] } },
{ "type": "Feature", "properties": { "Name": "Untitled Polygon", "description": null, "timestamp": null, "begin": null, "end": null, "altitudeMode": null, "tessellate": 1, "extrude": 0, "visibility": -1, "drawOrder": null, "icon": null, "class": 2 }, "geometry": { "type": "Polygon", "coordinates": [ [ [ 51.881268995450213, 32.527201338827894, 0.0 ], [ 51.881067291825929, 32.529092514423823, 0.0 ], [ 51.875824080082893, 32.530603409277838, 0.0 ], [ 51.881268995450213, 32.527201338827894, 0.0 ] ] ] } },
{ "type": "Feature", "properties": { "Name": "Untitled Polygon", "description": null, "timestamp": null, "begin": null, "end": null, "altitudeMode": null, "tessellate": 1, "extrude": 0, "visibility": -1, "drawOrder": null, "icon": null, "class": 2 }, "geometry": { "type": "Polygon", "coordinates": [ [ [ 51.852439906581438, 32.536603143726481, 0.0 ], [ 51.854315890771517, 32.53653368098481, 0.0 ], [ 51.853758666770368, 32.537539989216107, 0.0 ], [ 51.852439906581438, 32.536603143726481, 0.0 ] ] ] } },
{ "type": "Feature", "properties": { "Name": "Untitled Polygon", "description": null, "timestamp": null, "begin": null, "end": null, "altitudeMode": null, "tessellate": 1, "extrude": 0, "visibility": -1, "drawOrder": null, "icon": null, "class": 2 }, "geometry": { "type": "Polygon", "coordinates": [ [ [ 51.845737158201203, 32.531579655481913, 0.0 ], [ 51.843455036525327, 32.532585515587527, 0.0 ], [ 51.843560741433592, 32.530875484640617, 0.0 ], [ 51.845737158201203, 32.531579655481913, 0.0 ] ] ] } },
{ "type": "Feature", "properties": { "Name": "Untitled Polygon", "description": null, "timestamp": null, "begin": null, "end": null, "altitudeMode": null, "tessellate": 1, "extrude": 0, "visibility": -1, "drawOrder": null, "icon": null, "class": 2 }, "geometry": { "type": "Polygon", "coordinates": [ [ [ 51.848491785310593, 32.530179379101916, 0.0 ], [ 51.847308458893743, 32.53072967827309, 0.0 ], [ 51.847333328300152, 32.530018594148387, 0.0 ], [ 51.848491785310593, 32.530179379101916, 0.0 ] ] ] } },
{ "type": "Feature", "properties": { "Name": "Untitled Polygon", "description": null, "timestamp": null, "begin": null, "end": null, "altitudeMode": null, "tessellate": 1, "extrude": 0, "visibility": -1, "drawOrder": null, "icon": null, "class": 2 }, "geometry": { "type": "Polygon", "coordinates": [ [ [ 51.867063732877277, 32.536541634188552, 0.0 ], [ 51.868236570853639, 32.536270287124736, 0.0 ], [ 51.868693613228658, 32.537183440254282, 0.0 ], [ 51.867063732877277, 32.536541634188552, 0.0 ] ] ] } },
{ "type": "Feature", "properties": { "Name": "Untitled Polygon", "description": null, "timestamp": null, "begin": null, "end": null, "altitudeMode": null, "tessellate": 1, "extrude": 0, "visibility": -1, "drawOrder": null, "icon": null, "class": 2 }, "geometry": { "type": "Polygon", "coordinates": [ [ [ 51.871151249907328, 32.535737321134903, 0.0 ], [ 51.873342500723737, 32.533975299904498, 0.0 ], [ 51.872941964973379, 32.534973287309299, 0.0 ], [ 51.871151249907328, 32.535737321134903, 0.0 ] ] ] } },
{ "type": "Feature", "properties": { "Name": "Untitled Polygon", "description": null, "timestamp": null, "begin": null, "end": null, "altitudeMode": null, "tessellate": 1, "extrude": 0, "visibility": -1, "drawOrder": null, "icon": null, "class": 2 }, "geometry": { "type": "Polygon", "coordinates": [ [ [ 51.887576457266157, 32.536690273735793, 0.0 ], [ 51.886965157736242, 32.535061329096813, 0.0 ], [ 51.888008625041522, 32.536620825916337, 0.0 ], [ 51.887576457266157, 32.536690273735793, 0.0 ] ] ] } },
{ "type": "Feature", "properties": { "Name": "Untitled Polygon", "description": null, "timestamp": null, "begin": null, "end": null, "altitudeMode": null, "tessellate": 1, "extrude": 0, "visibility": -1, "drawOrder": null, "icon": null, "class": 2 }, "geometry": { "type": "Polygon", "coordinates": [ [ [ 51.888286085862077, 32.524057270847138, 0.0 ], [ 51.888248003579562, 32.525341564959099, 0.0 ], [ 51.886219502106201, 32.523828205332897, 0.0 ], [ 51.888286085862077, 32.524057270847138, 0.0 ] ] ] } },
{ "type": "Feature", "properties": { "Name": "Untitled Polygon", "description": null, "timestamp": null, "begin": null, "end": null, "altitudeMode": null, "tessellate": 1, "extrude": 0, "visibility": -1, "drawOrder": null, "icon": null, "class": 2 }, "geometry": { "type": "Polygon", "coordinates": [ [ [ 51.894335489157207, 32.5269621254361, 0.0 ], [ 51.892340498851439, 32.528121608424698, 0.0 ], [ 51.893067096546929, 32.526094428403539, 0.0 ], [ 51.894335489157207, 32.5269621254361, 0.0 ] ] ] } },
{ "type": "Feature", "properties": { "Name": "Untitled Polygon", "description": null, "timestamp": null, "begin": null, "end": null, "altitudeMode": null, "tessellate": 1, "extrude": 0, "visibility": -1, "drawOrder": null, "icon": null, "class": 2 }, "geometry": { "type": "Polygon", "coordinates": [ [ [ 51.91870342840464, 32.526914530941077, 0.0 ], [ 51.917990542196208, 32.528687720497643, 0.0 ], [ 51.916052152367932, 32.52751955078319, 0.0 ], [ 51.91870342840464, 32.526914530941077, 0.0 ] ] ] } },
{ "type": "Feature", "properties": { "Name": "Untitled Polygon", "description": null, "timestamp": null, "begin": null, "end": null, "altitudeMode": null, "tessellate": 1, "extrude": 0, "visibility": -1, "drawOrder": null, "icon": null, "class": 2 }, "geometry": { "type": "Polygon", "coordinates": [ [ [ 51.911409710391553, 32.532297398777523, 0.0 ], [ 51.913374154821568, 32.531049411634633, 0.0 ], [ 51.912551695537431, 32.533022072391063, 0.0 ], [ 51.911409710391553, 32.532297398777523, 0.0 ] ] ] } },
{ "type": "Feature", "properties": { "Name": "Untitled Polygon", "description": null, "timestamp": null, "begin": null, "end": null, "altitudeMode": null, "tessellate": 1, "extrude": 0, "visibility": -1, "drawOrder": null, "icon": null, "class": 2 }, "geometry": { "type": "Polygon", "coordinates": [ [ [ 51.919610963613323, 32.528799640112041, 0.0 ], [ 51.92143835164147, 32.528581840231851, 0.0 ], [ 51.921163432931593, 32.530281027985033, 0.0 ], [ 51.919610963613323, 32.528799640112041, 0.0 ] ] ] } },
{ "type": "Feature", "properties": { "Name": "Untitled Polygon", "description": null, "timestamp": null, "begin": null, "end": null, "altitudeMode": null, "tessellate": 1, "extrude": 0, "visibility": -1, "drawOrder": null, "icon": null, "class": 2 }, "geometry": { "type": "Polygon", "coordinates": [ [ [ 51.928124438974528, 32.530579091553903, 0.0 ], [ 51.927891069296308, 32.528933685222484, 0.0 ], [ 51.929254018510193, 32.529459037082773, 0.0 ], [ 51.928124438974528, 32.530579091553903, 0.0 ] ] ] } },
{ "type": "Feature", "properties": { "Name": "Untitled Polygon", "description": null, "timestamp": null, "begin": null, "end": null, "altitudeMode": null, "tessellate": 1, "extrude": 0, "visibility": -1, "drawOrder": null, "icon": null, "class": 2 }, "geometry": { "type": "Polygon", "coordinates": [ [ [ 51.93676282320412, 32.531806512998983, 0.0 ], [ 51.937133025119621, 32.531208542904103, 0.0 ], [ 51.937955368852471, 32.532599346119547, 0.0 ], [ 51.93676282320412, 32.531806512998983, 0.0 ] ] ] } },
{ "type": "Feature", "properties": { "Name": "Untitled Polygon", "description": null, "timestamp": null, "begin": null, "end": null, "altitudeMode": null, "tessellate": 1, "extrude": 0, "visibility": -1, "drawOrder": null, "icon": null, "class": 2 }, "geometry": { "type": "Polygon", "coordinates": [ [ [ 51.928694513013284, 32.534110807283817, 0.0 ], [ 51.93004949198081, 32.534565903582383, 0.0 ], [ 51.929726464617971, 32.53532146103921, 0.0 ], [ 51.928694513013284, 32.534110807283817, 0.0 ] ] ] } },
{ "type": "Feature", "properties": { "Name": "Untitled Polygon", "description": null, "timestamp": null, "begin": null, "end": null, "altitudeMode": null, "tessellate": 1, "extrude": 0, "visibility": -1, "drawOrder": null, "icon": null, "class": 2 }, "geometry": { "type": "Polygon", "coordinates": [ [ [ 51.906648745870022, 32.535597467223319, 0.0 ], [ 51.90739477719795, 32.536349032228891, 0.0 ], [ 51.906548110764753, 32.536575412630562, 0.0 ], [ 51.906648745870022, 32.535597467223319, 0.0 ] ] ] } },
{ "type": "Feature", "properties": { "Name": "Untitled Polygon", "description": null, "timestamp": null, "begin": null, "end": null, "altitudeMode": null, "tessellate": 1, "extrude": 0, "visibility": -1, "drawOrder": null, "icon": null, "class": 2 }, "geometry": { "type": "Polygon", "coordinates": [ [ [ 51.897394492152877, 32.529441506309837, 0.0 ], [ 51.896484414409102, 32.52981049527677, 0.0 ], [ 51.896078672132752, 32.52953179022289, 0.0 ], [ 51.897394492152877, 32.529441506309837, 0.0 ] ] ] } },
{ "type": "Feature", "properties": { "Name": "Untitled Polygon", "description": null, "timestamp": null, "begin": null, "end": null, "altitudeMode": null, "tessellate": 1, "extrude": 0, "visibility": -1, "drawOrder": null, "icon": null, "class": 2 }, "geometry": { "type": "Polygon", "coordinates": [ [ [ 51.854223469014791, 32.554104370524122, 0.0 ], [ 51.855242152339507, 32.555299563141922, 0.0 ], [ 51.853044612305297, 32.556928465151358, 0.0 ], [ 51.852481937298187, 32.554696741836253, 0.0 ], [ 51.853164921191407, 32.55304873230336, 0.0 ], [ 51.854223469014791, 32.554104370524122, 0.0 ] ] ] } },
{ "type": "Feature", "properties": { "Name": "Untitled Polygon", "description": null, "timestamp": null, "begin": null, "end": null, "altitudeMode": null, "tessellate": 1, "extrude": 0, "visibility": -1, "drawOrder": null, "icon": null, "class": 2 }, "geometry": { "type": "Polygon", "coordinates": [ [ [ 51.850563254758853, 32.552961334942601, 0.0 ], [ 51.851365072583057, 32.552730228655413, 0.0 ], [ 51.850895185119263, 32.554916219644078, 0.0 ], [ 51.850563254758853, 32.552961334942601, 0.0 ] ] ] } },
{ "type": "Feature", "properties": { "Name": "Untitled Polygon", "description": null, "timestamp": null, "begin": null, "end": null, "altitudeMode": null, "tessellate": 1, "extrude": 0, "visibility": -1, "drawOrder": null, "icon": null, "class": 2 }, "geometry": { "type": "Polygon", "coordinates": [ [ [ 51.835997391060907, 32.551131933916487, 0.0 ], [ 51.836617968581528, 32.552322633335407, 0.0 ], [ 51.836103820068857, 32.552722275866067, 0.0 ], [ 51.835557795756422, 32.55109170472916, 0.0 ], [ 51.835997391060907, 32.551131933916487, 0.0 ] ] ] } },
{ "type": "Feature", "properties": { "Name": "Untitled Polygon", "description": null, "timestamp": null, "begin": null, "end": null, "altitudeMode": null, "tessellate": 1, "extrude": 0, "visibility": -1, "drawOrder": null, "icon": null, "class": 2 }, "geometry": { "type": "Polygon", "coordinates": [ [ [ 51.843981117942953, 32.536272398629883, 0.0 ], [ 51.844508409292843, 32.536231277718556, 0.0 ], [ 51.844167581562282, 32.537257825719813, 0.0 ], [ 51.843981117942953, 32.536272398629883, 0.0 ] ] ] } },
{ "type": "Feature", "properties": { "Name": "Untitled Polygon", "description": null, "timestamp": null, "begin": null, "end": null, "altitudeMode": null, "tessellate": 1, "extrude": 0, "visibility": -1, "drawOrder": null, "icon": null, "class": 2 }, "geometry": { "type": "Polygon", "coordinates": [ [ [ 51.854837664925462, 32.545441416763417, 0.0 ], [ 51.857419619545951, 32.544208256901491, 0.0 ], [ 51.857260261514938, 32.545658420849591, 0.0 ], [ 51.854837664925462, 32.545441416763417, 0.0 ] ] ] } },
{ "type": "Feature", "properties": { "Name": "Untitled Polygon", "description": null, "timestamp": null, "begin": null, "end": null, "altitudeMode": null, "tessellate": 1, "extrude": 0, "visibility": -1, "drawOrder": null, "icon": null, "class": 2 }, "geometry": { "type": "Polygon", "coordinates": [ [ [ 51.863374199835697, 32.549859542059252, 0.0 ], [ 51.863928101268577, 32.550897719400012, 0.0 ], [ 51.864018843787733, 32.551526514038109, 0.0 ], [ 51.861898193602897, 32.551261224307297, 0.0 ], [ 51.863374199835697, 32.549859542059252, 0.0 ] ] ] } },
{ "type": "Feature", "properties": { "Name": "Untitled Polygon", "description": null, "timestamp": null, "begin": null, "end": null, "altitudeMode": null, "tessellate": 1, "extrude": 0, "visibility": -1, "drawOrder": null, "icon": null, "class": 2 }, "geometry": { "type": "Polygon", "coordinates": [ [ [ 51.772047992994381, 32.526539945899287, 0.0 ], [ 51.771242848735064, 32.524703029574241, 0.0 ], [ 51.775756399662647, 32.521611949961162, 0.0 ], [ 51.776676957570288, 32.523773927015839, 0.0 ], [ 51.772047992994381, 32.526539945899287, 0.0 ] ] ] } },
{ "type": "Feature", "properties": { "Name": "Untitled Polygon", "description": null, "timestamp": null, "begin": null, "end": null, "altitudeMode": null, "tessellate": 1, "extrude": 0, "visibility": -1, "drawOrder": null, "icon": null, "class": 2 }, "geometry": { "type": "Polygon", "coordinates": [ [ [ 51.785339906678153, 32.539538321858018, 0.0 ], [ 51.786601558477322, 32.538724129515153, 0.0 ], [ 51.787299524451939, 32.540110864019603, 0.0 ], [ 51.785339906678153, 32.539538321858018, 0.0 ] ] ] } },
{ "type": "Feature", "properties": { "Name": "Untitled Polygon", "description": null, "timestamp": null, "begin": null, "end": null, "altitudeMode": null, "tessellate": 1, "extrude": 0, "visibility": -1, "drawOrder": null, "icon": null, "class": 2 }, "geometry": { "type": "Polygon", "coordinates": [ [ [ 51.759737298874747, 32.531727001174261, 0.0 ], [ 51.761086438617554, 32.531378381818293, 0.0 ], [ 51.761038330117152, 32.531536233756697, 0.0 ], [ 51.760999610050362, 32.531598123770173, 0.0 ], [ 51.760964874810533, 32.532862393111337, 0.0 ], [ 51.759737298874747, 32.531727001174261, 0.0 ] ] ] } },
{ "type": "Feature", "properties": { "Name": "Untitled Polygon", "description": null, "timestamp": null, "begin": null, "end": null, "altitudeMode": null, "tessellate": 1, "extrude": 0, "visibility": -1, "drawOrder": null, "icon": null, "class": 2 }, "geometry": { "type": "Polygon", "coordinates": [ [ [ 51.74718205413069, 32.546141037336398, 0.0 ], [ 51.746536650233757, 32.544273891647833, 0.0 ], [ 51.748214539400188, 32.545387536394543, 0.0 ], [ 51.74718205413069, 32.546141037336398, 0.0 ] ] ] } },
{ "type": "Feature", "properties": { "Name": "Untitled Polygon", "description": null, "timestamp": null, "begin": null, "end": null, "altitudeMode": null, "tessellate": 1, "extrude": 0, "visibility": -1, "drawOrder": null, "icon": null, "class": 2 }, "geometry": { "type": "Polygon", "coordinates": [ [ [ 51.7324767957898, 32.546729545086002, 0.0 ], [ 51.734293291252477, 32.546152023318562, 0.0 ], [ 51.733042776241611, 32.547194588587317, 0.0 ], [ 51.7324767957898, 32.546729545086002, 0.0 ] ] ] } },
{ "type": "Feature", "properties": { "Name": "Untitled Polygon", "description": null, "timestamp": null, "begin": null, "end": null, "altitudeMode": null, "tessellate": 1, "extrude": 0, "visibility": -1, "drawOrder": null, "icon": null, "class": 2 }, "geometry": { "type": "Polygon", "coordinates": [ [ [ 51.731867095855328, 32.535857274089501, 0.0 ], [ 51.729882636025089, 32.536670876801942, 0.0 ], [ 51.731155298450354, 32.534619024872271, 0.0 ], [ 51.731867095855328, 32.535857274089501, 0.0 ] ] ] } },
{ "type": "Feature", "properties": { "Name": "Untitled Polygon", "description": null, "timestamp": null, "begin": null, "end": null, "altitudeMode": null, "tessellate": 1, "extrude": 0, "visibility": -1, "drawOrder": null, "icon": null, "class": 2 }, "geometry": { "type": "Polygon", "coordinates": [ [ [ 51.735565355541318, 32.542686165804739, 0.0 ], [ 51.737085070191583, 32.542943353204443, 0.0 ], [ 51.734703501515291, 32.544106660902187, 0.0 ], [ 51.735565355541318, 32.542686165804739, 0.0 ] ] ] } },
{ "type": "Feature", "properties": { "Name": "Untitled Polygon", "description": null, "timestamp": null, "begin": null, "end": null, "altitudeMode": null, "tessellate": 1, "extrude": 0, "visibility": -1, "drawOrder": null, "icon": null, "class": 2 }, "geometry": { "type": "Polygon", "coordinates": [ [ [ 51.740809279359098, 32.676072663807169, 0.0 ], [ 51.740418938639209, 32.675340769631362, 0.0 ], [ 51.740963909102717, 32.675403786003741, 0.0 ], [ 51.74143926874072, 32.675908955325369, 0.0 ], [ 51.740809279359098, 32.676072663807169, 0.0 ] ] ] } },
{ "type": "Feature", "properties": { "Name": "Untitled Polygon", "description": null, "timestamp": null, "begin": null, "end": null, "altitudeMode": null, "tessellate": 1, "extrude": 0, "visibility": -1, "drawOrder": null, "icon": null, "class": 2 }, "geometry": { "type": "Polygon", "coordinates": [ [ [ 51.752348837825537, 32.681440161450993, 0.0 ], [ 51.752286709972509, 32.68184560610247, 0.0 ], [ 51.751571682165029, 32.68071298761582, 0.0 ], [ 51.752348837825537, 32.681440161450993, 0.0 ] ] ] } },
{ "type": "Feature", "properties": { "Name": "Untitled Polygon", "description": null, "timestamp": null, "begin": null, "end": null, "altitudeMode": null, "tessellate": 1, "extrude": 0, "visibility": -1, "drawOrder": null, "icon": null, "class": 2 }, "geometry": { "type": "Polygon", "coordinates": [ [ [ 51.745022178184954, 32.677856248053288, 0.0 ], [ 51.745716227842408, 32.677996829157912, 0.0 ], [ 51.74490279482734, 32.678689398035203, 0.0 ], [ 51.745022178184954, 32.677856248053288, 0.0 ] ] ] } },
{ "type": "Feature", "properties": { "Name": "Untitled Polygon", "description": null, "timestamp": null, "begin": null, "end": null, "altitudeMode": null, "tessellate": 1, "extrude": 0, "visibility": -1, "drawOrder": null, "icon": null, "class": 2 }, "geometry": { "type": "Polygon", "coordinates": [ [ [ 51.746777812342167, 32.669290013958502, 0.0 ], [ 51.747351822981443, 32.669217271867417, 0.0 ], [ 51.747143847415003, 32.670008933810152, 0.0 ], [ 51.746777812342167, 32.669290013958502, 0.0 ] ] ] } },
{ "type": "Feature", "properties": { "Name": "Untitled Polygon", "description": null, "timestamp": null, "begin": null, "end": null, "altitudeMode": null, "tessellate": 1, "extrude": 0, "visibility": -1, "drawOrder": null, "icon": null, "class": 2 }, "geometry": { "type": "Polygon", "coordinates": [ [ [ 51.749024241341253, 32.668891658160597, 0.0 ], [ 51.749665859398348, 32.668528073805909, 0.0 ], [ 51.749376250406918, 32.669549851566011, 0.0 ], [ 51.749024241341253, 32.668891658160597, 0.0 ] ] ] } },
{ "type": "Feature", "properties": { "Name": "Untitled Polygon", "description": null, "timestamp": null, "begin": null, "end": null, "altitudeMode": null, "tessellate": 1, "extrude": 0, "visibility": -1, "drawOrder": null, "icon": null, "class": 2 }, "geometry": { "type": "Polygon", "coordinates": [ [ [ 51.749773550197048, 32.666028893736183, 0.0 ], [ 51.750479302542693, 32.665851043249987, 0.0 ], [ 51.749997856002963, 32.666455570282338, 0.0 ], [ 51.749773550197048, 32.666028893736183, 0.0 ] ] ] } },
{ "type": "Feature", "properties": { "Name": "Untitled Polygon", "description": null, "timestamp": null, "begin": null, "end": null, "altitudeMode": null, "tessellate": 1, "extrude": 0, "visibility": -1, "drawOrder": null, "icon": null, "class": 2 }, "geometry": { "type": "Polygon", "coordinates": [ [ [ 51.7511527174021, 32.664007788543309, 0.0 ], [ 51.75151351831542, 32.66420477387333, 0.0 ], [ 51.751381963355207, 32.664578139868098, 0.0 ], [ 51.7511527174021, 32.664007788543309, 0.0 ] ] ] } },
{ "type": "Feature", "properties": { "Name": "Untitled Polygon", "description": null, "timestamp": null, "begin": null, "end": null, "altitudeMode": null, "tessellate": 1, "extrude": 0, "visibility": -1, "drawOrder": null, "icon": null, "class": 2 }, "geometry": { "type": "Polygon", "coordinates": [ [ [ 51.737317719278899, 32.665977718589403, 0.0 ], [ 51.737772375003928, 32.665970914114773, 0.0 ], [ 51.73763039254883, 32.666422157585487, 0.0 ], [ 51.737317719278899, 32.665977718589403, 0.0 ] ] ] } },
{ "type": "Feature", "properties": { "Name": "Untitled Polygon", "description": null, "timestamp": null, "begin": null, "end": null, "altitudeMode": null, "tessellate": 1, "extrude": 0, "visibility": -1, "drawOrder": null, "icon": null, "class": 2 }, "geometry": { "type": "Polygon", "coordinates": [ [ [ 51.739745529273101, 32.666282488841148, 0.0 ], [ 51.740424811944727, 32.667134730305079, 0.0 ], [ 51.740144515694837, 32.667591762454983, 0.0 ], [ 51.739745529273101, 32.666282488841148, 0.0 ] ] ] } },
{ "type": "Feature", "properties": { "Name": "Untitled Polygon", "description": null, "timestamp": null, "begin": null, "end": null, "altitudeMode": null, "tessellate": 1, "extrude": 0, "visibility": -1, "drawOrder": null, "icon": null, "class": 2 }, "geometry": { "type": "Polygon", "coordinates": [ [ [ 51.743126088778453, 32.666636122071317, 0.0 ], [ 51.744284659238239, 32.666385497149868, 0.0 ], [ 51.744327606069909, 32.66638537514698, 0.0 ], [ 51.744165730051698, 32.667824658835642, 0.0 ], [ 51.743126088778453, 32.666636122071317, 0.0 ] ] ] } },
{ "type": "Feature", "properties": { "Name": "Untitled Polygon", "description": null, "timestamp": null, "begin": null, "end": null, "altitudeMode": null, "tessellate": 1, "extrude": 0, "visibility": -1, "drawOrder": null, "icon": null, "class": 2 }, "geometry": { "type": "Polygon", "coordinates": [ [ [ 51.669956035080347, 32.654118179707261, 0.0 ], [ 51.670417852114582, 32.654353088823378, 0.0 ], [ 51.670108142794831, 32.65504630889135, 0.0 ], [ 51.669956035080347, 32.654118179707261, 0.0 ] ] ] } },
{ "type": "Feature", "properties": { "Name": "Untitled Polygon", "description": null, "timestamp": null, "begin": null, "end": null, "altitudeMode": null, "tessellate": 1, "extrude": 0, "visibility": -1, "drawOrder": null, "icon": null, "class": 2 }, "geometry": { "type": "Polygon", "coordinates": [ [ [ 51.672231013716221, 32.657940483611242, 0.0 ], [ 51.672870718660938, 32.65863436559016, 0.0 ], [ 51.672105795456801, 32.658431965585287, 0.0 ], [ 51.672231013716221, 32.657940483611242, 0.0 ] ] ] } },
{ "type": "Feature", "properties": { "Name": "Untitled Polygon", "description": null, "timestamp": null, "begin": null, "end": null, "altitudeMode": null, "tessellate": 1, "extrude": 0, "visibility": -1, "drawOrder": null, "icon": null, "class": 2 }, "geometry": { "type": "Polygon", "coordinates": [ [ [ 51.688006498996273, 32.682952855181227, 0.0 ], [ 51.688851752591439, 32.682875350081687, 0.0 ], [ 51.688901607640418, 32.682919409192422, 0.0 ], [ 51.688950311018637, 32.682965630598659, 0.0 ], [ 51.688995729664633, 32.683017911317762, 0.0 ], [ 51.688440222013149, 32.683313688461787, 0.0 ], [ 51.688006498996273, 32.682952855181227, 0.0 ] ] ] } },
{ "type": "Feature", "properties": { "Name": "Untitled Polygon", "description": null, "timestamp": null, "begin": null, "end": null, "altitudeMode": null, "tessellate": 1, "extrude": 0, "visibility": -1, "drawOrder": null, "icon": null, "class": 2 }, "geometry": { "type": "Polygon", "coordinates": [ [ [ 51.703663152487088, 32.693211646578931, 0.0 ], [ 51.704635491052763, 32.693227813372239, 0.0 ], [ 51.704059056096177, 32.693756826662877, 0.0 ], [ 51.703663152487088, 32.693211646578931, 0.0 ] ] ] } },
{ "type": "Feature", "properties": { "Name": "Untitled Polygon", "description": null, "timestamp": null, "begin": null, "end": null, "altitudeMode": null, "tessellate": 1, "extrude": 0, "visibility": -1, "drawOrder": null, "icon": null, "class": 2 }, "geometry": { "type": "Polygon", "coordinates": [ [ [ 51.595750652429437, 32.697517381190117, 0.0 ], [ 51.596118116629142, 32.697549870694807, 0.0 ], [ 51.596084101349192, 32.697906595642358, 0.0 ], [ 51.595750652429437, 32.697517381190117, 0.0 ] ] ] } },
{ "type": "Feature", "properties": { "Name": "Untitled Polygon", "description": null, "timestamp": null, "begin": null, "end": null, "altitudeMode": null, "tessellate": 1, "extrude": 0, "visibility": -1, "drawOrder": null, "icon": null, "class": 2 }, "geometry": { "type": "Polygon", "coordinates": [ [ [ 51.593462894501599, 32.695222162835329, 0.0 ], [ 51.593523089228043, 32.695911605580498, 0.0 ], [ 51.592545214137999, 32.695533730290613, 0.0 ], [ 51.593462894501599, 32.695222162835329, 0.0 ] ] ] } },
{ "type": "Feature", "properties": { "Name": "Untitled Polygon", "description": null, "timestamp": null, "begin": null, "end": null, "altitudeMode": null, "tessellate": 1, "extrude": 0, "visibility": -1, "drawOrder": null, "icon": null, "class": 2 }, "geometry": { "type": "Polygon", "coordinates": [ [ [ 51.59987617554966, 32.69665998492399, 0.0 ], [ 51.600141713415702, 32.697079432961829, 0.0 ], [ 51.599428519066599, 32.697066102989751, 0.0 ], [ 51.59987617554966, 32.69665998492399, 0.0 ] ] ] } },
{ "type": "Feature", "properties": { "Name": "Untitled Polygon", "description": null, "timestamp": null, "begin": null, "end": null, "altitudeMode": null, "tessellate": 1, "extrude": 0, "visibility": -1, "drawOrder": null, "icon": null, "class": 2 }, "geometry": { "type": "Polygon", "coordinates": [ [ [ 51.602085987063973, 32.694125413721807, 0.0 ], [ 51.602377831112321, 32.693949047419409, 0.0 ], [ 51.60242044708, 32.694175927991623, 0.0 ], [ 51.602085987063973, 32.694125413721807, 0.0 ] ] ] } },
{ "type": "Feature", "properties": { "Name": "Untitled Polygon", "description": null, "timestamp": null, "begin": null, "end": null, "altitudeMode": null, "tessellate": 1, "extrude": 0, "visibility": -1, "drawOrder": null, "icon": null, "class": 2 }, "geometry": { "type": "Polygon", "coordinates": [ [ [ 51.607220421723447, 32.698378084143457, 0.0 ], [ 51.607994144747281, 32.698224403583502, 0.0 ], [ 51.6079189208399, 32.699027033089841, 0.0 ], [ 51.607220421723447, 32.698378084143457, 0.0 ] ] ] } },
{ "type": "Feature", "properties": { "Name": "Untitled Polygon", "description": null, "timestamp": null, "begin": null, "end": null, "altitudeMode": null, "tessellate": 1, "extrude": 0, "visibility": -1, "drawOrder": null, "icon": null, "class": 2 }, "geometry": { "type": "Polygon", "coordinates": [ [ [ 51.60452356486261, 32.70186124857269, 0.0 ], [ 51.605076975625039, 32.701504028348552, 0.0 ], [ 51.605375185858989, 32.702203620059279, 0.0 ], [ 51.60452356486261, 32.70186124857269, 0.0 ] ] ] } },
{ "type": "Feature", "properties": { "Name": "Untitled Polygon", "description": null, "timestamp": null, "begin": null, "end": null, "altitudeMode": null, "tessellate": 1, "extrude": 0, "visibility": -1, "drawOrder": null, "icon": null, "class": 2 }, "geometry": { "type": "Polygon", "coordinates": [ [ [ 51.596480776654893, 32.702225922139043, 0.0 ], [ 51.59799221015971, 32.701675568235288, 0.0 ], [ 51.598062149034561, 32.701638599472112, 0.0 ], [ 51.59811468118081, 32.701617678750267, 0.0 ], [ 51.598175378193048, 32.701575349423287, 0.0 ], [ 51.598087310800992, 32.702638819800093, 0.0 ], [ 51.596480776654893, 32.702225922139043, 0.0 ] ] ] } },
{ "type": "Feature", "properties": { "Name": "Untitled Polygon", "description": null, "timestamp": null, "begin": null, "end": null, "altitudeMode": null, "tessellate": 1, "extrude": 0, "visibility": -1, "drawOrder": null, "icon": null, "class": 2 }, "geometry": { "type": "Polygon", "coordinates": [ [ [ 51.582434196482552, 32.688837983502452, 0.0 ], [ 51.582451367996242, 32.690804366025183, 0.0 ], [ 51.58032103209095, 32.691080996018101, 0.0 ], [ 51.582434196482552, 32.688837983502452, 0.0 ] ] ] } },
{ "type": "Feature", "properties": { "Name": "Untitled Polygon", "description": null, "timestamp": null, "begin": null, "end": null, "altitudeMode": null, "tessellate": 1, "extrude": 0, "visibility": -1, "drawOrder": null, "icon": null, "class": 2 }, "geometry": { "type": "Polygon", "coordinates": [ [ [ 51.584451129628178, 32.691071173489419, 0.0 ], [ 51.583717503128931, 32.691617718047532, 0.0 ], [ 51.583179478323473, 32.69121061229616, 0.0 ], [ 51.584451129628178, 32.691071173489419, 0.0 ] ] ] } },
{ "type": "Feature", "properties": { "Name": "Untitled Polygon", "description": null, "timestamp": null, "begin": null, "end": null, "altitudeMode": null, "tessellate": 1, "extrude": 0, "visibility": -1, "drawOrder": null, "icon": null, "class": 2 }, "geometry": { "type": "Polygon", "coordinates": [ [ [ 51.584684100645823, 32.688850004067362, 0.0 ], [ 51.584159885158783, 32.688822400385433, 0.0 ], [ 51.584959982993809, 32.688083573226869, 0.0 ], [ 51.584684100645823, 32.688850004067362, 0.0 ] ] ] } },
{ "type": "Feature", "properties": { "Name": "Untitled Polygon", "description": null, "timestamp": null, "begin": null, "end": null, "altitudeMode": null, "tessellate": 1, "extrude": 0, "visibility": -1, "drawOrder": null, "icon": null, "class": 2 }, "geometry": { "type": "Polygon", "coordinates": [ [ [ 51.586331761645347, 32.695926735407099, 0.0 ], [ 51.587369373687181, 32.696705442345653, 0.0 ], [ 51.586523117847221, 32.696376536394702, 0.0 ], [ 51.586331761645347, 32.695926735407099, 0.0 ] ] ] } },
{ "type": "Feature", "properties": { "Name": "Untitled Polygon", "description": null, "timestamp": null, "begin": null, "end": null, "altitudeMode": null, "tessellate": 1, "extrude": 0, "visibility": -1, "drawOrder": null, "icon": null, "class": 2 }, "geometry": { "type": "Polygon", "coordinates": [ [ [ 51.592664246122183, 32.691218671141513, 0.0 ], [ 51.592098108178398, 32.691801748866233, 0.0 ], [ 51.591619026256772, 32.691196955095208, 0.0 ], [ 51.592664246122183, 32.691218671141513, 0.0 ] ] ] } },
{ "type": "Feature", "properties": { "Name": "Untitled Polygon", "description": null, "timestamp": null, "begin": null, "end": null, "altitudeMode": null, "tessellate": 1, "extrude": 0, "visibility": -1, "drawOrder": null, "icon": null, "class": 2 }, "geometry": { "type": "Polygon", "coordinates": [ [ [ 51.580864792939458, 32.69547201560092, 0.0 ], [ 51.580076562808692, 32.696367321697252, 0.0 ], [ 51.579734674201312, 32.695203917945967, 0.0 ], [ 51.580864792939458, 32.69547201560092, 0.0 ] ] ] } },
{ "type": "Feature", "properties": { "Name": "Untitled Polygon", "description": null, "timestamp": null, "begin": null, "end": null, "altitudeMode": null, "tessellate": 1, "extrude": 0, "visibility": -1, "drawOrder": null, "icon": null, "class": 2 }, "geometry": { "type": "Polygon", "coordinates": [ [ [ 51.579921391953128, 32.694860373951123, 0.0 ], [ 51.579065909370939, 32.694615934469333, 0.0 ], [ 51.580149848312523, 32.693709483972746, 0.0 ], [ 51.579921391953128, 32.694860373951123, 0.0 ] ] ] } },
{ "type": "Feature", "properties": { "Name": "Untitled Polygon", "description": null, "timestamp": null, "begin": null, "end": null, "altitudeMode": null, "tessellate": 1, "extrude": 0, "visibility": -1, "drawOrder": null, "icon": null, "class": 2 }, "geometry": { "type": "Polygon", "coordinates": [ [ [ 51.585681746412718, 32.695769589732087, 0.0 ], [ 51.584389995220448, 32.695237924751822, 0.0 ], [ 51.584984025596263, 32.694850244616632, 0.0 ], [ 51.585681746412718, 32.695769589732087, 0.0 ] ] ] } },
{ "type": "Feature", "properties": { "Name": "Untitled Polygon", "description": null, "timestamp": null, "begin": null, "end": null, "altitudeMode": null, "tessellate": 1, "extrude": 0, "visibility": -1, "drawOrder": null, "icon": null, "class": 2 }, "geometry": { "type": "Polygon", "coordinates": [ [ [ 51.574195941782001, 32.693504756035288, 0.0 ], [ 51.575378794705827, 32.693445979694019, 0.0 ], [ 51.574944788416403, 32.694220642068672, 0.0 ], [ 51.574195941782001, 32.693504756035288, 0.0 ] ] ] } },
{ "type": "Feature", "properties": { "Name": "Untitled Polygon", "description": null, "timestamp": null, "begin": null, "end": null, "altitudeMode": null, "tessellate": 1, "extrude": 0, "visibility": -1, "drawOrder": null, "icon": null, "class": 2 }, "geometry": { "type": "Polygon", "coordinates": [ [ [ 51.573308427031527, 32.695839777341511, 0.0 ], [ 51.573921974623133, 32.69537522483791, 0.0 ], [ 51.573676644258263, 32.696201374814187, 0.0 ], [ 51.573308427031527, 32.695839777341511, 0.0 ] ] ] } },
{ "type": "Feature", "properties": { "Name": "Untitled Polygon", "description": null, "timestamp": null, "begin": null, "end": null, "altitudeMode": null, "tessellate": 1, "extrude": 0, "visibility": -1, "drawOrder": null, "icon": null, "class": 2 }, "geometry": { "type": "Polygon", "coordinates": [ [ [ 51.571025417909617, 32.694358932652307, 0.0 ], [ 51.572052570513293, 32.694397764590981, 0.0 ], [ 51.57151460784732, 32.695053522910307, 0.0 ], [ 51.571025417909617, 32.694358932652307, 0.0 ] ] ] } },
{ "type": "Feature", "properties": { "Name": "Untitled Polygon", "description": null, "timestamp": null, "begin": null, "end": null, "altitudeMode": null, "tessellate": 1, "extrude": 0, "visibility": -1, "drawOrder": null, "icon": null, "class": 2 }, "geometry": { "type": "Polygon", "coordinates": [ [ [ 51.575710226717547, 32.695316360102851, 0.0 ], [ 51.576710800951453, 32.694893940435058, 0.0 ], [ 51.576376510873352, 32.69558241306558, 0.0 ], [ 51.575710226717547, 32.695316360102851, 0.0 ] ] ] } },
{ "type": "Feature", "properties": { "Name": "Untitled Polygon", "description": null, "timestamp": null, "begin": null, "end": null, "altitudeMode": null, "tessellate": 1, "extrude": 0, "visibility": -1, "drawOrder": null, "icon": null, "class": 2 }, "geometry": { "type": "Polygon", "coordinates": [ [ [ 51.571393428062308, 32.698453147289797, 0.0 ], [ 51.571929822523998, 32.698447558332418, 0.0 ], [ 51.571608552549897, 32.698994463411921, 0.0 ], [ 51.571393428062308, 32.698453147289797, 0.0 ] ] ] } },
{ "type": "Feature", "properties": { "Name": "Untitled Polygon", "description": null, "timestamp": null, "begin": null, "end": null, "altitudeMode": null, "tessellate": 1, "extrude": 0, "visibility": -1, "drawOrder": null, "icon": null, "class": 2 }, "geometry": { "type": "Polygon", "coordinates": [ [ [ 51.555752099645758, 32.713020648302688, 0.0 ], [ 51.556762994960863, 32.713002836652372, 0.0 ], [ 51.556764608665198, 32.713024700081753, 0.0 ], [ 51.556585121575978, 32.713786860309938, 0.0 ], [ 51.555752099645758, 32.713020648302688, 0.0 ] ] ] } },
{ "type": "Feature", "properties": { "Name": "Untitled Polygon", "description": null, "timestamp": null, "begin": null, "end": null, "altitudeMode": null, "tessellate": 1, "extrude": 0, "visibility": -1, "drawOrder": null, "icon": null, "class": 2 }, "geometry": { "type": "Polygon", "coordinates": [ [ [ 51.556890018600527, 32.712475081767167, 0.0 ], [ 51.557786826237567, 32.712063896017398, 0.0 ], [ 51.557815351233941, 32.712055811543912, 0.0 ], [ 51.55690964957229, 32.712838607105489, 0.0 ], [ 51.556890018600527, 32.712475081767167, 0.0 ] ] ] } },
{ "type": "Feature", "properties": { "Name": "Untitled Polygon", "description": null, "timestamp": null, "begin": null, "end": null, "altitudeMode": null, "tessellate": 1, "extrude": 0, "visibility": -1, "drawOrder": null, "icon": null, "class": 2 }, "geometry": { "type": "Polygon", "coordinates": [ [ [ 51.557603352099839, 32.71398673950312, 0.0 ], [ 51.557275545428567, 32.714601006884578, 0.0 ], [ 51.556913204510607, 32.714466397949003, 0.0 ], [ 51.557603352099839, 32.71398673950312, 0.0 ] ] ] } },
{ "type": "Feature", "properties": { "Name": "Untitled Polygon", "description": null, "timestamp": null, "begin": null, "end": null, "altitudeMode": null, "tessellate": 1, "extrude": 0, "visibility": -1, "drawOrder": null, "icon": null, "class": 2 }, "geometry": { "type": "Polygon", "coordinates": [ [ [ 51.561581956499268, 32.713124909169508, 0.0 ], [ 51.561940844669692, 32.712844269559007, 0.0 ], [ 51.561997183143383, 32.713321752850263, 0.0 ], [ 51.561581956499268, 32.713124909169508, 0.0 ] ] ] } },
{ "type": "Feature", "properties": { "Name": "Untitled Polygon", "description": null, "timestamp": null, "begin": null, "end": null, "altitudeMode": null, "tessellate": 1, "extrude": 0, "visibility": -1, "drawOrder": null, "icon": null, "class": 2 }, "geometry": { "type": "Polygon", "coordinates": [ [ [ 51.564625266173373, 32.720197366145918, 0.0 ], [ 51.56513246446184, 32.720201109212958, 0.0 ], [ 51.564919155315998, 32.720518156498279, 0.0 ], [ 51.564625266173373, 32.720197366145918, 0.0 ] ] ] } },
{ "type": "Feature", "properties": { "Name": "Untitled Polygon", "description": null, "timestamp": null, "begin": null, "end": null, "altitudeMode": null, "tessellate": 1, "extrude": 0, "visibility": -1, "drawOrder": null, "icon": null, "class": 2 }, "geometry": { "type": "Polygon", "coordinates": [ [ [ 51.568588648728984, 32.712301683852012, 0.0 ], [ 51.56924773114936, 32.712321567755218, 0.0 ], [ 51.569135382167687, 32.712895958190551, 0.0 ], [ 51.568474670191023, 32.712777649123502, 0.0 ], [ 51.568588648728984, 32.712301683852012, 0.0 ] ] ] } },
{ "type": "Feature", "properties": { "Name": "Untitled Polygon", "description": null, "timestamp": null, "begin": null, "end": null, "altitudeMode": null, "tessellate": 1, "extrude": 0, "visibility": -1, "drawOrder": null, "icon": null, "class": 2 }, "geometry": { "type": "Polygon", "coordinates": [ [ [ 51.541695891127567, 32.693887258590941, 0.0 ], [ 51.542258314985652, 32.693837017367393, 0.0 ], [ 51.542013382376759, 32.694179359348517, 0.0 ], [ 51.541695891127567, 32.693887258590941, 0.0 ] ] ] } },
{ "type": "Feature", "properties": { "Name": "Untitled Polygon", "description": null, "timestamp": null, "begin": null, "end": null, "altitudeMode": null, "tessellate": 1, "extrude": 0, "visibility": -1, "drawOrder": null, "icon": null, "class": 2 }, "geometry": { "type": "Polygon", "coordinates": [ [ [ 51.54038095845295, 32.699140080830432, 0.0 ], [ 51.540649531441332, 32.699115605060932, 0.0 ], [ 51.540665454023781, 32.699426332014063, 0.0 ], [ 51.54038095845295, 32.699140080830432, 0.0 ] ] ] } },
{ "type": "Feature", "properties": { "Name": "Untitled Polygon", "description": null, "timestamp": null, "begin": null, "end": null, "altitudeMode": null, "tessellate": 1, "extrude": 0, "visibility": -1, "drawOrder": null, "icon": null, "class": 2 }, "geometry": { "type": "Polygon", "coordinates": [ [ [ 51.543702461455901, 32.701297663061197, 0.0 ], [ 51.544294081566882, 32.701156112391551, 0.0 ], [ 51.543934400622952, 32.701691170678053, 0.0 ], [ 51.543702461455901, 32.701297663061197, 0.0 ] ] ] } },
{ "type": "Feature", "properties": { "Name": "Untitled Polygon", "description": null, "timestamp": null, "begin": null, "end": null, "altitudeMode": null, "tessellate": 1, "extrude": 0, "visibility": -1, "drawOrder": null, "icon": null, "class": 2 }, "geometry": { "type": "Polygon", "coordinates": [ [ [ 51.540814956762951, 32.701299281820951, 0.0 ], [ 51.541197362671092, 32.701596942262881, 0.0 ], [ 51.540652042058909, 32.701847071728437, 0.0 ], [ 51.540814956762951, 32.701299281820951, 0.0 ] ] ] } },
{ "type": "Feature", "properties": { "Name": "Untitled Polygon", "description": null, "timestamp": null, "begin": null, "end": null, "altitudeMode": null, "tessellate": 1, "extrude": 0, "visibility": -1, "drawOrder": null, "icon": null, "class": 2 }, "geometry": { "type": "Polygon", "coordinates": [ [ [ 51.545350954636973, 32.701946187249398, 0.0 ], [ 51.545620007406811, 32.702121060389622, 0.0 ], [ 51.545030395218511, 32.702229592561423, 0.0 ], [ 51.545350954636973, 32.701946187249398, 0.0 ] ] ] } },
{ "type": "Feature", "properties": { "Name": "Untitled Polygon", "description": null, "timestamp": null, "begin": null, "end": null, "altitudeMode": null, "tessellate": 1, "extrude": 0, "visibility": -1, "drawOrder": null, "icon": null, "class": 2 }, "geometry": { "type": "Polygon", "coordinates": [ [ [ 51.54693828447266, 32.700731905461041, 0.0 ], [ 51.545944304507962, 32.700243197309703, 0.0 ], [ 51.546296679834342, 32.699765868924217, 0.0 ], [ 51.54693828447266, 32.700731905461041, 0.0 ] ] ] } },
{ "type": "Feature", "properties": { "Name": "Untitled Polygon", "description": null, "timestamp": null, "begin": null, "end": null, "altitudeMode": null, "tessellate": 1, "extrude": 0, "visibility": -1, "drawOrder": null, "icon": null, "class": 2 }, "geometry": { "type": "Polygon", "coordinates": [ [ [ 51.545638101552491, 32.69964108659191, 0.0 ], [ 51.546107373206723, 32.699465958968858, 0.0 ], [ 51.54599131163517, 32.699797989042501, 0.0 ], [ 51.545638101552491, 32.69964108659191, 0.0 ] ] ] } },
{ "type": "Feature", "properties": { "Name": "Untitled Polygon", "description": null, "timestamp": null, "begin": null, "end": null, "altitudeMode": null, "tessellate": 1, "extrude": 0, "visibility": -1, "drawOrder": null, "icon": null, "class": 2 }, "geometry": { "type": "Polygon", "coordinates": [ [ [ 51.546472375398302, 32.705533868128477, 0.0 ], [ 51.546937421261212, 32.70534827102523, 0.0 ], [ 51.547611583917202, 32.705894172860617, 0.0 ], [ 51.547509286291323, 32.706346474356948, 0.0 ], [ 51.546472375398302, 32.705533868128477, 0.0 ] ] ] } },
{ "type": "Feature", "properties": { "Name": "Untitled Polygon", "description": null, "timestamp": null, "begin": null, "end": null, "altitudeMode": null, "tessellate": 1, "extrude": 0, "visibility": -1, "drawOrder": null, "icon": null, "class": 2 }, "geometry": { "type": "Polygon", "coordinates": [ [ [ 51.547835646227561, 32.706692946617267, 0.0 ], [ 51.548180844888257, 32.706740463357157, 0.0 ], [ 51.548169262283061, 32.706989978343053, 0.0 ], [ 51.547835646227561, 32.706692946617267, 0.0 ] ] ] } },
{ "type": "Feature", "properties": { "Name": "Untitled Polygon", "description": null, "timestamp": null, "begin": null, "end": null, "altitudeMode": null, "tessellate": 1, "extrude": 0, "visibility": -1, "drawOrder": null, "icon": null, "class": 2 }, "geometry": { "type": "Polygon", "coordinates": [ [ [ 51.54471720007033, 32.702397158940151, 0.0 ], [ 51.545019803288717, 32.702788553672526, 0.0 ], [ 51.54496447857273, 32.703001838061702, 0.0 ], [ 51.54477995401605, 32.703207248867663, 0.0 ], [ 51.54471720007033, 32.702397158940151, 0.0 ] ] ] } },
{ "type": "Feature", "properties": { "Name": "Untitled Polygon", "description": null, "timestamp": null, "begin": null, "end": null, "altitudeMode": null, "tessellate": 1, "extrude": 0, "visibility": -1, "drawOrder": null, "icon": null, "class": 2 }, "geometry": { "type": "Polygon", "coordinates": [ [ [ 51.534053559665821, 32.700376666363127, 0.0 ], [ 51.534233301649543, 32.700830139290829, 0.0 ], [ 51.53376452302966, 32.700557548002159, 0.0 ], [ 51.534053559665821, 32.700376666363127, 0.0 ] ] ] } },
{ "type": "Feature", "properties": { "Name": "Untitled Polygon", "description": null, "timestamp": null, "begin": null, "end": null, "altitudeMode": null, "tessellate": 1, "extrude": 0, "visibility": -1, "drawOrder": null, "icon": null, "class": 2 }, "geometry": { "type": "Polygon", "coordinates": [ [ [ 51.536451454399298, 32.701661859837728, 0.0 ], [ 51.53614260229039, 32.701973905612938, 0.0 ], [ 51.536137137533942, 32.701970293735933, 0.0 ], [ 51.536318520388619, 32.701261362693131, 0.0 ], [ 51.536451454399298, 32.701661859837728, 0.0 ] ] ] } },
{ "type": "Feature", "properties": { "Name": "Untitled Polygon", "description": null, "timestamp": null, "begin": null, "end": null, "altitudeMode": null, "tessellate": 1, "extrude": 0, "visibility": -1, "drawOrder": null, "icon": null, "class": 2 }, "geometry": { "type": "Polygon", "coordinates": [ [ [ 51.551705667045809, 32.70692312359683, 0.0 ], [ 51.55167827665494, 32.707168305532349, 0.0 ], [ 51.551260799021271, 32.707279328002478, 0.0 ], [ 51.551705667045809, 32.70692312359683, 0.0 ] ] ] } },
{ "type": "Feature", "properties": { "Name": "Untitled Polygon", "description": null, "timestamp": null, "begin": null, "end": null, "altitudeMode": null, "tessellate": 1, "extrude": 0, "visibility": -1, "drawOrder": null, "icon": null, "class": 2 }, "geometry": { "type": "Polygon", "coordinates": [ [ [ 51.550025178110701, 32.709557452793028, 0.0 ], [ 51.551110135769399, 32.708722400558408, 0.0 ], [ 51.551131578174207, 32.708718885368661, 0.0 ], [ 51.551473820599377, 32.709065027413587, 0.0 ], [ 51.550025178110701, 32.709557452793028, 0.0 ] ] ] } },
{ "type": "Feature", "properties": { "Name": "Untitled Polygon", "description": null, "timestamp": null, "begin": null, "end": null, "altitudeMode": null, "tessellate": 1, "extrude": 0, "visibility": -1, "drawOrder": null, "icon": null, "class": 2 }, "geometry": { "type": "Polygon", "coordinates": [ [ [ 51.551757648489428, 32.710705365685072, 0.0 ], [ 51.552646563170399, 32.710205365017629, 0.0 ], [ 51.552206006441743, 32.711045951612427, 0.0 ], [ 51.551757648489428, 32.710705365685072, 0.0 ] ] ] } },
{ "type": "Feature", "properties": { "Name": "Untitled Polygon", "description": null, "timestamp": null, "begin": null, "end": null, "altitudeMode": null, "tessellate": 1, "extrude": 0, "visibility": -1, "drawOrder": null, "icon": null, "class": 2 }, "geometry": { "type": "Polygon", "coordinates": [ [ [ 51.552971309223068, 32.709502579829831, 0.0 ], [ 51.553232578492832, 32.709511798000463, 0.0 ], [ 51.552941874500007, 32.709983344747123, 0.0 ], [ 51.552971309223068, 32.709502579829831, 0.0 ] ] ] } },
{ "type": "Feature", "properties": { "Name": "Untitled Polygon", "description": null, "timestamp": null, "begin": null, "end": null, "altitudeMode": null, "tessellate": 1, "extrude": 0, "visibility": -1, "drawOrder": null, "icon": null, "class": 2 }, "geometry": { "type": "Polygon", "coordinates": [ [ [ 51.554002276899617, 32.709499150960248, 0.0 ], [ 51.554289705109909, 32.70982129735323, 0.0 ], [ 51.553891880624597, 32.709888850001349, 0.0 ], [ 51.554002276899617, 32.709499150960248, 0.0 ] ] ] } },
{ "type": "Feature", "properties": { "Name": "Untitled Polygon", "description": null, "timestamp": null, "begin": null, "end": null, "altitudeMode": null, "tessellate": 1, "extrude": 0, "visibility": -1, "drawOrder": null, "icon": null, "class": 2 }, "geometry": { "type": "Polygon", "coordinates": [ [ [ 51.513823271850697, 32.51963590425995, 0.0 ], [ 51.512047369390523, 32.520612294025057, 0.0 ], [ 51.512005351417052, 32.51912201587249, 0.0 ], [ 51.513823271850697, 32.51963590425995, 0.0 ] ] ] } },
{ "type": "Feature", "properties": { "Name": "Untitled Polygon", "description": null, "timestamp": null, "begin": null, "end": null, "altitudeMode": null, "tessellate": 1, "extrude": 0, "visibility": -1, "drawOrder": null, "icon": null, "class": 2 }, "geometry": { "type": "Polygon", "coordinates": [ [ [ 51.507202782517403, 32.512289715039117, 0.0 ], [ 51.508162998537948, 32.511639970781353, 0.0 ], [ 51.507425262615087, 32.513318155916139, 0.0 ], [ 51.507202782517403, 32.512289715039117, 0.0 ] ] ] } },
{ "type": "Feature", "properties": { "Name": "Untitled Polygon", "description": null, "timestamp": null, "begin": null, "end": null, "altitudeMode": null, "tessellate": 1, "extrude": 0, "visibility": -1, "drawOrder": null, "icon": null, "class": 2 }, "geometry": { "type": "Polygon", "coordinates": [ [ [ 51.521367724624902, 32.519197131420988, 0.0 ], [ 51.520355346165822, 32.520747197193451, 0.0 ], [ 51.520323727062276, 32.519008574475343, 0.0 ], [ 51.521367724624902, 32.519197131420988, 0.0 ] ] ] } },
{ "type": "Feature", "properties": { "Name": "Untitled Polygon", "description": null, "timestamp": null, "begin": null, "end": null, "altitudeMode": null, "tessellate": 1, "extrude": 0, "visibility": -1, "drawOrder": null, "icon": null, "class": 2 }, "geometry": { "type": "Polygon", "coordinates": [ [ [ 51.519642518844989, 32.527026613053913, 0.0 ], [ 51.517541767040399, 32.528017447131688, 0.0 ], [ 51.517934430558903, 32.525773125617008, 0.0 ], [ 51.51791762549324, 32.525854982183247, 0.0 ], [ 51.519642518844989, 32.527026613053913, 0.0 ] ] ] } },
{ "type": "Feature", "properties": { "Name": "Untitled Polygon", "description": null, "timestamp": null, "begin": null, "end": null, "altitudeMode": null, "tessellate": 1, "extrude": 0, "visibility": -1, "drawOrder": null, "icon": null, "class": 2 }, "geometry": { "type": "Polygon", "coordinates": [ [ [ 51.515485655375073, 32.523932834273637, 0.0 ], [ 51.513135367931397, 32.524025824149597, 0.0 ], [ 51.513696720289261, 32.522563547173888, 0.0 ], [ 51.515485655375073, 32.523932834273637, 0.0 ] ] ] } },
{ "type": "Feature", "properties": { "Name": "Untitled Polygon", "description": null, "timestamp": null, "begin": null, "end": null, "altitudeMode": null, "tessellate": 1, "extrude": 0, "visibility": -1, "drawOrder": null, "icon": null, "class": 2 }, "geometry": { "type": "Polygon", "coordinates": [ [ [ 51.52767482158081, 32.53289804856152, 0.0 ], [ 51.5300984009112, 32.531387695101706, 0.0 ], [ 51.529636584640492, 32.533777696861527, 0.0 ], [ 51.52767482158081, 32.53289804856152, 0.0 ] ] ] } },
{ "type": "Feature", "properties": { "Name": "Untitled Polygon", "description": null, "timestamp": null, "begin": null, "end": null, "altitudeMode": null, "tessellate": 1, "extrude": 0, "visibility": -1, "drawOrder": null, "icon": null, "class": 2 }, "geometry": { "type": "Polygon", "coordinates": [ [ [ 51.44647211431711, 32.520663673470537, 0.0 ], [ 51.448922600331287, 32.504236954267938, 0.0 ], [ 51.456695764704598, 32.504439233176093, 0.0 ], [ 51.457136965013717, 32.513098448341303, 0.0 ], [ 51.457138666852003, 32.513133928629877, 0.0 ], [ 51.44647211431711, 32.520663673470537, 0.0 ] ] ] } },
{ "type": "Feature", "properties": { "Name": "Untitled Polygon", "description": null, "timestamp": null, "begin": null, "end": null, "altitudeMode": null, "tessellate": 1, "extrude": 0, "visibility": -1, "drawOrder": null, "icon": null, "class": 2 }, "geometry": { "type": "Polygon", "coordinates": [ [ [ 51.434321039012019, 32.519918306462387, 0.0 ], [ 51.438837614936659, 32.502573013723328, 0.0 ], [ 51.438868618477947, 32.502498439687407, 0.0 ], [ 51.443540446063338, 32.50237170330044, 0.0 ], [ 51.442422673635008, 32.516746566443459, 0.0 ], [ 51.442422650302483, 32.516877533910417, 0.0 ], [ 51.434321039012019, 32.519918306462387, 0.0 ] ] ] } },
{ "type": "Feature", "properties": { "Name": "Untitled Polygon", "description": null, "timestamp": null, "begin": null, "end": null, "altitudeMode": null, "tessellate": 1, "extrude": 0, "visibility": -1, "drawOrder": null, "icon": null, "class": 2 }, "geometry": { "type": "Polygon", "coordinates": [ [ [ 51.41723250091524, 32.508012510592472, 0.0 ], [ 51.418949883922579, 32.502568144020003, 0.0 ], [ 51.418955960340007, 32.502543867666098, 0.0 ], [ 51.42617827107685, 32.505908902094667, 0.0 ], [ 51.41723250091524, 32.508012510592472, 0.0 ] ] ] } },
{ "type": "Feature", "properties": { "Name": "Untitled Polygon", "description": null, "timestamp": null, "begin": null, "end": null, "altitudeMode": null, "tessellate": 1, "extrude": 0, "visibility": -1, "drawOrder": null, "icon": null, "class": 2 }, "geometry": { "type": "Polygon", "coordinates": [ [ [ 51.430937093489042, 32.50482104238354, 0.0 ], [ 51.430654827843469, 32.500623592358409, 0.0 ], [ 51.436513185154652, 32.504027162434767, 0.0 ], [ 51.430937093489042, 32.50482104238354, 0.0 ] ] ] } },
{ "type": "Feature", "properties": { "Name": "Untitled Polygon", "description": null, "timestamp": null, "begin": null, "end": null, "altitudeMode": null, "tessellate": 1, "extrude": 0, "visibility": -1, "drawOrder": null, "icon": null, "class": 2 }, "geometry": { "type": "Polygon", "coordinates": [ [ [ 51.786964161697682, 32.737837833205312, 0.0 ], [ 51.789180491269462, 32.736606290743481, 0.0 ], [ 51.78940744547787, 32.73723038405069, 0.0 ], [ 51.786964161697682, 32.737837833205312, 0.0 ] ] ] } },
{ "type": "Feature", "properties": { "Name": "Untitled Polygon", "description": null, "timestamp": null, "begin": null, "end": null, "altitudeMode": null, "tessellate": 1, "extrude": 0, "visibility": -1, "drawOrder": null, "icon": null, "class": 2 }, "geometry": { "type": "Polygon", "coordinates": [ [ [ 51.797916975577031, 32.730934694888688, 0.0 ], [ 51.79917565382614, 32.730559826951101, 0.0 ], [ 51.797187072569479, 32.731953918284169, 0.0 ], [ 51.797916975577031, 32.730934694888688, 0.0 ] ] ] } },
{ "type": "Feature", "properties": { "Name": "Untitled Polygon", "description": null, "timestamp": null, "begin": null, "end": null, "altitudeMode": null, "tessellate": 1, "extrude": 0, "visibility": -1, "drawOrder": null, "icon": null, "class": 2 }, "geometry": { "type": "Polygon", "coordinates": [ [ [ 51.800262382610121, 32.727193425375447, 0.0 ], [ 51.800015328415981, 32.728228743164649, 0.0 ], [ 51.79874716325056, 32.728013472588387, 0.0 ], [ 51.800262382610121, 32.727193425375447, 0.0 ] ] ] } },
{ "type": "Feature", "properties": { "Name": "Untitled Polygon", "description": null, "timestamp": null, "begin": null, "end": null, "altitudeMode": null, "tessellate": 1, "extrude": 0, "visibility": -1, "drawOrder": null, "icon": null, "class": 2 }, "geometry": { "type": "Polygon", "coordinates": [ [ [ 51.909923719370212, 32.69510392598751, 0.0 ], [ 51.908474595479618, 32.696413681563477, 0.0 ], [ 51.907766174168692, 32.694726725592353, 0.0 ], [ 51.909923719370212, 32.69510392598751, 0.0 ] ] ] } },
{ "type": "Feature", "properties": { "Name": "Untitled Polygon", "description": null, "timestamp": null, "begin": null, "end": null, "altitudeMode": null, "tessellate": 1, "extrude": 0, "visibility": -1, "drawOrder": null, "icon": null, "class": 2 }, "geometry": { "type": "Polygon", "coordinates": [ [ [ 51.811446537449463, 32.714066027308, 0.0 ], [ 51.811502976916273, 32.715732379351017, 0.0 ], [ 51.810816394201872, 32.715282347998539, 0.0 ], [ 51.811446537449463, 32.714066027308, 0.0 ] ] ] } },
{ "type": "Feature", "properties": { "Name": "Untitled Polygon", "description": null, "timestamp": null, "begin": null, "end": null, "altitudeMode": null, "tessellate": 1, "extrude": 0, "visibility": -1, "drawOrder": null, "icon": null, "class": 2 }, "geometry": { "type": "Polygon", "coordinates": [ [ [ 51.805473286580472, 32.703922249947858, 0.0 ], [ 51.808553490868427, 32.703948067189621, 0.0 ], [ 51.809130816568597, 32.70867894602582, 0.0 ], [ 51.806098804104458, 32.709302030698041, 0.0 ], [ 51.805473286580472, 32.703922249947858, 0.0 ] ] ] } },
{ "type": "Feature", "properties": { "Name": "Untitled Polygon", "description": null, "timestamp": null, "begin": null, "end": null, "altitudeMode": null, "tessellate": 1, "extrude": 0, "visibility": -1, "drawOrder": null, "icon": null, "class": 2 }, "geometry": { "type": "Polygon", "coordinates": [ [ [ 51.799262447324352, 32.689032736797522, 0.0 ], [ 51.798351153376338, 32.69079895381261, 0.0 ], [ 51.794313262485467, 32.689637555205998, 0.0 ], [ 51.799262447324352, 32.689032736797522, 0.0 ] ] ] } },
{ "type": "Feature", "properties": { "Name": "Untitled Polygon", "description": null, "timestamp": null, "begin": null, "end": null, "altitudeMode": null, "tessellate": 1, "extrude": 0, "visibility": -1, "drawOrder": null, "icon": null, "class": 2 }, "geometry": { "type": "Polygon", "coordinates": [ [ [ 51.793108101604638, 32.691279206268092, 0.0 ], [ 51.794013018276438, 32.69166571325124, 0.0 ], [ 51.794621621320502, 32.692922208061027, 0.0 ], [ 51.793609913010762, 32.692456308473183, 0.0 ], [ 51.793108101604638, 32.691279206268092, 0.0 ] ] ] } },
{ "type": "Feature", "properties": { "Name": "Untitled Polygon", "description": null, "timestamp": null, "begin": null, "end": null, "altitudeMode": null, "tessellate": 1, "extrude": 0, "visibility": -1, "drawOrder": null, "icon": null, "class": 2 }, "geometry": { "type": "Polygon", "coordinates": [ [ [ 51.772939900462383, 32.66647806318695, 0.0 ], [ 51.776295569668569, 32.66329570033259, 0.0 ], [ 51.77746521358447, 32.666159537131392, 0.0 ], [ 51.772939900462383, 32.66647806318695, 0.0 ] ] ] } },
{ "type": "Feature", "properties": { "Name": "Untitled Polygon", "description": null, "timestamp": null, "begin": null, "end": null, "altitudeMode": null, "tessellate": 1, "extrude": 0, "visibility": -1, "drawOrder": null, "icon": null, "class": 2 }, "geometry": { "type": "Polygon", "coordinates": [ [ [ 51.777365468726238, 32.661122774268037, 0.0 ], [ 51.779105059235377, 32.659665545857983, 0.0 ], [ 51.779490931051917, 32.661245263798278, 0.0 ], [ 51.777365468726238, 32.661122774268037, 0.0 ] ] ] } },
{ "type": "Feature", "properties": { "Name": "Untitled Polygon", "description": null, "timestamp": null, "begin": null, "end": null, "altitudeMode": null, "tessellate": 1, "extrude": 0, "visibility": -1, "drawOrder": null, "icon": null, "class": 2 }, "geometry": { "type": "Polygon", "coordinates": [ [ [ 51.76856205709047, 32.781699512675587, 0.0 ], [ 51.77750787032469, 32.776564243423167, 0.0 ], [ 51.783436803216453, 32.785729927991532, 0.0 ], [ 51.76856205709047, 32.781699512675587, 0.0 ] ] ] } },
{ "type": "Feature", "properties": { "Name": "Untitled Polygon", "description": null, "timestamp": null, "begin": null, "end": null, "altitudeMode": null, "tessellate": 1, "extrude": 0, "visibility": -1, "drawOrder": null, "icon": null, "class": 2 }, "geometry": { "type": "Polygon", "coordinates": [ [ [ 51.764862553525631, 32.773432105785979, 0.0 ], [ 51.766855574157219, 32.777176433698173, 0.0 ], [ 51.754869024005799, 32.778835873661762, 0.0 ], [ 51.764862553525631, 32.773432105785979, 0.0 ] ] ] } },
{ "type": "Feature", "properties": { "Name": "Untitled Polygon", "description": null, "timestamp": null, "begin": null, "end": null, "altitudeMode": null, "tessellate": 1, "extrude": 0, "visibility": -1, "drawOrder": null, "icon": null, "class": 2 }, "geometry": { "type": "Polygon", "coordinates": [ [ [ 51.768795704600819, 32.784230026585718, 0.0 ], [ 51.774760184802219, 32.786830701352002, 0.0 ], [ 51.767678845055478, 32.790138727579588, 0.0 ], [ 51.768795704600819, 32.784230026585718, 0.0 ] ] ] } },
{ "type": "Feature", "properties": { "Name": "Untitled Polygon", "description": null, "timestamp": null, "begin": null, "end": null, "altitudeMode": null, "tessellate": 1, "extrude": 0, "visibility": -1, "drawOrder": null, "icon": null, "class": 2 }, "geometry": { "type": "Polygon", "coordinates": [ [ [ 51.7965626225118, 32.778852181069539, 0.0 ], [ 51.802192344562897, 32.782427950318308, 0.0 ], [ 51.805963236317147, 32.792072786963402, 0.0 ], [ 51.795709600147013, 32.79204403445263, 0.0 ], [ 51.7965626225118, 32.778852181069539, 0.0 ] ] ] } },
{ "type": "Feature", "properties": { "Name": "Untitled Polygon", "description": null, "timestamp": null, "begin": null, "end": null, "altitudeMode": null, "tessellate": 1, "extrude": 0, "visibility": -1, "drawOrder": null, "icon": null, "class": 2 }, "geometry": { "type": "Polygon", "coordinates": [ [ [ 51.787280963457619, 32.77518451372427, 0.0 ], [ 51.788828502537818, 32.773293135589228, 0.0 ], [ 51.791524879327348, 32.774644081153212, 0.0 ], [ 51.787280963457619, 32.77518451372427, 0.0 ] ] ] } },
{ "type": "Feature", "properties": { "Name": "Untitled Polygon", "description": null, "timestamp": null, "begin": null, "end": null, "altitudeMode": null, "tessellate": 1, "extrude": 0, "visibility": -1, "drawOrder": null, "icon": null, "class": 2 }, "geometry": { "type": "Polygon", "coordinates": [ [ [ 51.800462707853789, 32.769849740874093, 0.0 ], [ 51.805701873174669, 32.765081715537853, 0.0 ], [ 51.8077108479199, 32.769907564857803, 0.0 ], [ 51.800462707853789, 32.769849740874093, 0.0 ] ] ] } },
{ "type": "Feature", "properties": { "Name": "Untitled Polygon", "description": null, "timestamp": null, "begin": null, "end": null, "altitudeMode": null, "tessellate": 1, "extrude": 0, "visibility": -1, "drawOrder": null, "icon": null, "class": 2 }, "geometry": { "type": "Polygon", "coordinates": [ [ [ 51.759199067264532, 32.765092334668928, 0.0 ], [ 51.75854924121559, 32.758751349749303, 0.0 ], [ 51.76466788611269, 32.76189422455105, 0.0 ], [ 51.759199067264532, 32.765092334668928, 0.0 ] ] ] } },
{ "type": "Feature", "properties": { "Name": "Untitled Polygon", "description": null, "timestamp": null, "begin": null, "end": null, "altitudeMode": null, "tessellate": 1, "extrude": 0, "visibility": -1, "drawOrder": null, "icon": null, "class": 2 }, "geometry": { "type": "Polygon", "coordinates": [ [ [ 51.814357547596387, 32.801107036643579, 0.0 ], [ 51.804449405816051, 32.810323621283537, 0.0 ], [ 51.802275192708301, 32.802036858326332, 0.0 ], [ 51.814357547596387, 32.801107036643579, 0.0 ] ] ] } },
{ "type": "Feature", "properties": { "Name": "Untitled Polygon", "description": null, "timestamp": null, "begin": null, "end": null, "altitudeMode": null, "tessellate": 1, "extrude": 0, "visibility": -1, "drawOrder": null, "icon": null, "class": 2 }, "geometry": { "type": "Polygon", "coordinates": [ [ [ 51.829760905840047, 32.823727886676018, 0.0 ], [ 51.832259722273321, 32.824021347622633, 0.0 ], [ 51.834456008926367, 32.826870734218943, 0.0 ], [ 51.830175196165428, 32.826837986029503, 0.0 ], [ 51.829760905840047, 32.823727886676018, 0.0 ] ] ] } },
{ "type": "Feature", "properties": { "Name": "Untitled Polygon", "description": null, "timestamp": null, "begin": null, "end": null, "altitudeMode": null, "tessellate": 1, "extrude": 0, "visibility": -1, "drawOrder": null, "icon": null, "class": 2 }, "geometry": { "type": "Polygon", "coordinates": [ [ [ 51.777591441399572, 32.785526526331672, 0.0 ], [ 51.786036147006719, 32.787159668649061, 0.0 ], [ 51.774432880284053, 32.792044336785111, 0.0 ], [ 51.777591441399572, 32.785526526331672, 0.0 ] ] ] } },
{ "type": "Feature", "properties": { "Name": "Untitled Polygon", "description": null, "timestamp": null, "begin": null, "end": null, "altitudeMode": null, "tessellate": 1, "extrude": 0, "visibility": -1, "drawOrder": null, "icon": null, "class": 2 }, "geometry": { "type": "Polygon", "coordinates": [ [ [ 51.786599402114547, 32.786643468173253, 0.0 ], [ 51.78275603516532, 32.778265432546497, 0.0 ], [ 51.792436979322403, 32.779450566960811, 0.0 ], [ 51.786599402114547, 32.786643468173253, 0.0 ] ] ] } },
{ "type": "Feature", "properties": { "Name": "Untitled Polygon", "description": null, "timestamp": null, "begin": null, "end": null, "altitudeMode": null, "tessellate": 1, "extrude": 0, "visibility": -1, "drawOrder": null, "icon": null, "class": 2 }, "geometry": { "type": "Polygon", "coordinates": [ [ [ 51.768653235635341, 32.770502357905073, 0.0 ], [ 51.76715783677593, 32.772480149232379, 0.0 ], [ 51.765107072756628, 32.765638660431627, 0.0 ], [ 51.768653235635341, 32.770502357905073, 0.0 ] ] ] } },
{ "type": "Feature", "properties": { "Name": "Untitled Polygon", "description": null, "timestamp": null, "begin": null, "end": null, "altitudeMode": null, "tessellate": 1, "extrude": 0, "visibility": -1, "drawOrder": null, "icon": null, "class": 2 }, "geometry": { "type": "Polygon", "coordinates": [ [ [ 51.77909214746159, 32.769058216827659, 0.0 ], [ 51.775745679049827, 32.77140277175878, 0.0 ], [ 51.772837280865858, 32.764240313497531, 0.0 ], [ 51.77909214746159, 32.769058216827659, 0.0 ] ] ] } },
{ "type": "Feature", "properties": { "Name": "Untitled Polygon", "description": null, "timestamp": null, "begin": null, "end": null, "altitudeMode": null, "tessellate": 1, "extrude": 0, "visibility": -1, "drawOrder": null, "icon": null, "class": 2 }, "geometry": { "type": "Polygon", "coordinates": [ [ [ 51.650214983893328, 32.80204142286965, 0.0 ], [ 51.65369001648169, 32.800808699967192, 0.0 ], [ 51.655832446576532, 32.802702661739502, 0.0 ], [ 51.656711578580939, 32.807373007153039, 0.0 ], [ 51.651908474609783, 32.808242398604811, 0.0 ], [ 51.649911353082807, 32.808495113126227, 0.0 ], [ 51.650214983893328, 32.80204142286965, 0.0 ] ] ] } },
{ "type": "Feature", "properties": { "Name": "Untitled Polygon", "description": null, "timestamp": null, "begin": null, "end": null, "altitudeMode": null, "tessellate": 1, "extrude": 0, "visibility": -1, "drawOrder": null, "icon": null, "class": 2 }, "geometry": { "type": "Polygon", "coordinates": [ [ [ 51.628467088998782, 32.793155260674098, 0.0 ], [ 51.631644515864387, 32.794329403856189, 0.0 ], [ 51.629533720369743, 32.795076885246978, 0.0 ], [ 51.628467088998782, 32.793155260674098, 0.0 ] ] ] } },
{ "type": "Feature", "properties": { "Name": "Untitled Polygon", "description": null, "timestamp": null, "begin": null, "end": null, "altitudeMode": null, "tessellate": 1, "extrude": 0, "visibility": -1, "drawOrder": null, "icon": null, "class": 2 }, "geometry": { "type": "Polygon", "coordinates": [ [ [ 51.636367337001303, 32.790308249257571, 0.0 ], [ 51.639216881280333, 32.791361606424339, 0.0 ], [ 51.636939071989218, 32.792452552866273, 0.0 ], [ 51.636367337001303, 32.790308249257571, 0.0 ] ] ] } },
{ "type": "Feature", "properties": { "Name": "Untitled Polygon", "description": null, "timestamp": null, "begin": null, "end": null, "altitudeMode": null, "tessellate": 1, "extrude": 0, "visibility": -1, "drawOrder": null, "icon": null, "class": 2 }, "geometry": { "type": "Polygon", "coordinates": [ [ [ 51.638935805065422, 32.821927670551993, 0.0 ], [ 51.637284233904801, 32.823315799469619, 0.0 ], [ 51.637222094966162, 32.82173932958294, 0.0 ], [ 51.638935805065422, 32.821927670551993, 0.0 ] ] ] } },
{ "type": "Feature", "properties": { "Name": "1", "description": null, "timestamp": null, "begin": null, "end": null, "altitudeMode": null, "tessellate": 1, "extrude": 0, "visibility": -1, "drawOrder": null, "icon": null, "class": 3 }, "geometry": { "type": "Polygon", "coordinates": [ [ [ 51.301971363999947, 32.90004788241545, 0.0 ], [ 51.310921316671163, 32.852875813192853, 0.0 ], [ 51.371338054256299, 32.897241571245253, 0.0 ], [ 51.301971363999947, 32.90004788241545, 0.0 ] ] ] } },
{ "type": "Feature", "properties": { "Name": "Untitled Polygon", "description": null, "timestamp": null, "begin": null, "end": null, "altitudeMode": null, "tessellate": 1, "extrude": 0, "visibility": -1, "drawOrder": null, "icon": null, "class": 3 }, "geometry": { "type": "Polygon", "coordinates": [ [ [ 51.322392686239887, 32.810198614233983, 0.0 ], [ 51.324996580599567, 32.852204156628517, 0.0 ], [ 51.293409073414239, 32.848355266458277, 0.0 ], [ 51.295378152802712, 32.803162071692697, 0.0 ], [ 51.322392686239887, 32.810198614233983, 0.0 ] ] ] } },
{ "type": "Feature", "properties": { "Name": "Untitled Polygon", "description": null, "timestamp": null, "begin": null, "end": null, "altitudeMode": null, "tessellate": 1, "extrude": 0, "visibility": -1, "drawOrder": null, "icon": null, "class": 3 }, "geometry": { "type": "Polygon", "coordinates": [ [ [ 51.450401383350268, 32.819346772091272, 0.0 ], [ 51.41132455516162, 32.862677366440948, 0.0 ], [ 51.408842667949642, 32.823623531635668, 0.0 ], [ 51.450401383350268, 32.819346772091272, 0.0 ] ] ] } },
{ "type": "Feature", "properties": { "Name": "Untitled Polygon", "description": null, "timestamp": null, "begin": null, "end": null, "altitudeMode": null, "tessellate": 1, "extrude": 0, "visibility": -1, "drawOrder": null, "icon": null, "class": 3 }, "geometry": { "type": "Polygon", "coordinates": [ [ [ 51.37659035474065, 32.841997639334821, 0.0 ], [ 51.37631698515024, 32.84246810594766, 0.0 ], [ 51.347275600074482, 32.853501681570407, 0.0 ], [ 51.350364917604168, 32.819931953254368, 0.0 ], [ 51.37659035474065, 32.841997639334821, 0.0 ] ] ] } },
{ "type": "Feature", "properties": { "Name": "Untitled Polygon", "description": null, "timestamp": null, "begin": null, "end": null, "altitudeMode": null, "tessellate": 1, "extrude": 0, "visibility": -1, "drawOrder": null, "icon": null, "class": 3 }, "geometry": { "type": "Polygon", "coordinates": [ [ [ 51.409291498049143, 32.901436152278919, 0.0 ], [ 51.418499148076549, 32.880358947782533, 0.0 ], [ 51.447187694426752, 32.899518715441047, 0.0 ], [ 51.409291498049143, 32.901436152278919, 0.0 ] ] ] } },
{ "type": "Feature", "properties": { "Name": "Untitled Polygon", "description": null, "timestamp": null, "begin": null, "end": null, "altitudeMode": null, "tessellate": 1, "extrude": 0, "visibility": -1, "drawOrder": null, "icon": null, "class": 3 }, "geometry": { "type": "Polygon", "coordinates": [ [ [ 51.476819141937419, 32.876420969619552, 0.0 ], [ 51.49222242706125, 32.895596331243198, 0.0 ], [ 51.479623235205601, 32.895529720265621, 0.0 ], [ 51.479024357653152, 32.895285311689022, 0.0 ], [ 51.476819141937419, 32.876420969619552, 0.0 ] ] ] } },
{ "type": "Feature", "properties": { "Name": "Untitled Polygon", "description": null, "timestamp": null, "begin": null, "end": null, "altitudeMode": null, "tessellate": 1, "extrude": 0, "visibility": -1, "drawOrder": null, "icon": null, "class": 3 }, "geometry": { "type": "Polygon", "coordinates": [ [ [ 51.355918668457143, 32.807222848047573, 0.0 ], [ 51.372651791367943, 32.784301308955712, 0.0 ], [ 51.384234858720887, 32.823677750829731, 0.0 ], [ 51.355918668457143, 32.807222848047573, 0.0 ] ] ] } },
{ "type": "Feature", "properties": { "Name": "Untitled Polygon", "description": null, "timestamp": null, "begin": null, "end": null, "altitudeMode": null, "tessellate": 1, "extrude": 0, "visibility": -1, "drawOrder": null, "icon": null, "class": 3 }, "geometry": { "type": "Polygon", "coordinates": [ [ [ 51.399458948086711, 32.807562147870307, 0.0 ], [ 51.420918401623041, 32.758001000839947, 0.0 ], [ 51.461417121268219, 32.753203413817729, 0.0 ], [ 51.468575793603883, 32.803285225597179, 0.0 ], [ 51.399458948086711, 32.807562147870307, 0.0 ] ] ] } },
{ "type": "Feature", "properties": { "Name": "Untitled Polygon", "description": null, "timestamp": null, "begin": null, "end": null, "altitudeMode": null, "tessellate": 1, "extrude": 0, "visibility": -1, "drawOrder": null, "icon": null, "class": 3 }, "geometry": { "type": "Polygon", "coordinates": [ [ [ 51.487771994260932, 32.850700429413003, 0.0 ], [ 51.507578000700192, 32.835593167196613, 0.0 ], [ 51.511013400949317, 32.853865171635142, 0.0 ], [ 51.487771994260932, 32.850700429413003, 0.0 ] ] ] } },
{ "type": "Feature", "properties": { "Name": "10", "description": null, "timestamp": null, "begin": null, "end": null, "altitudeMode": null, "tessellate": 1, "extrude": 0, "visibility": -1, "drawOrder": null, "icon": null, "class": 3 }, "geometry": { "type": "Polygon", "coordinates": [ [ [ 51.427458506173977, 32.867520448438498, 0.0 ], [ 51.44643304113626, 32.848760502963977, 0.0 ], [ 51.449579307622798, 32.874047849366967, 0.0 ], [ 51.427458506173977, 32.867520448438498, 0.0 ] ] ] } },
{ "type": "Feature", "properties": { "Name": "Untitled Polygon", "description": null, "timestamp": null, "begin": null, "end": null, "altitudeMode": null, "tessellate": 1, "extrude": 0, "visibility": -1, "drawOrder": null, "icon": null, "class": 3 }, "geometry": { "type": "Polygon", "coordinates": [ [ [ 51.50327456386632, 32.895891991361673, 0.0 ], [ 51.501909081381939, 32.874116279573897, 0.0 ], [ 51.515705930190236, 32.879741065955258, 0.0 ], [ 51.50327456386632, 32.895891991361673, 0.0 ] ] ] } },
{ "type": "Feature", "properties": { "Name": "Untitled Polygon", "description": null, "timestamp": null, "begin": null, "end": null, "altitudeMode": null, "tessellate": 1, "extrude": 0, "visibility": -1, "drawOrder": null, "icon": null, "class": 3 }, "geometry": { "type": "Polygon", "coordinates": [ [ [ 51.377207744906073, 32.750095083804013, 0.0 ], [ 51.417091478500467, 32.702625800380297, 0.0 ], [ 51.454111336117379, 32.725144810449478, 0.0 ], [ 51.377207744906073, 32.750095083804013, 0.0 ] ] ] } },
{ "type": "Feature", "properties": { "Name": "Untitled Polygon", "description": null, "timestamp": null, "begin": null, "end": null, "altitudeMode": null, "tessellate": 1, "extrude": 0, "visibility": -1, "drawOrder": null, "icon": null, "class": 3 }, "geometry": { "type": "Polygon", "coordinates": [ [ [ 51.47803421884705, 32.735136063017663, 0.0 ], [ 51.494301615996143, 32.718485218523057, 0.0 ], [ 51.493931812049148, 32.764510810739942, 0.0 ], [ 51.475115224810729, 32.752808621640817, 0.0 ], [ 51.47803421884705, 32.735136063017663, 0.0 ] ] ] } },
{ "type": "Feature", "properties": { "Name": "Untitled Polygon", "description": null, "timestamp": null, "begin": null, "end": null, "altitudeMode": null, "tessellate": 1, "extrude": 0, "visibility": -1, "drawOrder": null, "icon": null, "class": 3 }, "geometry": { "type": "Polygon", "coordinates": [ [ [ 51.474721130019077, 32.817434395702612, 0.0 ], [ 51.479406057794712, 32.814570654132467, 0.0 ], [ 51.47821181419198, 32.819376938191837, 0.0 ], [ 51.474721130019077, 32.817434395702612, 0.0 ] ] ] } },
{ "type": "Feature", "properties": { "Name": "Untitled Polygon", "description": null, "timestamp": null, "begin": null, "end": null, "altitudeMode": null, "tessellate": 1, "extrude": 0, "visibility": -1, "drawOrder": null, "icon": null, "class": 3 }, "geometry": { "type": "Polygon", "coordinates": [ [ [ 51.478657996905703, 32.778764466008631, 0.0 ], [ 51.473770460223882, 32.772131473365192, 0.0 ], [ 51.47376634657256, 32.770296943962371, 0.0 ], [ 51.473765832861069, 32.770067882219919, 0.0 ], [ 51.490875964185079, 32.776341725695303, 0.0 ], [ 51.478657996905703, 32.778764466008631, 0.0 ] ] ] } },
{ "type": "Feature", "properties": { "Name": "Untitled Polygon", "description": null, "timestamp": null, "begin": null, "end": null, "altitudeMode": null, "tessellate": 1, "extrude": 0, "visibility": -1, "drawOrder": null, "icon": null, "class": 3 }, "geometry": { "type": "Polygon", "coordinates": [ [ [ 51.53210566939169, 32.751632766231118, 0.0 ], [ 51.515181137382612, 32.748509886924943, 0.0 ], [ 51.515168839808368, 32.748743702875707, 0.0 ], [ 51.527979377728812, 32.7320488813317, 0.0 ], [ 51.53210566939169, 32.751632766231118, 0.0 ] ] ] } },
{ "type": "Feature", "properties": { "Name": "Untitled Polygon", "description": null, "timestamp": null, "begin": null, "end": null, "altitudeMode": null, "tessellate": 1, "extrude": 0, "visibility": -1, "drawOrder": null, "icon": null, "class": 3 }, "geometry": { "type": "Polygon", "coordinates": [ [ [ 51.51877781636999, 32.761944156965377, 0.0 ], [ 51.522478764563772, 32.752716800729097, 0.0 ], [ 51.526098223061368, 32.762318649066493, 0.0 ], [ 51.51877781636999, 32.761944156965377, 0.0 ] ] ] } },
{ "type": "Feature", "properties": { "Name": "Untitled Polygon", "description": null, "timestamp": null, "begin": null, "end": null, "altitudeMode": null, "tessellate": 1, "extrude": 0, "visibility": -1, "drawOrder": null, "icon": null, "class": 3 }, "geometry": { "type": "Polygon", "coordinates": [ [ [ 51.382967679828234, 32.689657540829273, 0.0 ], [ 51.392104805724948, 32.680641725152768, 0.0 ], [ 51.396526746910183, 32.698857098329739, 0.0 ], [ 51.382967679828234, 32.689657540829273, 0.0 ] ] ] } },
{ "type": "Feature", "properties": { "Name": "Untitled Polygon", "description": null, "timestamp": null, "begin": null, "end": null, "altitudeMode": null, "tessellate": 1, "extrude": 0, "visibility": -1, "drawOrder": null, "icon": null, "class": 3 }, "geometry": { "type": "Polygon", "coordinates": [ [ [ 51.335897856161957, 32.728620823029622, 0.0 ], [ 51.344679711443654, 32.699608760435488, 0.0 ], [ 51.34998683525118, 32.756898145038257, 0.0 ], [ 51.335897856161957, 32.728620823029622, 0.0 ] ] ] } },
{ "type": "Feature", "properties": { "Name": "20", "description": null, "timestamp": null, "begin": null, "end": null, "altitudeMode": null, "tessellate": 1, "extrude": 0, "visibility": -1, "drawOrder": null, "icon": null, "class": 3 }, "geometry": { "type": "Polygon", "coordinates": [ [ [ 51.293340145139773, 32.797986438023983, 0.0 ], [ 51.298866028196493, 32.748498962269259, 0.0 ], [ 51.321162300369167, 32.749014783959282, 0.0 ], [ 51.324524623770749, 32.800324589843477, 0.0 ], [ 51.312518435564883, 32.799373004659287, 0.0 ], [ 51.308172235276643, 32.798135979838683, 0.0 ], [ 51.304723620607149, 32.796199412433033, 0.0 ], [ 51.299969356425827, 32.796959585005418, 0.0 ], [ 51.293340145139773, 32.797986438023983, 0.0 ] ] ] } },
{ "type": "Feature", "properties": { "Name": "Untitled Polygon", "description": null, "timestamp": null, "begin": null, "end": null, "altitudeMode": null, "tessellate": 1, "extrude": 0, "visibility": -1, "drawOrder": null, "icon": null, "class": 3 }, "geometry": { "type": "Polygon", "coordinates": [ [ [ 51.357264940209831, 32.753358237369333, 0.0 ], [ 51.352050819073902, 32.704240398071697, 0.0 ], [ 51.392780929062127, 32.707064684959512, 0.0 ], [ 51.357264940209831, 32.753358237369333, 0.0 ] ] ] } },
{ "type": "Feature", "properties": { "Name": "Untitled Polygon", "description": null, "timestamp": null, "begin": null, "end": null, "altitudeMode": null, "tessellate": 1, "extrude": 0, "visibility": -1, "drawOrder": null, "icon": null, "class": 3 }, "geometry": { "type": "Polygon", "coordinates": [ [ [ 51.36279430685498, 32.754657462573597, 0.0 ], [ 51.37011883824195, 32.758351468394459, 0.0 ], [ 51.407691072934107, 32.758325480504247, 0.0 ], [ 51.400272150560411, 32.776859015589409, 0.0 ], [ 51.384619816998978, 32.792474543072132, 0.0 ], [ 51.373583861131287, 32.780057988683673, 0.0 ], [ 51.356718368491428, 32.787617205257597, 0.0 ], [ 51.337939525525719, 32.769438154843357, 0.0 ], [ 51.36279430685498, 32.754657462573597, 0.0 ] ] ] } },
{ "type": "Feature", "properties": { "Name": "Untitled Polygon", "description": null, "timestamp": null, "begin": null, "end": null, "altitudeMode": null, "tessellate": 1, "extrude": 0, "visibility": -1, "drawOrder": null, "icon": null, "class": 3 }, "geometry": { "type": "Polygon", "coordinates": [ [ [ 51.413619645025904, 32.752418838867058, 0.0 ], [ 51.415737472885382, 32.742228597389172, 0.0 ], [ 51.450114331629869, 32.739939529467748, 0.0 ], [ 51.463656062483913, 32.746545598487529, 0.0 ], [ 51.413619645025904, 32.752418838867058, 0.0 ] ] ] } },
{ "type": "Feature", "properties": { "Name": "Untitled Polygon", "description": null, "timestamp": null, "begin": null, "end": null, "altitudeMode": null, "tessellate": 1, "extrude": 0, "visibility": -1, "drawOrder": null, "icon": null, "class": 3 }, "geometry": { "type": "Polygon", "coordinates": [ [ [ 51.386497077917028, 32.855240243416937, 0.0 ], [ 51.391904761114809, 32.852839492995358, 0.0 ], [ 51.394301694663213, 32.868028501169277, 0.0 ], [ 51.386497077917028, 32.855240243416937, 0.0 ] ] ] } },
{ "type": "Feature", "properties": { "Name": "Untitled Polygon", "description": null, "timestamp": null, "begin": null, "end": null, "altitudeMode": null, "tessellate": 1, "extrude": 0, "visibility": -1, "drawOrder": null, "icon": null, "class": 3 }, "geometry": { "type": "Polygon", "coordinates": [ [ [ 51.316167973454867, 32.678993419506583, 0.0 ], [ 51.383933352406842, 32.663674301425218, 0.0 ], [ 51.301377210698433, 32.722996565477217, 0.0 ], [ 51.316167973454867, 32.678993419506583, 0.0 ] ] ] } },
{ "type": "Feature", "properties": { "Name": "Untitled Polygon", "description": null, "timestamp": null, "begin": null, "end": null, "altitudeMode": null, "tessellate": 1, "extrude": 0, "visibility": -1, "drawOrder": null, "icon": null, "class": 3 }, "geometry": { "type": "Polygon", "coordinates": [ [ [ 51.420104074200452, 32.691201666684201, 0.0 ], [ 51.443980333433103, 32.702029680313963, 0.0 ], [ 51.443004653764937, 32.698270255769678, 0.0 ], [ 51.450552642135193, 32.691794992313518, 0.0 ], [ 51.468643216229509, 32.68400869097259, 0.0 ], [ 51.459977168701521, 32.693818980289777, 0.0 ], [ 51.457810454742891, 32.698463983995893, 0.0 ], [ 51.4485469969609, 32.70528600558233, 0.0 ], [ 51.471024212697927, 32.717958098400551, 0.0 ], [ 51.45877332887116, 32.727728061847422, 0.0 ], [ 51.453716813960767, 32.720591207280883, 0.0 ], [ 51.446265771340819, 32.711963639298787, 0.0 ], [ 51.429680940082847, 32.705894251368633, 0.0 ], [ 51.421022236423461, 32.699917955350578, 0.0 ], [ 51.408112237456677, 32.702859046923329, 0.0 ], [ 51.409101078661259, 32.694984746150602, 0.0 ], [ 51.420104074200452, 32.691201666684201, 0.0 ] ] ] } },
{ "type": "Feature", "properties": { "Name": "Untitled Polygon", "description": null, "timestamp": null, "begin": null, "end": null, "altitudeMode": null, "tessellate": 1, "extrude": 0, "visibility": -1, "drawOrder": null, "icon": null, "class": 3 }, "geometry": { "type": "Polygon", "coordinates": [ [ [ 51.501727238331881, 32.733808975465919, 0.0 ], [ 51.502661391542951, 32.718615592666737, 0.0 ], [ 51.516418103830297, 32.737446856316403, 0.0 ], [ 51.501727238331881, 32.733808975465919, 0.0 ] ] ] } },
{ "type": "Feature", "properties": { "Name": "Untitled Polygon", "description": null, "timestamp": null, "begin": null, "end": null, "altitudeMode": null, "tessellate": 1, "extrude": 0, "visibility": -1, "drawOrder": null, "icon": null, "class": 3 }, "geometry": { "type": "Polygon", "coordinates": [ [ [ 51.5022972277063, 32.751024213670213, 0.0 ], [ 51.501252568296643, 32.74206756911147, 0.0 ], [ 51.514946969562381, 32.74171671545519, 0.0 ], [ 51.5022972277063, 32.751024213670213, 0.0 ] ] ] } },
{ "type": "Feature", "properties": { "Name": "Untitled Polygon", "description": null, "timestamp": null, "begin": null, "end": null, "altitudeMode": null, "tessellate": 1, "extrude": 0, "visibility": -1, "drawOrder": null, "icon": null, "class": 3 }, "geometry": { "type": "Polygon", "coordinates": [ [ [ 51.50133735398839, 32.709037757898429, 0.0 ], [ 51.49971882111798, 32.714467249927488, 0.0 ], [ 51.496269582010633, 32.711528803371579, 0.0 ], [ 51.50133735398839, 32.709037757898429, 0.0 ] ] ] } },
{ "type": "Feature", "properties": { "Name": "30", "description": null, "timestamp": null, "begin": null, "end": null, "altitudeMode": null, "tessellate": 1, "extrude": 0, "visibility": -1, "drawOrder": null, "icon": null, "class": 3 }, "geometry": { "type": "Polygon", "coordinates": [ [ [ 51.515578632260677, 32.72276467894779, 0.0 ], [ 51.513784047846407, 32.729420373941352, 0.0 ], [ 51.504410566877382, 32.718971695127102, 0.0 ], [ 51.515578632260677, 32.72276467894779, 0.0 ] ] ] } },
{ "type": "Feature", "properties": { "Name": "Untitled Polygon", "description": null, "timestamp": null, "begin": null, "end": null, "altitudeMode": null, "tessellate": 1, "extrude": 0, "visibility": -1, "drawOrder": null, "icon": null, "class": 3 }, "geometry": { "type": "Polygon", "coordinates": [ [ [ 51.387382259814999, 32.831046026735997, 0.0 ], [ 51.382237449866672, 32.839760986714822, 0.0 ], [ 51.376821215374157, 32.827194369174883, 0.0 ], [ 51.387382259814999, 32.831046026735997, 0.0 ] ] ] } },
{ "type": "Feature", "properties": { "Name": "Untitled Polygon", "description": null, "timestamp": null, "begin": null, "end": null, "altitudeMode": null, "tessellate": 1, "extrude": 0, "visibility": -1, "drawOrder": null, "icon": null, "class": 3 }, "geometry": { "type": "Polygon", "coordinates": [ [ [ 51.360752850387748, 32.792202248537272, 0.0 ], [ 51.34284016477725, 32.803552425134548, 0.0 ], [ 51.343038370908438, 32.794987910756937, 0.0 ], [ 51.360752850387748, 32.792202248537272, 0.0 ] ] ] } },
{ "type": "Feature", "properties": { "Name": "Untitled Polygon", "description": null, "timestamp": null, "begin": null, "end": null, "altitudeMode": null, "tessellate": 1, "extrude": 0, "visibility": -1, "drawOrder": null, "icon": null, "class": 3 }, "geometry": { "type": "Polygon", "coordinates": [ [ [ 51.332333674893754, 32.821066174412508, 0.0 ], [ 51.336197532629413, 32.81663364948416, 0.0 ], [ 51.343184818403671, 32.848082664342307, 0.0 ], [ 51.332333674893754, 32.821066174412508, 0.0 ] ] ] } },
{ "type": "Feature", "properties": { "Name": "Untitled Polygon", "description": null, "timestamp": null, "begin": null, "end": null, "altitudeMode": null, "tessellate": 1, "extrude": 0, "visibility": -1, "drawOrder": null, "icon": null, "class": 3 }, "geometry": { "type": "Polygon", "coordinates": [ [ [ 51.297603216073121, 32.909173286244602, 0.0 ], [ 51.2994922720519, 32.902600567308447, 0.0 ], [ 51.388238025305228, 32.899015912300392, 0.0 ], [ 51.39049292954288, 32.906706667727207, 0.0 ], [ 51.297603216073121, 32.909173286244602, 0.0 ] ] ] } },
{ "type": "Feature", "properties": { "Name": "Untitled Polygon", "description": null, "timestamp": null, "begin": null, "end": null, "altitudeMode": null, "tessellate": 1, "extrude": 0, "visibility": -1, "drawOrder": null, "icon": null, "class": 3 }, "geometry": { "type": "Polygon", "coordinates": [ [ [ 51.34913108621123, 32.814416513043057, 0.0 ], [ 51.357049588172949, 32.81057390420461, 0.0 ], [ 51.37195386940548, 32.820044813609243, 0.0 ], [ 51.37472538276765, 32.822892944471647, 0.0 ], [ 51.366675590828741, 32.821225297320552, 0.0 ], [ 51.34913108621123, 32.814416513043057, 0.0 ] ] ] } },
{ "type": "Feature", "properties": { "Name": "Untitled Polygon", "description": null, "timestamp": null, "begin": null, "end": null, "altitudeMode": null, "tessellate": 1, "extrude": 0, "visibility": -1, "drawOrder": null, "icon": null, "class": 3 }, "geometry": { "type": "Polygon", "coordinates": [ [ [ 51.399204044215161, 32.867039757815391, 0.0 ], [ 51.39745867062674, 32.844579332321977, 0.0 ], [ 51.404540154063227, 32.844526437576818, 0.0 ], [ 51.399204044215161, 32.867039757815391, 0.0 ] ] ] } },
{ "type": "Feature", "properties": { "Name": "Untitled Polygon", "description": null, "timestamp": null, "begin": null, "end": null, "altitudeMode": null, "tessellate": 1, "extrude": 0, "visibility": -1, "drawOrder": null, "icon": null, "class": 3 }, "geometry": { "type": "Polygon", "coordinates": [ [ [ 51.407033809800687, 32.881429501660662, 0.0 ], [ 51.399748191422468, 32.884504687699092, 0.0 ], [ 51.388384161870327, 32.885290685939808, 0.0 ], [ 51.383892445666959, 32.876658964543687, 0.0 ], [ 51.407033809800687, 32.881429501660662, 0.0 ] ] ] } },
{ "type": "Feature", "properties": { "Name": "Untitled Polygon", "description": null, "timestamp": null, "begin": null, "end": null, "altitudeMode": null, "tessellate": 1, "extrude": 0, "visibility": -1, "drawOrder": null, "icon": null, "class": 3 }, "geometry": { "type": "Polygon", "coordinates": [ [ [ 51.448923679176737, 32.890013691065633, 0.0 ], [ 51.459728540696659, 32.874567365628117, 0.0 ], [ 51.461147003482829, 32.894869958587527, 0.0 ], [ 51.448923679176737, 32.890013691065633, 0.0 ] ] ] } },
{ "type": "Feature", "properties": { "Name": "Untitled Polygon", "description": null, "timestamp": null, "begin": null, "end": null, "altitudeMode": null, "tessellate": 1, "extrude": 0, "visibility": -1, "drawOrder": null, "icon": null, "class": 3 }, "geometry": { "type": "Polygon", "coordinates": [ [ [ 51.443423039274023, 32.83560827274512, 0.0 ], [ 51.450686710823497, 32.829762946940903, 0.0 ], [ 51.450913404189883, 32.829562404914348, 0.0 ], [ 51.459938557081237, 32.833610385770683, 0.0 ], [ 51.45862583258446, 32.839614402209087, 0.0 ], [ 51.453504719488592, 32.844177250599969, 0.0 ], [ 51.443423039274023, 32.83560827274512, 0.0 ] ] ] } },
{ "type": "Feature", "properties": { "Name": "40", "description": null, "timestamp": null, "begin": null, "end": null, "altitudeMode": null, "tessellate": 1, "extrude": 0, "visibility": -1, "drawOrder": null, "icon": null, "class": 3 }, "geometry": { "type": "Polygon", "coordinates": [ [ [ 51.467962423969738, 32.852034386618733, 0.0 ], [ 51.471375263784672, 32.849840533761977, 0.0 ], [ 51.471550693242513, 32.855928611002668, 0.0 ], [ 51.467962423969738, 32.852034386618733, 0.0 ] ] ] } },
{ "type": "Feature", "properties": { "Name": "Untitled Polygon", "description": null, "timestamp": null, "begin": null, "end": null, "altitudeMode": null, "tessellate": 1, "extrude": 0, "visibility": -1, "drawOrder": null, "icon": null, "class": 3 }, "geometry": { "type": "Polygon", "coordinates": [ [ [ 51.477575160138642, 32.853377725008748, 0.0 ], [ 51.488816947081943, 32.841292345036727, 0.0 ], [ 51.482816313557073, 32.856111322216641, 0.0 ], [ 51.477575160138642, 32.853377725008748, 0.0 ] ] ] } },
{ "type": "Feature", "properties": { "Name": "Untitled Polygon", "description": null, "timestamp": null, "begin": null, "end": null, "altitudeMode": null, "tessellate": 1, "extrude": 0, "visibility": -1, "drawOrder": null, "icon": null, "class": 3 }, "geometry": { "type": "Polygon", "coordinates": [ [ [ 51.48555566091558, 32.86735702454245, 0.0 ], [ 51.495415056647573, 32.861799829185337, 0.0 ], [ 51.496489936295802, 32.868122716054962, 0.0 ], [ 51.48555566091558, 32.86735702454245, 0.0 ] ] ] } },
{ "type": "Feature", "properties": { "Name": "Untitled Polygon", "description": null, "timestamp": null, "begin": null, "end": null, "altitudeMode": null, "tessellate": 1, "extrude": 0, "visibility": -1, "drawOrder": null, "icon": null, "class": 3 }, "geometry": { "type": "Polygon", "coordinates": [ [ [ 51.468006602608398, 32.906475493859652, 0.0 ], [ 51.482609248362159, 32.899743140450013, 0.0 ], [ 51.489597039803137, 32.905462107169917, 0.0 ], [ 51.468006602608398, 32.906475493859652, 0.0 ] ] ] } },
{ "type": "Feature", "properties": { "Name": "Untitled Polygon", "description": null, "timestamp": null, "begin": null, "end": null, "altitudeMode": null, "tessellate": 1, "extrude": 0, "visibility": -1, "drawOrder": null, "icon": null, "class": 3 }, "geometry": { "type": "Polygon", "coordinates": [ [ [ 51.445012435432503, 32.906881977176511, 0.0 ], [ 51.453537993730443, 32.898846009066538, 0.0 ], [ 51.45852225866328, 32.907368479667198, 0.0 ], [ 51.445012435432503, 32.906881977176511, 0.0 ] ] ] } },
{ "type": "Feature", "properties": { "Name": "Untitled Polygon", "description": null, "timestamp": null, "begin": null, "end": null, "altitudeMode": null, "tessellate": 1, "extrude": 0, "visibility": -1, "drawOrder": null, "icon": null, "class": 3 }, "geometry": { "type": "Polygon", "coordinates": [ [ [ 51.408127746627251, 32.813084202353863, 0.0 ], [ 51.421149454478019, 32.808361896126712, 0.0 ], [ 51.427303306897613, 32.816743563885623, 0.0 ], [ 51.408127746627251, 32.813084202353863, 0.0 ] ] ] } },
{ "type": "Feature", "properties": { "Name": "Untitled Polygon", "description": null, "timestamp": null, "begin": null, "end": null, "altitudeMode": null, "tessellate": 1, "extrude": 0, "visibility": -1, "drawOrder": null, "icon": null, "class": 3 }, "geometry": { "type": "Polygon", "coordinates": [ [ [ 51.436675852329003, 32.818000471220671, 0.0 ], [ 51.446894577456831, 32.807619336873621, 0.0 ], [ 51.455469062564688, 32.81708990876686, 0.0 ], [ 51.436675852329003, 32.818000471220671, 0.0 ] ] ] } },
{ "type": "Feature", "properties": { "Name": "Untitled Polygon", "description": null, "timestamp": null, "begin": null, "end": null, "altitudeMode": null, "tessellate": 1, "extrude": 0, "visibility": -1, "drawOrder": null, "icon": null, "class": 3 }, "geometry": { "type": "Polygon", "coordinates": [ [ [ 51.452069592196388, 32.825262442826443, 0.0 ], [ 51.461290446226847, 32.822308599868002, 0.0 ], [ 51.461229957956618, 32.831431561496728, 0.0 ], [ 51.452069592196388, 32.825262442826443, 0.0 ] ] ] } },
{ "type": "Feature", "properties": { "Name": "Untitled Polygon", "description": null, "timestamp": null, "begin": null, "end": null, "altitudeMode": null, "tessellate": 1, "extrude": 0, "visibility": -1, "drawOrder": null, "icon": null, "class": 3 }, "geometry": { "type": "Polygon", "coordinates": [ [ [ 51.470298721105429, 32.833047385262539, 0.0 ], [ 51.465359978627411, 32.833938509857788, 0.0 ], [ 51.466090823116723, 32.829063980804307, 0.0 ], [ 51.472972108984862, 32.828872633378381, 0.0 ], [ 51.470298721105429, 32.833047385262539, 0.0 ] ] ] } },
{ "type": "Feature", "properties": { "Name": "Untitled Polygon", "description": null, "timestamp": null, "begin": null, "end": null, "altitudeMode": null, "tessellate": 1, "extrude": 0, "visibility": -1, "drawOrder": null, "icon": null, "class": 3 }, "geometry": { "type": "Polygon", "coordinates": [ [ [ 51.388965819777219, 32.807432861736622, 0.0 ], [ 51.399543799483958, 32.811250509555599, 0.0 ], [ 51.388263231219362, 32.819983119951701, 0.0 ], [ 51.388965819777219, 32.807432861736622, 0.0 ] ] ] } },
{ "type": "Feature", "properties": { "Name": "50", "description": null, "timestamp": null, "begin": null, "end": null, "altitudeMode": null, "tessellate": 1, "extrude": 0, "visibility": -1, "drawOrder": null, "icon": null, "class": 3 }, "geometry": { "type": "Polygon", "coordinates": [ [ [ 51.38835461477489, 32.798109704346992, 0.0 ], [ 51.392604488195907, 32.793908244063687, 0.0 ], [ 51.392794613423568, 32.803743378359528, 0.0 ], [ 51.38835461477489, 32.798109704346992, 0.0 ] ] ] } },
{ "type": "Feature", "properties": { "Name": "Untitled Polygon", "description": null, "timestamp": null, "begin": null, "end": null, "altitudeMode": null, "tessellate": 1, "extrude": 0, "visibility": -1, "drawOrder": null, "icon": null, "class": 3 }, "geometry": { "type": "Polygon", "coordinates": [ [ [ 51.399886142953008, 32.841902430170663, 0.0 ], [ 51.402618667577343, 32.832845456854869, 0.0 ], [ 51.40469831073613, 32.839204148585672, 0.0 ], [ 51.399886142953008, 32.841902430170663, 0.0 ] ] ] } },
{ "type": "Feature", "properties": { "Name": "Untitled Polygon", "description": null, "timestamp": null, "begin": null, "end": null, "altitudeMode": null, "tessellate": 1, "extrude": 0, "visibility": -1, "drawOrder": null, "icon": null, "class": 3 }, "geometry": { "type": "Polygon", "coordinates": [ [ [ 51.411258570879362, 32.869196413313183, 0.0 ], [ 51.416673748702713, 32.867968533292419, 0.0 ], [ 51.421815406945051, 32.875949964536261, 0.0 ], [ 51.411258570879362, 32.869196413313183, 0.0 ] ] ] } },
{ "type": "Feature", "properties": { "Name": "Untitled Polygon", "description": null, "timestamp": null, "begin": null, "end": null, "altitudeMode": null, "tessellate": 1, "extrude": 0, "visibility": -1, "drawOrder": null, "icon": null, "class": 3 }, "geometry": { "type": "Polygon", "coordinates": [ [ [ 51.419791116494082, 32.862437794130003, 0.0 ], [ 51.432723447377498, 32.849980670776418, 0.0 ], [ 51.433851545457827, 32.848976761160493, 0.0 ], [ 51.437732806271413, 32.852213051114788, 0.0 ], [ 51.424489179049942, 32.86557904866968, 0.0 ], [ 51.419791116494082, 32.862437794130003, 0.0 ] ] ] } },
{ "type": "Feature", "properties": { "Name": "Untitled Polygon", "description": null, "timestamp": null, "begin": null, "end": null, "altitudeMode": null, "tessellate": 1, "extrude": 0, "visibility": -1, "drawOrder": null, "icon": null, "class": 3 }, "geometry": { "type": "Polygon", "coordinates": [ [ [ 51.341261180571777, 32.604670972527202, 0.0 ], [ 51.339994658587223, 32.603197468736219, 0.0 ], [ 51.34204844273038, 32.603335957722592, 0.0 ], [ 51.342635439868303, 32.604540988598401, 0.0 ], [ 51.341261180571777, 32.604670972527202, 0.0 ] ] ] } },
{ "type": "Feature", "properties": { "Name": "Untitled Polygon", "description": null, "timestamp": null, "begin": null, "end": null, "altitudeMode": null, "tessellate": 1, "extrude": 0, "visibility": -1, "drawOrder": null, "icon": null, "class": 3 }, "geometry": { "type": "Polygon", "coordinates": [ [ [ 51.441397148239133, 32.884350004542213, 0.0 ], [ 51.439333396574042, 32.891374311493713, 0.0 ], [ 51.42603766500163, 32.882071146091413, 0.0 ], [ 51.441397148239133, 32.884350004542213, 0.0 ] ] ] } },
{ "type": "Feature", "properties": { "Name": "Untitled Polygon", "description": null, "timestamp": null, "begin": null, "end": null, "altitudeMode": null, "tessellate": 1, "extrude": 0, "visibility": -1, "drawOrder": null, "icon": null, "class": 3 }, "geometry": { "type": "Polygon", "coordinates": [ [ [ 51.293373494797933, 32.678051420875541, 0.0 ], [ 51.299644143922883, 32.671219024225628, 0.0 ], [ 51.298251516319112, 32.679442492290377, 0.0 ], [ 51.293373494797933, 32.678051420875541, 0.0 ] ] ] } },
{ "type": "Feature", "properties": { "Name": "Untitled Polygon", "description": null, "timestamp": null, "begin": null, "end": null, "altitudeMode": null, "tessellate": 1, "extrude": 0, "visibility": -1, "drawOrder": null, "icon": null, "class": 3 }, "geometry": { "type": "Polygon", "coordinates": [ [ [ 51.303965379230462, 32.62052825702132, 0.0 ], [ 51.303899984315301, 32.618459295607479, 0.0 ], [ 51.305272639122499, 32.620090395536053, 0.0 ], [ 51.303965379230462, 32.62052825702132, 0.0 ] ] ] } },
{ "type": "Feature", "properties": { "Name": "Untitled Polygon", "description": null, "timestamp": null, "begin": null, "end": null, "altitudeMode": null, "tessellate": 1, "extrude": 0, "visibility": -1, "drawOrder": null, "icon": null, "class": 3 }, "geometry": { "type": "Polygon", "coordinates": [ [ [ 51.33033846137505, 32.585413531563333, 0.0 ], [ 51.325500068518721, 32.591451209796347, 0.0 ], [ 51.324188270480789, 32.588699438953107, 0.0 ], [ 51.33033846137505, 32.585413531563333, 0.0 ] ] ] } },
{ "type": "Feature", "properties": { "Name": "60", "description": null, "timestamp": null, "begin": null, "end": null, "altitudeMode": null, "tessellate": 1, "extrude": 0, "visibility": -1, "drawOrder": null, "icon": null, "class": 3 }, "geometry": { "type": "Polygon", "coordinates": [ [ [ 51.309629486360663, 32.586849373085407, 0.0 ], [ 51.303209404441887, 32.571184109452993, 0.0 ], [ 51.31293182890365, 32.574524837125281, 0.0 ], [ 51.314566534337438, 32.589659271876393, 0.0 ], [ 51.309629486360663, 32.586849373085407, 0.0 ] ] ] } },
{ "type": "Feature", "properties": { "Name": "Untitled Polygon", "description": null, "timestamp": null, "begin": null, "end": null, "altitudeMode": null, "tessellate": 1, "extrude": 0, "visibility": -1, "drawOrder": null, "icon": null, "class": 3 }, "geometry": { "type": "Polygon", "coordinates": [ [ [ 51.318396188773711, 32.590715866995339, 0.0 ], [ 51.326076259189357, 32.579703213705884, 0.0 ], [ 51.33056498609929, 32.583229987115708, 0.0 ], [ 51.318396188773711, 32.590715866995339, 0.0 ] ] ] } },
{ "type": "Feature", "properties": { "Name": "Untitled Polygon", "description": null, "timestamp": null, "begin": null, "end": null, "altitudeMode": null, "tessellate": 1, "extrude": 0, "visibility": -1, "drawOrder": null, "icon": null, "class": 3 }, "geometry": { "type": "Polygon", "coordinates": [ [ [ 51.332551089230932, 32.539985546501441, 0.0 ], [ 51.339100552209317, 32.550891962970397, 0.0 ], [ 51.325773533288903, 32.565787338413443, 0.0 ], [ 51.305309642649078, 32.561523345623449, 0.0 ], [ 51.332551089230932, 32.539985546501441, 0.0 ] ] ] } },
{ "type": "Feature", "properties": { "Name": "Untitled Polygon", "description": null, "timestamp": null, "begin": null, "end": null, "altitudeMode": null, "tessellate": 1, "extrude": 0, "visibility": -1, "drawOrder": null, "icon": null, "class": 3 }, "geometry": { "type": "Polygon", "coordinates": [ [ [ 51.294701462984072, 32.529328367134752, 0.0 ], [ 51.298924134953687, 32.502963984561873, 0.0 ], [ 51.304260522694371, 32.504996429962389, 0.0 ], [ 51.30855862764426, 32.504143075248102, 0.0 ], [ 51.319672370810842, 32.503271793415429, 0.0 ], [ 51.332766392537017, 32.502892578465698, 0.0 ], [ 51.340003200783677, 32.501480972922963, 0.0 ], [ 51.336726792678441, 32.509958603686243, 0.0 ], [ 51.341065261697921, 32.51347437367064, 0.0 ], [ 51.345143777796252, 32.515359790293623, 0.0 ], [ 51.325669485823227, 32.534006648396748, 0.0 ], [ 51.296744183280239, 32.549206180206262, 0.0 ], [ 51.294701462984072, 32.529328367134752, 0.0 ] ] ] } },
{ "type": "Feature", "properties": { "Name": "Untitled Polygon", "description": null, "timestamp": null, "begin": null, "end": null, "altitudeMode": null, "tessellate": 1, "extrude": 0, "visibility": -1, "drawOrder": null, "icon": null, "class": 3 }, "geometry": { "type": "Polygon", "coordinates": [ [ [ 51.32960240882047, 32.53509478339474, 0.0 ], [ 51.330946762711811, 32.534676972669331, 0.0 ], [ 51.334742039769679, 32.534190726341897, 0.0 ], [ 51.335916945964691, 32.533587275304917, 0.0 ], [ 51.337159312250037, 32.535547677384763, 0.0 ], [ 51.339011804475298, 32.535842055555101, 0.0 ], [ 51.34148450805845, 32.539981457085133, 0.0 ], [ 51.344617400218731, 32.542236762819464, 0.0 ], [ 51.345329912544813, 32.539304963050867, 0.0 ], [ 51.349895834849633, 32.543988238707023, 0.0 ], [ 51.352712173339668, 32.54274222829649, 0.0 ], [ 51.35357841380717, 32.540709712494653, 0.0 ], [ 51.35576309039039, 32.538855739304672, 0.0 ], [ 51.360145479357982, 32.533379677418203, 0.0 ], [ 51.366255148833702, 32.527926612124567, 0.0 ], [ 51.374246627529807, 32.518869318940489, 0.0 ], [ 51.371736936818763, 32.524961747665813, 0.0 ], [ 51.366028113317682, 32.531295687259806, 0.0 ], [ 51.350195119783812, 32.549154135495193, 0.0 ], [ 51.32960240882047, 32.53509478339474, 0.0 ] ] ] } },
{ "type": "Feature", "properties": { "Name": "Untitled Polygon", "description": null, "timestamp": null, "begin": null, "end": null, "altitudeMode": null, "tessellate": 1, "extrude": 0, "visibility": -1, "drawOrder": null, "icon": null, "class": 3 }, "geometry": { "type": "Polygon", "coordinates": [ [ [ 51.322870327571621, 32.568482389642803, 0.0 ], [ 51.336347303899679, 32.559961568697993, 0.0 ], [ 51.332604631613009, 32.56775723400667, 0.0 ], [ 51.322870327571621, 32.568482389642803, 0.0 ] ] ] } },
{ "type": "Feature", "properties": { "Name": "Untitled Polygon", "description": null, "timestamp": null, "begin": null, "end": null, "altitudeMode": null, "tessellate": 1, "extrude": 0, "visibility": -1, "drawOrder": null, "icon": null, "class": 3 }, "geometry": { "type": "Polygon", "coordinates": [ [ [ 51.305296845833311, 32.568935160114407, 0.0 ], [ 51.306820822098302, 32.565513382661898, 0.0 ], [ 51.314816547408228, 32.56870904151284, 0.0 ], [ 51.305296845833311, 32.568935160114407, 0.0 ] ] ] } },
{ "type": "Feature", "properties": { "Name": "Untitled Polygon", "description": null, "timestamp": null, "begin": null, "end": null, "altitudeMode": null, "tessellate": 1, "extrude": 0, "visibility": -1, "drawOrder": null, "icon": null, "class": 3 }, "geometry": { "type": "Polygon", "coordinates": [ [ [ 51.336702894571289, 32.558494196080829, 0.0 ], [ 51.343382678075884, 32.552194148634207, 0.0 ], [ 51.342509114218572, 32.556562512650189, 0.0 ], [ 51.336702894571289, 32.558494196080829, 0.0 ] ] ] } },
{ "type": "Feature", "properties": { "Name": "Untitled Polygon", "description": null, "timestamp": null, "begin": null, "end": null, "altitudeMode": null, "tessellate": 1, "extrude": 0, "visibility": -1, "drawOrder": null, "icon": null, "class": 3 }, "geometry": { "type": "Polygon", "coordinates": [ [ [ 51.317270092319148, 32.577092440029418, 0.0 ], [ 51.322206329389822, 32.573775863819058, 0.0 ], [ 51.326802973624368, 32.578279712603482, 0.0 ], [ 51.317270092319148, 32.577092440029418, 0.0 ] ] ] } },
{ "type": "Feature", "properties": { "Name": "Untitled Polygon", "description": null, "timestamp": null, "begin": null, "end": null, "altitudeMode": null, "tessellate": 1, "extrude": 0, "visibility": -1, "drawOrder": null, "icon": null, "class": 3 }, "geometry": { "type": "Polygon", "coordinates": [ [ [ 51.377261036273211, 32.516784888414669, 0.0 ], [ 51.379984864062557, 32.512458074043337, 0.0 ], [ 51.380509965117703, 32.514152642311288, 0.0 ], [ 51.377261036273211, 32.516784888414669, 0.0 ] ] ] } },
{ "type": "Feature", "properties": { "Name": "70", "description": null, "timestamp": null, "begin": null, "end": null, "altitudeMode": null, "tessellate": 1, "extrude": 0, "visibility": -1, "drawOrder": null, "icon": null, "class": 3 }, "geometry": { "type": "Polygon", "coordinates": [ [ [ 51.34606287749066, 32.554415767572777, 0.0 ], [ 51.352351352079239, 32.552027432745312, 0.0 ], [ 51.35658950763797, 32.555609758362607, 0.0 ], [ 51.34606287749066, 32.554415767572777, 0.0 ] ] ] } },
{ "type": "Feature", "properties": { "Name": "Untitled Polygon", "description": null, "timestamp": null, "begin": null, "end": null, "altitudeMode": null, "tessellate": 1, "extrude": 0, "visibility": -1, "drawOrder": null, "icon": null, "class": 3 }, "geometry": { "type": "Polygon", "coordinates": [ [ [ 51.352858065000582, 32.548198666278438, 0.0 ], [ 51.361637712947307, 32.546252011905928, 0.0 ], [ 51.357996187140458, 32.552999819796781, 0.0 ], [ 51.352858065000582, 32.548198666278438, 0.0 ] ] ] } },
{ "type": "Feature", "properties": { "Name": "Untitled Polygon", "description": null, "timestamp": null, "begin": null, "end": null, "altitudeMode": null, "tessellate": 1, "extrude": 0, "visibility": -1, "drawOrder": null, "icon": null, "class": 3 }, "geometry": { "type": "Polygon", "coordinates": [ [ [ 51.382188014891483, 32.507952865624311, 0.0 ], [ 51.386319131459707, 32.506979487712123, 0.0 ], [ 51.387373708056778, 32.511566844139672, 0.0 ], [ 51.382188014891483, 32.507952865624311, 0.0 ] ] ] } },
{ "type": "Feature", "properties": { "Name": "Untitled Polygon", "description": null, "timestamp": null, "begin": null, "end": null, "altitudeMode": null, "tessellate": 1, "extrude": 0, "visibility": -1, "drawOrder": null, "icon": null, "class": 3 }, "geometry": { "type": "Polygon", "coordinates": [ [ [ 51.298728109773663, 32.565409425267617, 0.0 ], [ 51.297133985745788, 32.563044363902733, 0.0 ], [ 51.301608711365787, 32.559623530809127, 0.0 ], [ 51.298728109773663, 32.565409425267617, 0.0 ] ] ] } },
{ "type": "Feature", "properties": { "Name": "Untitled Polygon", "description": null, "timestamp": null, "begin": null, "end": null, "altitudeMode": null, "tessellate": 1, "extrude": 0, "visibility": -1, "drawOrder": null, "icon": null, "class": 3 }, "geometry": { "type": "Polygon", "coordinates": [ [ [ 51.572743596366251, 32.538209436840397, 0.0 ], [ 51.581687444059497, 32.512041382840977, 0.0 ], [ 51.605477180155972, 32.523458655182743, 0.0 ], [ 51.572743596366251, 32.538209436840397, 0.0 ] ] ] } },
{ "type": "Feature", "properties": { "Name": "Untitled Polygon", "description": null, "timestamp": null, "begin": null, "end": null, "altitudeMode": null, "tessellate": 1, "extrude": 0, "visibility": -1, "drawOrder": null, "icon": null, "class": 3 }, "geometry": { "type": "Polygon", "coordinates": [ [ [ 51.549487633996002, 32.532542785235798, 0.0 ], [ 51.55373219853341, 32.531491488786777, 0.0 ], [ 51.556919499541671, 32.539848103483898, 0.0 ], [ 51.549487633996002, 32.532542785235798, 0.0 ] ] ] } },
{ "type": "Feature", "properties": { "Name": "Untitled Polygon", "description": null, "timestamp": null, "begin": null, "end": null, "altitudeMode": null, "tessellate": 1, "extrude": 0, "visibility": -1, "drawOrder": null, "icon": null, "class": 3 }, "geometry": { "type": "Polygon", "coordinates": [ [ [ 51.549004289236841, 32.537590253710761, 0.0 ], [ 51.547981364542487, 32.540100042376793, 0.0 ], [ 51.546166099094279, 32.535270356983197, 0.0 ], [ 51.549004289236841, 32.537590253710761, 0.0 ] ] ] } },
{ "type": "Feature", "properties": { "Name": "Untitled Polygon", "description": null, "timestamp": null, "begin": null, "end": null, "altitudeMode": null, "tessellate": 1, "extrude": 0, "visibility": -1, "drawOrder": null, "icon": null, "class": 3 }, "geometry": { "type": "Polygon", "coordinates": [ [ [ 51.562613736613322, 32.529619796482358, 0.0 ], [ 51.569649892524168, 32.520365322047923, 0.0 ], [ 51.574344155977663, 32.526226178928788, 0.0 ], [ 51.562613736613322, 32.529619796482358, 0.0 ] ] ] } },
{ "type": "Feature", "properties": { "Name": "Untitled Polygon", "description": null, "timestamp": null, "begin": null, "end": null, "altitudeMode": null, "tessellate": 1, "extrude": 0, "visibility": -1, "drawOrder": null, "icon": null, "class": 3 }, "geometry": { "type": "Polygon", "coordinates": [ [ [ 51.596452653465327, 32.50749683599561, 0.0 ], [ 51.61300861596748, 32.50230326989486, 0.0 ], [ 51.61917078078222, 32.520155411582522, 0.0 ], [ 51.596452653465327, 32.50749683599561, 0.0 ] ] ] } },
{ "type": "Feature", "properties": { "Name": "80", "description": null, "timestamp": null, "begin": null, "end": null, "altitudeMode": null, "tessellate": 1, "extrude": 0, "visibility": -1, "drawOrder": null, "icon": null, "class": 3 }, "geometry": { "type": "Polygon", "coordinates": [ [ [ 51.584196796562331, 32.510252551774649, 0.0 ], [ 51.587516609746373, 32.507314091375797, 0.0 ], [ 51.594573231802919, 32.513882183170587, 0.0 ], [ 51.584196796562331, 32.510252551774649, 0.0 ] ] ] } },
{ "type": "Feature", "properties": { "Name": "Untitled Polygon", "description": null, "timestamp": null, "begin": null, "end": null, "altitudeMode": null, "tessellate": 1, "extrude": 0, "visibility": -1, "drawOrder": null, "icon": null, "class": 3 }, "geometry": { "type": "Polygon", "coordinates": [ [ [ 51.589097958756788, 32.532067027826088, 0.0 ], [ 51.59104137765334, 32.53078936374817, 0.0 ], [ 51.597507500094238, 32.529019426547457, 0.0 ], [ 51.602339973316937, 32.526585535027444, 0.0 ], [ 51.610224089579788, 32.526171065220943, 0.0 ], [ 51.606314724042541, 32.528448936868031, 0.0 ], [ 51.600119107187993, 32.530818098935313, 0.0 ], [ 51.593959057080539, 32.533555344104002, 0.0 ], [ 51.593868398273237, 32.533602527836599, 0.0 ], [ 51.593687610956202, 32.533656493394432, 0.0 ], [ 51.588508609745503, 32.53571880861778, 0.0 ], [ 51.588416395416701, 32.535726468303316, 0.0 ], [ 51.584726663367853, 32.536516793454702, 0.0 ], [ 51.584955671195857, 32.534647303010658, 0.0 ], [ 51.589097958756788, 32.532067027826088, 0.0 ] ] ] } },
{ "type": "Feature", "properties": { "Name": "Untitled Polygon", "description": null, "timestamp": null, "begin": null, "end": null, "altitudeMode": null, "tessellate": 1, "extrude": 0, "visibility": -1, "drawOrder": null, "icon": null, "class": 3 }, "geometry": { "type": "Polygon", "coordinates": [ [ [ 51.580061014886148, 32.549129689136002, 0.0 ], [ 51.57713131617303, 32.544417598693229, 0.0 ], [ 51.595163943778871, 32.544068038055087, 0.0 ], [ 51.595881071152853, 32.546891807013132, 0.0 ], [ 51.580061014886148, 32.549129689136002, 0.0 ] ] ] } },
{ "type": "Feature", "properties": { "Name": "Untitled Polygon", "description": null, "timestamp": null, "begin": null, "end": null, "altitudeMode": null, "tessellate": 1, "extrude": 0, "visibility": -1, "drawOrder": null, "icon": null, "class": 3 }, "geometry": { "type": "Polygon", "coordinates": [ [ [ 51.590462040835803, 32.550808583318357, 0.0 ], [ 51.595429348781508, 32.54762248225979, 0.0 ], [ 51.593388827103638, 32.550928955569738, 0.0 ], [ 51.590462040835803, 32.550808583318357, 0.0 ] ] ] } },
{ "type": "Feature", "properties": { "Name": "Untitled Polygon", "description": null, "timestamp": null, "begin": null, "end": null, "altitudeMode": null, "tessellate": 1, "extrude": 0, "visibility": -1, "drawOrder": null, "icon": null, "class": 3 }, "geometry": { "type": "Polygon", "coordinates": [ [ [ 51.613472814587858, 32.55198193796879, 0.0 ], [ 51.615903051312458, 32.545079962695617, 0.0 ], [ 51.623957777974077, 32.549376833232373, 0.0 ], [ 51.613472814587858, 32.55198193796879, 0.0 ] ] ] } },
{ "type": "Feature", "properties": { "Name": "Untitled Polygon", "description": null, "timestamp": null, "begin": null, "end": null, "altitudeMode": null, "tessellate": 1, "extrude": 0, "visibility": -1, "drawOrder": null, "icon": null, "class": 3 }, "geometry": { "type": "Polygon", "coordinates": [ [ [ 51.613718039158911, 32.565193388739431, 0.0 ], [ 51.610200620392739, 32.567448051742581, 0.0 ], [ 51.604928630681748, 32.565631069040244, 0.0 ], [ 51.609692578808968, 32.562664171582107, 0.0 ], [ 51.613718039158911, 32.565193388739431, 0.0 ] ] ] } },
{ "type": "Feature", "properties": { "Name": "Untitled Polygon", "description": null, "timestamp": null, "begin": null, "end": null, "altitudeMode": null, "tessellate": 1, "extrude": 0, "visibility": -1, "drawOrder": null, "icon": null, "class": 3 }, "geometry": { "type": "Polygon", "coordinates": [ [ [ 51.572253149091708, 32.540153865019498, 0.0 ], [ 51.57624532139539, 32.538724497840143, 0.0 ], [ 51.577230208644792, 32.542107352101922, 0.0 ], [ 51.572253149091708, 32.540153865019498, 0.0 ] ] ] } },
{ "type": "Feature", "properties": { "Name": "Untitled Polygon", "description": null, "timestamp": null, "begin": null, "end": null, "altitudeMode": null, "tessellate": 1, "extrude": 0, "visibility": -1, "drawOrder": null, "icon": null, "class": 3 }, "geometry": { "type": "Polygon", "coordinates": [ [ [ 51.623369367733829, 32.558349378362593, 0.0 ], [ 51.633489574798972, 32.543588320537182, 0.0 ], [ 51.657048091706123, 32.549680201067552, 0.0 ], [ 51.65824402192208, 32.55991154168413, 0.0 ], [ 51.653122391033747, 32.572538634645653, 0.0 ], [ 51.644276484551654, 32.57955991543016, 0.0 ], [ 51.623369367733829, 32.558349378362593, 0.0 ] ] ] } },
{ "type": "Feature", "properties": { "Name": "Untitled Polygon", "description": null, "timestamp": null, "begin": null, "end": null, "altitudeMode": null, "tessellate": 1, "extrude": 0, "visibility": -1, "drawOrder": null, "icon": null, "class": 3 }, "geometry": { "type": "Polygon", "coordinates": [ [ [ 51.611888076826261, 32.594629327374342, 0.0 ], [ 51.617223273950422, 32.57376126190659, 0.0 ], [ 51.628863511249619, 32.576589605172757, 0.0 ], [ 51.627411731398077, 32.598383525847673, 0.0 ], [ 51.611888076826261, 32.594629327374342, 0.0 ] ] ] } },
{ "type": "Feature", "properties": { "Name": "Untitled Polygon", "description": null, "timestamp": null, "begin": null, "end": null, "altitudeMode": null, "tessellate": 1, "extrude": 0, "visibility": -1, "drawOrder": null, "icon": null, "class": 3 }, "geometry": { "type": "Polygon", "coordinates": [ [ [ 51.601041350973397, 32.590310342900857, 0.0 ], [ 51.593479236369731, 32.577324835511433, 0.0 ], [ 51.593457277655908, 32.576949757624362, 0.0 ], [ 51.60321756881887, 32.573642778951182, 0.0 ], [ 51.60499047171291, 32.590134047520763, 0.0 ], [ 51.601041350973397, 32.590310342900857, 0.0 ] ] ] } },
{ "type": "Feature", "properties": { "Name": "90", "description": null, "timestamp": null, "begin": null, "end": null, "altitudeMode": null, "tessellate": 1, "extrude": 0, "visibility": -1, "drawOrder": null, "icon": null, "class": 3 }, "geometry": { "type": "Polygon", "coordinates": [ [ [ 51.602109090984207, 32.604611931953947, 0.0 ], [ 51.601609941856417, 32.596526621968117, 0.0 ], [ 51.614226402180172, 32.600885343924311, 0.0 ], [ 51.602109090984207, 32.604611931953947, 0.0 ] ] ] } },
{ "type": "Feature", "properties": { "Name": "Untitled Polygon", "description": null, "timestamp": null, "begin": null, "end": null, "altitudeMode": null, "tessellate": 1, "extrude": 0, "visibility": -1, "drawOrder": null, "icon": null, "class": 3 }, "geometry": { "type": "Polygon", "coordinates": [ [ [ 51.637265452791333, 32.610034704942272, 0.0 ], [ 51.636364916429983, 32.607986412020161, 0.0 ], [ 51.63824789362527, 32.606958030172272, 0.0 ], [ 51.639401333669987, 32.610598871005493, 0.0 ], [ 51.637265452791333, 32.610034704942272, 0.0 ] ] ] } },
{ "type": "Feature", "properties": { "Name": "Untitled Polygon", "description": null, "timestamp": null, "begin": null, "end": null, "altitudeMode": null, "tessellate": 1, "extrude": 0, "visibility": -1, "drawOrder": null, "icon": null, "class": 3 }, "geometry": { "type": "Polygon", "coordinates": [ [ [ 51.646072448423332, 32.595581593338053, 0.0 ], [ 51.628679985357579, 32.602781169178137, 0.0 ], [ 51.632709070409931, 32.586833281193002, 0.0 ], [ 51.646072448423332, 32.595581593338053, 0.0 ] ] ] } },
{ "type": "Feature", "properties": { "Name": "Untitled Polygon", "description": null, "timestamp": null, "begin": null, "end": null, "altitudeMode": null, "tessellate": 1, "extrude": 0, "visibility": -1, "drawOrder": null, "icon": null, "class": 3 }, "geometry": { "type": "Polygon", "coordinates": [ [ [ 51.632614927690973, 32.586173453935132, 0.0 ], [ 51.633647813078873, 32.576977484938382, 0.0 ], [ 51.650016508904351, 32.588681322686902, 0.0 ], [ 51.632614927690973, 32.586173453935132, 0.0 ] ] ] } },
{ "type": "Feature", "properties": { "Name": "Untitled Polygon", "description": null, "timestamp": null, "begin": null, "end": null, "altitudeMode": null, "tessellate": 1, "extrude": 0, "visibility": -1, "drawOrder": null, "icon": null, "class": 3 }, "geometry": { "type": "Polygon", "coordinates": [ [ [ 51.653481800174923, 32.586690338617913, 0.0 ], [ 51.655234703846347, 32.584791038375073, 0.0 ], [ 51.655749482747837, 32.587318752819627, 0.0 ], [ 51.653481800174923, 32.586690338617913, 0.0 ] ] ] } },
{ "type": "Feature", "properties": { "Name": "Untitled Polygon", "description": null, "timestamp": null, "begin": null, "end": null, "altitudeMode": null, "tessellate": 1, "extrude": 0, "visibility": -1, "drawOrder": null, "icon": null, "class": 3 }, "geometry": { "type": "Polygon", "coordinates": [ [ [ 51.683212956999412, 32.579815633242752, 0.0 ], [ 51.685185058900117, 32.57780588606812, 0.0 ], [ 51.686782570766148, 32.577956925026051, 0.0 ], [ 51.691790879617642, 32.578008924274798, 0.0 ], [ 51.69247324247798, 32.577987225497388, 0.0 ], [ 51.698133958633342, 32.577237973952663, 0.0 ], [ 51.698816361190453, 32.577218838189808, 0.0 ], [ 51.705123458901433, 32.575660254768671, 0.0 ], [ 51.706469444946222, 32.575226664315963, 0.0 ], [ 51.707378919547352, 32.57519757228399, 0.0 ], [ 51.714419415148171, 32.574786428976523, 0.0 ], [ 51.719678713406708, 32.57503513475887, 0.0 ], [ 51.721067505953222, 32.575389193633477, 0.0 ], [ 51.731562627390581, 32.575274035348961, 0.0 ], [ 51.731782039626729, 32.580740486047837, 0.0 ], [ 51.732966893197641, 32.585279776621768, 0.0 ], [ 51.733431822919258, 32.589746761162502, 0.0 ], [ 51.730691352337047, 32.592491724420661, 0.0 ], [ 51.727937764260993, 32.59440792155678, 0.0 ], [ 51.724904194337533, 32.595485860509257, 0.0 ], [ 51.724353105204401, 32.595640195303517, 0.0 ], [ 51.723803777340663, 32.595641067443729, 0.0 ], [ 51.718193867782126, 32.597261062468107, 0.0 ], [ 51.716247001073413, 32.598496454104222, 0.0 ], [ 51.714374960597311, 32.600200411735401, 0.0 ], [ 51.712135800587461, 32.601831114539571, 0.0 ], [ 51.709543350477219, 32.602453750189738, 0.0 ], [ 51.706583415029563, 32.602921179728199, 0.0 ], [ 51.703904390386107, 32.603077414787037, 0.0 ], [ 51.701810119136731, 32.603149768010773, 0.0 ], [ 51.698855614306538, 32.602688272412742, 0.0 ], [ 51.698590902235978, 32.60237704954578, 0.0 ], [ 51.698338726684909, 32.601986801470261, 0.0 ], [ 51.696504404947632, 32.6004325063099, 0.0 ], [ 51.696254566251461, 32.599660364088123, 0.0 ], [ 51.696188887985308, 32.597886533002928, 0.0 ], [ 51.696311897820131, 32.59750217224002, 0.0 ], [ 51.696610589736231, 32.597118287828231, 0.0 ], [ 51.698882481469411, 32.595129863099523, 0.0 ], [ 51.699260941028477, 32.594672151358957, 0.0 ], [ 51.699358826137477, 32.59444355600678, 0.0 ], [ 51.699862712125238, 32.593455484317502, 0.0 ], [ 51.700082281041531, 32.593002005242539, 0.0 ], [ 51.700093470634279, 32.592927092929898, 0.0 ], [ 51.700264880169527, 32.590659410679947, 0.0 ], [ 51.700287039330831, 32.590056879568401, 0.0 ], [ 51.698822282219709, 32.588256508619843, 0.0 ], [ 51.698729998030679, 32.588104844050903, 0.0 ], [ 51.696487507332478, 32.586597713156877, 0.0 ], [ 51.693342961591611, 32.585772557637021, 0.0 ], [ 51.693056649098096, 32.585692717165379, 0.0 ], [ 51.690262551835723, 32.585468646731748, 0.0 ], [ 51.688021022400171, 32.586909607442017, 0.0 ], [ 51.687793942589558, 32.587505113027213, 0.0 ], [ 51.686675208090463, 32.586760892208183, 0.0 ], [ 51.684900009275253, 32.5865413156111, 0.0 ], [ 51.684729779941101, 32.586467746237332, 0.0 ], [ 51.683212956999412, 32.579815633242752, 0.0 ] ] ] } },
{ "type": "Feature", "properties": { "Name": "Untitled Polygon", "description": null, "timestamp": null, "begin": null, "end": null, "altitudeMode": null, "tessellate": 1, "extrude": 0, "visibility": -1, "drawOrder": null, "icon": null, "class": 3 }, "geometry": { "type": "Polygon", "coordinates": [ [ [ 51.664925413550577, 32.538215144576391, 0.0 ], [ 51.665163966530812, 32.540444147364667, 0.0 ], [ 51.658329784822612, 32.538451312544822, 0.0 ], [ 51.664925413550577, 32.538215144576391, 0.0 ] ] ] } },
{ "type": "Feature", "properties": { "Name": "Untitled Polygon", "description": null, "timestamp": null, "begin": null, "end": null, "altitudeMode": null, "tessellate": 1, "extrude": 0, "visibility": -1, "drawOrder": null, "icon": null, "class": 3 }, "geometry": { "type": "Polygon", "coordinates": [ [ [ 51.708818757175138, 32.572025366601629, 0.0 ], [ 51.716206247047722, 32.566970489098033, 0.0 ], [ 51.729742463235112, 32.571424770703473, 0.0 ], [ 51.708818757175138, 32.572025366601629, 0.0 ] ] ] } },
{ "type": "Feature", "properties": { "Name": "Untitled Polygon", "description": null, "timestamp": null, "begin": null, "end": null, "altitudeMode": null, "tessellate": 1, "extrude": 0, "visibility": -1, "drawOrder": null, "icon": null, "class": 3 }, "geometry": { "type": "Polygon", "coordinates": [ [ [ 51.646128685656542, 32.533678553276793, 0.0 ], [ 51.650639925699707, 32.543247340807667, 0.0 ], [ 51.634781351333267, 32.539017789349892, 0.0 ], [ 51.646128685656542, 32.533678553276793, 0.0 ] ] ] } },
{ "type": "Feature", "properties": { "Name": "Untitled Polygon", "description": null, "timestamp": null, "begin": null, "end": null, "altitudeMode": null, "tessellate": 1, "extrude": 0, "visibility": -1, "drawOrder": null, "icon": null, "class": 3 }, "geometry": { "type": "Polygon", "coordinates": [ [ [ 51.652840755563012, 32.514457304147228, 0.0 ], [ 51.657684989124668, 32.516506947016303, 0.0 ], [ 51.643704745477713, 32.521004057392616, 0.0 ], [ 51.652840755563012, 32.514457304147228, 0.0 ] ] ] } },
{ "type": "Feature", "properties": { "Name": "100", "description": null, "timestamp": null, "begin": null, "end": null, "altitudeMode": null, "tessellate": 1, "extrude": 0, "visibility": -1, "drawOrder": null, "icon": null, "class": 3 }, "geometry": { "type": "Polygon", "coordinates": [ [ [ 51.615892826986951, 32.526278736538607, 0.0 ], [ 51.628426746778189, 32.525914393844943, 0.0 ], [ 51.621552091525807, 32.528541018659183, 0.0 ], [ 51.615892826986951, 32.526278736538607, 0.0 ] ] ] } },
{ "type": "Feature", "properties": { "Name": "Untitled Polygon", "description": null, "timestamp": null, "begin": null, "end": null, "altitudeMode": null, "tessellate": 1, "extrude": 0, "visibility": -1, "drawOrder": null, "icon": null, "class": 3 }, "geometry": { "type": "Polygon", "coordinates": [ [ [ 51.616824392792971, 32.542205568792767, 0.0 ], [ 51.62816253967398, 32.53582145684841, 0.0 ], [ 51.627041591935303, 32.544353879419582, 0.0 ], [ 51.616824392792971, 32.542205568792767, 0.0 ] ] ] } },
{ "type": "Feature", "properties": { "Name": "Untitled Polygon", "description": null, "timestamp": null, "begin": null, "end": null, "altitudeMode": null, "tessellate": 1, "extrude": 0, "visibility": -1, "drawOrder": null, "icon": null, "class": 3 }, "geometry": { "type": "Polygon", "coordinates": [ [ [ 51.614019778740911, 32.570989097621158, 0.0 ], [ 51.61934969570585, 32.563277048752497, 0.0 ], [ 51.629848573286701, 32.573558823885662, 0.0 ], [ 51.614019778740911, 32.570989097621158, 0.0 ] ] ] } },
{ "type": "Feature", "properties": { "Name": "Untitled Polygon", "description": null, "timestamp": null, "begin": null, "end": null, "altitudeMode": null, "tessellate": 1, "extrude": 0, "visibility": -1, "drawOrder": null, "icon": null, "class": 3 }, "geometry": { "type": "Polygon", "coordinates": [ [ [ 51.684881370173088, 32.563411853378703, 0.0 ], [ 51.689799467428358, 32.562099912476967, 0.0 ], [ 51.696165292274209, 32.566866625760078, 0.0 ], [ 51.684881370173088, 32.563411853378703, 0.0 ] ] ] } },
{ "type": "Feature", "properties": { "Name": "Untitled Polygon", "description": null, "timestamp": null, "begin": null, "end": null, "altitudeMode": null, "tessellate": 1, "extrude": 0, "visibility": -1, "drawOrder": null, "icon": null, "class": 3 }, "geometry": { "type": "Polygon", "coordinates": [ [ [ 51.654093468433217, 32.507669538217101, 0.0 ], [ 51.65946348725879, 32.50225539176715, 0.0 ], [ 51.666226424554289, 32.504198651840483, 0.0 ], [ 51.654093468433217, 32.507669538217101, 0.0 ] ] ] } },
{ "type": "Feature", "properties": { "Name": "Untitled Polygon", "description": null, "timestamp": null, "begin": null, "end": null, "altitudeMode": null, "tessellate": 1, "extrude": 0, "visibility": -1, "drawOrder": null, "icon": null, "class": 3 }, "geometry": { "type": "Polygon", "coordinates": [ [ [ 51.673128147539387, 32.50216437940589, 0.0 ], [ 51.680063459146211, 32.501394630294953, 0.0 ], [ 51.681254002315278, 32.504609260770088, 0.0 ], [ 51.673128147539387, 32.50216437940589, 0.0 ] ] ] } },
{ "type": "Feature", "properties": { "Name": "Untitled Polygon", "description": null, "timestamp": null, "begin": null, "end": null, "altitudeMode": null, "tessellate": 1, "extrude": 0, "visibility": -1, "drawOrder": null, "icon": null, "class": 3 }, "geometry": { "type": "Polygon", "coordinates": [ [ [ 51.62307614950123, 32.512505993002293, 0.0 ], [ 51.620168160041892, 32.503550913267922, 0.0 ], [ 51.644658620919202, 32.502098416163427, 0.0 ], [ 51.637244503074761, 32.512216402550017, 0.0 ], [ 51.62307614950123, 32.512505993002293, 0.0 ] ] ] } },
{ "type": "Feature", "properties": { "Name": "Untitled Polygon", "description": null, "timestamp": null, "begin": null, "end": null, "altitudeMode": null, "tessellate": 1, "extrude": 0, "visibility": -1, "drawOrder": null, "icon": null, "class": 3 }, "geometry": { "type": "Polygon", "coordinates": [ [ [ 51.625960443424489, 32.513069257558499, 0.0 ], [ 51.622376102332588, 32.52460597082159, 0.0 ], [ 51.619065344979283, 32.522326047573323, 0.0 ], [ 51.625960443424489, 32.513069257558499, 0.0 ] ] ] } },
{ "type": "Feature", "properties": { "Name": "Untitled Polygon", "description": null, "timestamp": null, "begin": null, "end": null, "altitudeMode": null, "tessellate": 1, "extrude": 0, "visibility": -1, "drawOrder": null, "icon": null, "class": 3 }, "geometry": { "type": "Polygon", "coordinates": [ [ [ 51.654980762940298, 32.545922669287847, 0.0 ], [ 51.653112042693103, 32.545810532644353, 0.0 ], [ 51.651884374107233, 32.536702049711238, 0.0 ], [ 51.651400802931427, 32.534165582127052, 0.0 ], [ 51.658074733967567, 32.536803774079338, 0.0 ], [ 51.657003450293757, 32.538958698736423, 0.0 ], [ 51.654980762940298, 32.545922669287847, 0.0 ] ] ] } },
{ "type": "Feature", "properties": { "Name": "110", "description": null, "timestamp": null, "begin": null, "end": null, "altitudeMode": null, "tessellate": 1, "extrude": 0, "visibility": -1, "drawOrder": null, "icon": null, "class": 3 }, "geometry": { "type": "Polygon", "coordinates": [ [ [ 51.656700583961921, 32.546272532249667, 0.0 ], [ 51.657082835230362, 32.539595454445283, 0.0 ], [ 51.663168718846983, 32.540696903192057, 0.0 ], [ 51.660579431338917, 32.547679118400943, 0.0 ], [ 51.656700583961921, 32.546272532249667, 0.0 ] ] ] } },
{ "type": "Feature", "properties": { "Name": "Untitled Polygon", "description": null, "timestamp": null, "begin": null, "end": null, "altitudeMode": null, "tessellate": 1, "extrude": 0, "visibility": -1, "drawOrder": null, "icon": null, "class": 3 }, "geometry": { "type": "Polygon", "coordinates": [ [ [ 51.796056241638126, 32.619806751072183, 0.0 ], [ 51.799292599197273, 32.620397713972807, 0.0 ], [ 51.799735333891228, 32.624856960445499, 0.0 ], [ 51.79344107111703, 32.624201495009721, 0.0 ], [ 51.796056241638126, 32.619806751072183, 0.0 ] ] ] } },
{ "type": "Feature", "properties": { "Name": "Untitled Polygon", "description": null, "timestamp": null, "begin": null, "end": null, "altitudeMode": null, "tessellate": 1, "extrude": 0, "visibility": -1, "drawOrder": null, "icon": null, "class": 3 }, "geometry": { "type": "Polygon", "coordinates": [ [ [ 51.802430007767853, 32.642221334913692, 0.0 ], [ 51.801152058739547, 32.640725849298327, 0.0 ], [ 51.80016018243218, 32.639761620806681, 0.0 ], [ 51.799808589702629, 32.639812631956573, 0.0 ], [ 51.799087116074951, 32.639123280318877, 0.0 ], [ 51.79780206739084, 32.639370343973347, 0.0 ], [ 51.795957286079307, 32.637068493384099, 0.0 ], [ 51.797524672507762, 32.634033410907413, 0.0 ], [ 51.798404867199039, 32.630812440765432, 0.0 ], [ 51.802289801086928, 32.629569062496543, 0.0 ], [ 51.806493542825827, 32.6324206493776, 0.0 ], [ 51.808790825247392, 32.634514047715051, 0.0 ], [ 51.806605941800861, 32.636759085686833, 0.0 ], [ 51.802430007767853, 32.642221334913692, 0.0 ] ] ] } },
{ "type": "Feature", "properties": { "Name": "Untitled Polygon", "description": null, "timestamp": null, "begin": null, "end": null, "altitudeMode": null, "tessellate": 1, "extrude": 0, "visibility": -1, "drawOrder": null, "icon": null, "class": 3 }, "geometry": { "type": "Polygon", "coordinates": [ [ [ 51.814342492326418, 32.62269109039687, 0.0 ], [ 51.824674266857471, 32.627736689846181, 0.0 ], [ 51.823851762094129, 32.629374364027598, 0.0 ], [ 51.813640612928992, 32.629468515663312, 0.0 ], [ 51.80835905409603, 32.626415640530972, 0.0 ], [ 51.808488523410801, 32.62356771918666, 0.0 ], [ 51.814342492326418, 32.62269109039687, 0.0 ] ] ] } },
{ "type": "Feature", "properties": { "Name": "Untitled Polygon", "description": null, "timestamp": null, "begin": null, "end": null, "altitudeMode": null, "tessellate": 1, "extrude": 0, "visibility": -1, "drawOrder": null, "icon": null, "class": 3 }, "geometry": { "type": "Polygon", "coordinates": [ [ [ 51.785206020965433, 32.605070061196173, 0.0 ], [ 51.786260811436499, 32.602776416615697, 0.0 ], [ 51.792700369188843, 32.606776183745403, 0.0 ], [ 51.79103265964558, 32.609726006000287, 0.0 ], [ 51.785557989925607, 32.60847577798468, 0.0 ], [ 51.783960478989663, 32.607227974309453, 0.0 ], [ 51.785206020965433, 32.605070061196173, 0.0 ] ] ] } },
{ "type": "Feature", "properties": { "Name": "Untitled Polygon", "description": null, "timestamp": null, "begin": null, "end": null, "altitudeMode": null, "tessellate": 1, "extrude": 0, "visibility": -1, "drawOrder": null, "icon": null, "class": 3 }, "geometry": { "type": "Polygon", "coordinates": [ [ [ 51.800797362391478, 32.609266858535491, 0.0 ], [ 51.799604835998203, 32.609808357743809, 0.0 ], [ 51.798827805615133, 32.610408844887083, 0.0 ], [ 51.798252567726621, 32.609795883116838, 0.0 ], [ 51.798813772906449, 32.609053579472949, 0.0 ], [ 51.797956968953997, 32.608435391091461, 0.0 ], [ 51.7970880489964, 32.607643846266107, 0.0 ], [ 51.796614623039957, 32.607101864559141, 0.0 ], [ 51.796605623427922, 32.606323936276063, 0.0 ], [ 51.796592156959598, 32.605159324708303, 0.0 ], [ 51.796611273171379, 32.604349964939651, 0.0 ], [ 51.796913728674099, 32.60326731782461, 0.0 ], [ 51.797401361022622, 32.602223942696938, 0.0 ], [ 51.79800479950265, 32.601101442372773, 0.0 ], [ 51.798615732589127, 32.600358535287477, 0.0 ], [ 51.799473000506858, 32.599577929010913, 0.0 ], [ 51.800295794175398, 32.59903494756955, 0.0 ], [ 51.801413612055278, 32.598587145404522, 0.0 ], [ 51.802915208890269, 32.59858614987683, 0.0 ], [ 51.804211110953133, 32.598579002557763, 0.0 ], [ 51.800797362391478, 32.609266858535491, 0.0 ] ] ] } },
{ "type": "Feature", "properties": { "Name": "Untitled Polygon", "description": null, "timestamp": null, "begin": null, "end": null, "altitudeMode": null, "tessellate": 1, "extrude": 0, "visibility": -1, "drawOrder": null, "icon": null, "class": 3 }, "geometry": { "type": "Polygon", "coordinates": [ [ [ 51.833934753311112, 32.602652114693022, 0.0 ], [ 51.832797597093247, 32.597401567853119, 0.0 ], [ 51.83287131304477, 32.597395806958268, 0.0 ], [ 51.841499040067902, 32.59636911499625, 0.0 ], [ 51.842455800412083, 32.600268297960433, 0.0 ], [ 51.833934753311112, 32.602652114693022, 0.0 ] ] ] } },
{ "type": "Feature", "properties": { "Name": "Untitled Polygon", "description": null, "timestamp": null, "begin": null, "end": null, "altitudeMode": null, "tessellate": 1, "extrude": 0, "visibility": -1, "drawOrder": null, "icon": null, "class": 3 }, "geometry": { "type": "Polygon", "coordinates": [ [ [ 51.77611237680663, 32.635575095674056, 0.0 ], [ 51.776929622048733, 32.634361700144858, 0.0 ], [ 51.778642288482757, 32.634094164692613, 0.0 ], [ 51.779021504251993, 32.635100556535782, 0.0 ], [ 51.778277441289063, 32.636649318245063, 0.0 ], [ 51.776793259803391, 32.635625040925333, 0.0 ], [ 51.77611237680663, 32.635575095674056, 0.0 ] ] ] } },
{ "type": "Feature", "properties": { "Name": "Untitled Polygon", "description": null, "timestamp": null, "begin": null, "end": null, "altitudeMode": null, "tessellate": 1, "extrude": 0, "visibility": -1, "drawOrder": null, "icon": null, "class": 3 }, "geometry": { "type": "Polygon", "coordinates": [ [ [ 51.798411582241137, 32.627500530015787, 0.0 ], [ 51.802169643990709, 32.621967339226529, 0.0 ], [ 51.807903121045342, 32.632063929785467, 0.0 ], [ 51.798411582241137, 32.627500530015787, 0.0 ] ] ] } },
{ "type": "Feature", "properties": { "Name": "Untitled Polygon", "description": null, "timestamp": null, "begin": null, "end": null, "altitudeMode": null, "tessellate": 1, "extrude": 0, "visibility": -1, "drawOrder": null, "icon": null, "class": 3 }, "geometry": { "type": "Polygon", "coordinates": [ [ [ 51.818487666750862, 32.643441600238667, 0.0 ], [ 51.823434832924242, 32.642312182931533, 0.0 ], [ 51.82404877984974, 32.645788483411913, 0.0 ], [ 51.818487666750862, 32.643441600238667, 0.0 ] ] ] } },
{ "type": "Feature", "properties": { "Name": "120", "description": null, "timestamp": null, "begin": null, "end": null, "altitudeMode": null, "tessellate": 1, "extrude": 0, "visibility": -1, "drawOrder": null, "icon": null, "class": 3 }, "geometry": { "type": "Polygon", "coordinates": [ [ [ 51.834705943094271, 32.620896937298546, 0.0 ], [ 51.832969255724912, 32.61794932573347, 0.0 ], [ 51.843751567290518, 32.621223300747758, 0.0 ], [ 51.842575333137233, 32.624741127504073, 0.0 ], [ 51.834705943094271, 32.620896937298546, 0.0 ] ] ] } },
{ "type": "Feature", "properties": { "Name": "Untitled Polygon", "description": null, "timestamp": null, "begin": null, "end": null, "altitudeMode": null, "tessellate": 1, "extrude": 0, "visibility": -1, "drawOrder": null, "icon": null, "class": 3 }, "geometry": { "type": "Polygon", "coordinates": [ [ [ 51.831848921333858, 32.627612354212808, 0.0 ], [ 51.836732659588122, 32.628726475108323, 0.0 ], [ 51.836672241259443, 32.630260321116431, 0.0 ], [ 51.834875274672008, 32.630310941024113, 0.0 ], [ 51.831848921333858, 32.627612354212808, 0.0 ] ] ] } },
{ "type": "Feature", "properties": { "Name": "Untitled Polygon", "description": null, "timestamp": null, "begin": null, "end": null, "altitudeMode": null, "tessellate": 1, "extrude": 0, "visibility": -1, "drawOrder": null, "icon": null, "class": 3 }, "geometry": { "type": "Polygon", "coordinates": [ [ [ 51.810508571133248, 32.632356385354193, 0.0 ], [ 51.811392416700834, 32.630909788058567, 0.0 ], [ 51.825823809530682, 32.630983702413268, 0.0 ], [ 51.825156407538948, 32.632738840253488, 0.0 ], [ 51.810508571133248, 32.632356385354193, 0.0 ] ] ] } },
{ "type": "Feature", "properties": { "Name": "Untitled Polygon", "description": null, "timestamp": null, "begin": null, "end": null, "altitudeMode": null, "tessellate": 1, "extrude": 0, "visibility": -1, "drawOrder": null, "icon": null, "class": 3 }, "geometry": { "type": "Polygon", "coordinates": [ [ [ 51.792290774597127, 32.595024439471949, 0.0 ], [ 51.791095876774662, 32.586893612589073, 0.0 ], [ 51.794906212491611, 32.585997090344677, 0.0 ], [ 51.792290774597127, 32.595024439471949, 0.0 ] ] ] } },
{ "type": "Feature", "properties": { "Name": "Untitled Polygon", "description": null, "timestamp": null, "begin": null, "end": null, "altitudeMode": null, "tessellate": 1, "extrude": 0, "visibility": -1, "drawOrder": null, "icon": null, "class": 3 }, "geometry": { "type": "Polygon", "coordinates": [ [ [ 51.80768452788125, 32.593068571981227, 0.0 ], [ 51.810441984058883, 32.581218358758967, 0.0 ], [ 51.810656717160619, 32.580819368708859, 0.0 ], [ 51.821836855474217, 32.59465582369814, 0.0 ], [ 51.80768452788125, 32.593068571981227, 0.0 ] ] ] } },
{ "type": "Feature", "properties": { "Name": "Untitled Polygon", "description": null, "timestamp": null, "begin": null, "end": null, "altitudeMode": null, "tessellate": 1, "extrude": 0, "visibility": -1, "drawOrder": null, "icon": null, "class": 3 }, "geometry": { "type": "Polygon", "coordinates": [ [ [ 51.799706727821203, 32.597067934250063, 0.0 ], [ 51.803556396871322, 32.588061538542313, 0.0 ], [ 51.805359927185442, 32.595335857671792, 0.0 ], [ 51.799706727821203, 32.597067934250063, 0.0 ] ] ] } },
{ "type": "Feature", "properties": { "Name": "Untitled Polygon", "description": null, "timestamp": null, "begin": null, "end": null, "altitudeMode": null, "tessellate": 1, "extrude": 0, "visibility": -1, "drawOrder": null, "icon": null, "class": 3 }, "geometry": { "type": "Polygon", "coordinates": [ [ [ 51.824127265808023, 32.597120217073559, 0.0 ], [ 51.820598233747027, 32.59916527060782, 0.0 ], [ 51.812206318179641, 32.596591422497227, 0.0 ], [ 51.824127265808023, 32.597120217073559, 0.0 ] ] ] } },
{ "type": "Feature", "properties": { "Name": "Untitled Polygon", "description": null, "timestamp": null, "begin": null, "end": null, "altitudeMode": null, "tessellate": 1, "extrude": 0, "visibility": -1, "drawOrder": null, "icon": null, "class": 3 }, "geometry": { "type": "Polygon", "coordinates": [ [ [ 51.829514547424999, 32.59686561810102, 0.0 ], [ 51.819660285203021, 32.587052685518017, 0.0 ], [ 51.828816380933183, 32.587298155968398, 0.0 ], [ 51.833947634348569, 32.584533686202583, 0.0 ], [ 51.841895818123412, 32.595542966825832, 0.0 ], [ 51.829514547424999, 32.59686561810102, 0.0 ] ] ] } },
{ "type": "Feature", "properties": { "Name": "Untitled Polygon", "description": null, "timestamp": null, "begin": null, "end": null, "altitudeMode": null, "tessellate": 1, "extrude": 0, "visibility": -1, "drawOrder": null, "icon": null, "class": 3 }, "geometry": { "type": "Polygon", "coordinates": [ [ [ 51.792372760080802, 32.60498256377668, 0.0 ], [ 51.788876826934917, 32.59939459178868, 0.0 ], [ 51.793211490122943, 32.597679649017607, 0.0 ], [ 51.792372760080802, 32.60498256377668, 0.0 ] ] ] } },
{ "type": "Feature", "properties": { "Name": "Untitled Polygon", "description": null, "timestamp": null, "begin": null, "end": null, "altitudeMode": null, "tessellate": 1, "extrude": 0, "visibility": -1, "drawOrder": null, "icon": null, "class": 3 }, "geometry": { "type": "Polygon", "coordinates": [ [ [ 51.80572919559738, 32.582209941855439, 0.0 ], [ 51.80418706422784, 32.580558240675927, 0.0 ], [ 51.807269809677727, 32.578345408149559, 0.0 ], [ 51.806503947978293, 32.581363846020217, 0.0 ], [ 51.80572919559738, 32.582209941855439, 0.0 ] ] ] } },
{ "type": "Feature", "properties": { "Name": "130", "description": null, "timestamp": null, "begin": null, "end": null, "altitudeMode": null, "tessellate": 1, "extrude": 0, "visibility": -1, "drawOrder": null, "icon": null, "class": 3 }, "geometry": { "type": "Polygon", "coordinates": [ [ [ 51.80364341412978, 32.575937478498368, 0.0 ], [ 51.8026991990778, 32.575834215851941, 0.0 ], [ 51.801508408419821, 32.575568040281993, 0.0 ], [ 51.801029626015172, 32.57482353963676, 0.0 ], [ 51.800985049662742, 32.573887907455443, 0.0 ], [ 51.80140217415439, 32.572919263412111, 0.0 ], [ 51.802283195619232, 32.572312312781037, 0.0 ], [ 51.803402527960777, 32.572075967417838, 0.0 ], [ 51.804543244949038, 32.572010702320611, 0.0 ], [ 51.805676305741279, 32.571953372500879, 0.0 ], [ 51.806354061560107, 32.571921012246122, 0.0 ], [ 51.807465438276829, 32.5716918057458, 0.0 ], [ 51.808802174007113, 32.571451885669312, 0.0 ], [ 51.81013838428602, 32.571212043178249, 0.0 ], [ 51.811252189144142, 32.570977716856497, 0.0 ], [ 51.811861640854261, 32.57024498325584, 0.0 ], [ 51.812731958946259, 32.569648757985668, 0.0 ], [ 51.813614822076239, 32.569233798023689, 0.0 ], [ 51.814741481876013, 32.569179168251821, 0.0 ], [ 51.816092168701857, 32.569113669127297, 0.0 ], [ 51.817211318692898, 32.569068878643897, 0.0 ], [ 51.81831264553994, 32.569261292790813, 0.0 ], [ 51.819429082418793, 32.569634683648808, 0.0 ], [ 51.819912051178193, 32.570573392085187, 0.0 ], [ 51.819941942414793, 32.571334504722238, 0.0 ], [ 51.819978640272168, 32.57228800848025, 0.0 ], [ 51.819580080635028, 32.573436885722657, 0.0 ], [ 51.819380737767553, 32.574011498181179, 0.0 ], [ 51.818968528286312, 32.574776370042123, 0.0 ], [ 51.818547673438857, 32.5755620230915, 0.0 ], [ 51.817901961442253, 32.576355638598848, 0.0 ], [ 51.817258180165403, 32.576936921918453, 0.0 ], [ 51.816598256093783, 32.577347130908457, 0.0 ], [ 51.815265012934518, 32.57737046343756, 0.0 ], [ 51.81393292604011, 32.577393746012582, 0.0 ], [ 51.812815363021073, 32.577428635279453, 0.0 ], [ 51.811232811748319, 32.577509465541382, 0.0 ], [ 51.810121951802508, 32.57753245575833, 0.0 ], [ 51.80924065213329, 32.577538988436373, 0.0 ], [ 51.807920492677653, 32.577548312738628, 0.0 ], [ 51.806842179083503, 32.577325896536117, 0.0 ], [ 51.805650916514068, 32.577472347459292, 0.0 ], [ 51.80472136869556, 32.577350513457993, 0.0 ], [ 51.803823197286981, 32.57658581116241, 0.0 ], [ 51.80364341412978, 32.575937478498368, 0.0 ] ] ] } },
{ "type": "Feature", "properties": { "Name": "Untitled Polygon", "description": null, "timestamp": null, "begin": null, "end": null, "altitudeMode": null, "tessellate": 1, "extrude": 0, "visibility": -1, "drawOrder": null, "icon": null, "class": 3 }, "geometry": { "type": "Polygon", "coordinates": [ [ [ 51.843715609258069, 32.595708171168923, 0.0 ], [ 51.838733455549431, 32.585705547905427, 0.0 ], [ 51.843182544423669, 32.584478161103718, 0.0 ], [ 51.845508119738561, 32.590605312743577, 0.0 ], [ 51.843715609258069, 32.595708171168923, 0.0 ] ] ] } },
{ "type": "Feature", "properties": { "Name": "Untitled Polygon", "description": null, "timestamp": null, "begin": null, "end": null, "altitudeMode": null, "tessellate": 1, "extrude": 0, "visibility": -1, "drawOrder": null, "icon": null, "class": 3 }, "geometry": { "type": "Polygon", "coordinates": [ [ [ 51.822729568238287, 32.553220320192757, 0.0 ], [ 51.822863070966292, 32.551292402330517, 0.0 ], [ 51.825927097449899, 32.552564022919938, 0.0 ], [ 51.822729568238287, 32.553220320192757, 0.0 ] ] ] } },
{ "type": "Feature", "properties": { "Name": "Untitled Polygon", "description": null, "timestamp": null, "begin": null, "end": null, "altitudeMode": null, "tessellate": 1, "extrude": 0, "visibility": -1, "drawOrder": null, "icon": null, "class": 3 }, "geometry": { "type": "Polygon", "coordinates": [ [ [ 51.823961755219777, 32.565334503244067, 0.0 ], [ 51.826268321506248, 32.564637881787498, 0.0 ], [ 51.825862331523219, 32.566447556370761, 0.0 ], [ 51.823961755219777, 32.565334503244067, 0.0 ] ] ] } },
{ "type": "Feature", "properties": { "Name": "Untitled Polygon", "description": null, "timestamp": null, "begin": null, "end": null, "altitudeMode": null, "tessellate": 1, "extrude": 0, "visibility": -1, "drawOrder": null, "icon": null, "class": 3 }, "geometry": { "type": "Polygon", "coordinates": [ [ [ 51.814020093049017, 32.564225558018059, 0.0 ], [ 51.815245890233257, 32.563444870004147, 0.0 ], [ 51.817285035887949, 32.563809762205729, 0.0 ], [ 51.817377968614259, 32.565010020424758, 0.0 ], [ 51.814020093049017, 32.564225558018059, 0.0 ] ] ] } },
{ "type": "Feature", "properties": { "Name": "Untitled Polygon", "description": null, "timestamp": null, "begin": null, "end": null, "altitudeMode": null, "tessellate": 1, "extrude": 0, "visibility": -1, "drawOrder": null, "icon": null, "class": 3 }, "geometry": { "type": "Polygon", "coordinates": [ [ [ 51.678328331348723, 32.584834039932723, 0.0 ], [ 51.682113214298873, 32.580719876751687, 0.0 ], [ 51.684008461084048, 32.590244638268537, 0.0 ], [ 51.678328331348723, 32.584834039932723, 0.0 ] ] ] } },
{ "type": "Feature", "properties": { "Name": "Untitled Polygon", "description": null, "timestamp": null, "begin": null, "end": null, "altitudeMode": null, "tessellate": 1, "extrude": 0, "visibility": -1, "drawOrder": null, "icon": null, "class": 3 }, "geometry": { "type": "Polygon", "coordinates": [ [ [ 51.707626903468707, 32.60783446179159, 0.0 ], [ 51.714201585991823, 32.610614713098677, 0.0 ], [ 51.707811777410733, 32.609954159839873, 0.0 ], [ 51.707626903468707, 32.60783446179159, 0.0 ] ] ] } },
{ "type": "Feature", "properties": { "Name": "Untitled Polygon", "description": null, "timestamp": null, "begin": null, "end": null, "altitudeMode": null, "tessellate": 1, "extrude": 0, "visibility": -1, "drawOrder": null, "icon": null, "class": 3 }, "geometry": { "type": "Polygon", "coordinates": [ [ [ 51.60135363966647, 32.5484637668822, 0.0 ], [ 51.611950316589393, 32.546426153561818, 0.0 ], [ 51.610527554624177, 32.552255449142017, 0.0 ], [ 51.60566891999666, 32.551019746038563, 0.0 ], [ 51.60135363966647, 32.5484637668822, 0.0 ] ] ] } },
{ "type": "Feature", "properties": { "Name": "Untitled Polygon", "description": null, "timestamp": null, "begin": null, "end": null, "altitudeMode": null, "tessellate": 1, "extrude": 0, "visibility": -1, "drawOrder": null, "icon": null, "class": 3 }, "geometry": { "type": "Polygon", "coordinates": [ [ [ 51.635625155627729, 32.528581613590887, 0.0 ], [ 51.641240881424878, 32.522699284232992, 0.0 ], [ 51.646865205353379, 32.52488999507765, 0.0 ], [ 51.638634442014329, 32.530184950336, 0.0 ], [ 51.635625155627729, 32.528581613590887, 0.0 ] ] ] } },
{ "type": "Feature", "properties": { "Name": "Untitled Polygon", "description": null, "timestamp": null, "begin": null, "end": null, "altitudeMode": null, "tessellate": 1, "extrude": 0, "visibility": -1, "drawOrder": null, "icon": null, "class": 3 }, "geometry": { "type": "Polygon", "coordinates": [ [ [ 51.659599622947553, 32.558757404567181, 0.0 ], [ 51.659156312949733, 32.554049078043207, 0.0 ], [ 51.664960716805602, 32.557891912993121, 0.0 ], [ 51.659599622947553, 32.558757404567181, 0.0 ] ] ] } },
{ "type": "Feature", "properties": { "Name": "140", "description": null, "timestamp": null, "begin": null, "end": null, "altitudeMode": null, "tessellate": 1, "extrude": 0, "visibility": -1, "drawOrder": null, "icon": null, "class": 3 }, "geometry": { "type": "Polygon", "coordinates": [ [ [ 51.643628601131539, 32.510498370488463, 0.0 ], [ 51.650814844153729, 32.501549165245827, 0.0 ], [ 51.655026521416758, 32.501557875987388, 0.0 ], [ 51.651092527947668, 32.510769249192599, 0.0 ], [ 51.643628601131539, 32.510498370488463, 0.0 ] ] ] } },
{ "type": "Feature", "properties": { "Name": "Untitled Polygon", "description": null, "timestamp": null, "begin": null, "end": null, "altitudeMode": null, "tessellate": 1, "extrude": 0, "visibility": -1, "drawOrder": null, "icon": null, "class": 3 }, "geometry": { "type": "Polygon", "coordinates": [ [ [ 51.740045865388048, 32.580653429148491, 0.0 ], [ 51.736879473764603, 32.575047643561042, 0.0 ], [ 51.74065753461425, 32.573025389321202, 0.0 ], [ 51.744527863965978, 32.578955680433467, 0.0 ], [ 51.740045865388048, 32.580653429148491, 0.0 ] ] ] } },
{ "type": "Feature", "properties": { "Name": "Untitled Polygon", "description": null, "timestamp": null, "begin": null, "end": null, "altitudeMode": null, "tessellate": 1, "extrude": 0, "visibility": -1, "drawOrder": null, "icon": null, "class": 3 }, "geometry": { "type": "Polygon", "coordinates": [ [ [ 51.707357380165753, 32.571957931039421, 0.0 ], [ 51.709155678166383, 32.573902773569223, 0.0 ], [ 51.703281536162692, 32.575275600087643, 0.0 ], [ 51.707357380165753, 32.571957931039421, 0.0 ] ] ] } },
{ "type": "Feature", "properties": { "Name": "Untitled Polygon", "description": null, "timestamp": null, "begin": null, "end": null, "altitudeMode": null, "tessellate": 1, "extrude": 0, "visibility": -1, "drawOrder": null, "icon": null, "class": 3 }, "geometry": { "type": "Polygon", "coordinates": [ [ [ 51.624202353391553, 32.60092160500151, 0.0 ], [ 51.622277335660492, 32.597793252790801, 0.0 ], [ 51.627027476351437, 32.599131312813007, 0.0 ], [ 51.624202353391553, 32.60092160500151, 0.0 ] ] ] } },
{ "type": "Feature", "properties": { "Name": "Untitled Polygon", "description": null, "timestamp": null, "begin": null, "end": null, "altitudeMode": null, "tessellate": 1, "extrude": 0, "visibility": -1, "drawOrder": null, "icon": null, "class": 3 }, "geometry": { "type": "Polygon", "coordinates": [ [ [ 51.605180248346507, 32.525508556016668, 0.0 ], [ 51.608844370353879, 32.522510873394872, 0.0 ], [ 51.61396938713952, 32.52309222573512, 0.0 ], [ 51.605180248346507, 32.525508556016668, 0.0 ] ] ] } },
{ "type": "Feature", "properties": { "Name": "Untitled Polygon", "description": null, "timestamp": null, "begin": null, "end": null, "altitudeMode": null, "tessellate": 1, "extrude": 0, "visibility": -1, "drawOrder": null, "icon": null, "class": 3 }, "geometry": { "type": "Polygon", "coordinates": [ [ [ 51.597099757244948, 32.517194746348217, 0.0 ], [ 51.600172723557691, 32.512778093864533, 0.0 ], [ 51.609233191687913, 32.518153339557429, 0.0 ], [ 51.606469121829072, 32.522298221980392, 0.0 ], [ 51.597099757244948, 32.517194746348217, 0.0 ] ] ] } },
{ "type": "Feature", "properties": { "Name": "Untitled Polygon", "description": null, "timestamp": null, "begin": null, "end": null, "altitudeMode": null, "tessellate": 1, "extrude": 0, "visibility": -1, "drawOrder": null, "icon": null, "class": 3 }, "geometry": { "type": "Polygon", "coordinates": [ [ [ 51.561729952067751, 32.531961744397137, 0.0 ], [ 51.571014953258732, 32.528514673141387, 0.0 ], [ 51.571032480047037, 32.539636568545518, 0.0 ], [ 51.561729952067751, 32.531961744397137, 0.0 ] ] ] } },
{ "type": "Feature", "properties": { "Name": "Untitled Polygon", "description": null, "timestamp": null, "begin": null, "end": null, "altitudeMode": null, "tessellate": 1, "extrude": 0, "visibility": -1, "drawOrder": null, "icon": null, "class": 3 }, "geometry": { "type": "Polygon", "coordinates": [ [ [ 51.659611034205653, 32.512292317974833, 0.0 ], [ 51.673181926541922, 32.508886985469083, 0.0 ], [ 51.673675987581809, 32.510918790208713, 0.0 ], [ 51.66234281287187, 32.516878496112007, 0.0 ], [ 51.659611034205653, 32.512292317974833, 0.0 ] ] ] } },
{ "type": "Feature", "properties": { "Name": "Untitled Polygon", "description": null, "timestamp": null, "begin": null, "end": null, "altitudeMode": null, "tessellate": 1, "extrude": 0, "visibility": -1, "drawOrder": null, "icon": null, "class": 3 }, "geometry": { "type": "Polygon", "coordinates": [ [ [ 51.650604454957957, 32.574996621546539, 0.0 ], [ 51.654232347718732, 32.574261145792619, 0.0 ], [ 51.651094787439021, 32.588495913118408, 0.0 ], [ 51.642788184796387, 32.581832008377631, 0.0 ], [ 51.650604454957957, 32.574996621546539, 0.0 ] ] ] } },
{ "type": "Feature", "properties": { "Name": "Untitled Polygon", "description": null, "timestamp": null, "begin": null, "end": null, "altitudeMode": null, "tessellate": 1, "extrude": 0, "visibility": -1, "drawOrder": null, "icon": null, "class": 3 }, "geometry": { "type": "Polygon", "coordinates": [ [ [ 51.991467788021538, 32.674266001415333, 0.0 ], [ 51.986077345098153, 32.673693273376948, 0.0 ], [ 51.984048092978369, 32.670971657027138, 0.0 ], [ 51.994660916527579, 32.668341427675813, 0.0 ], [ 51.991467788021538, 32.674266001415333, 0.0 ] ] ] } },
{ "type": "Feature", "properties": { "Name": "150", "description": null, "timestamp": null, "begin": null, "end": null, "altitudeMode": null, "tessellate": 1, "extrude": 0, "visibility": -1, "drawOrder": null, "icon": null, "class": 3 }, "geometry": { "type": "Polygon", "coordinates": [ [ [ 51.987339841098013, 32.693366992116538, 0.0 ], [ 51.983125535377241, 32.687092618471937, 0.0 ], [ 51.990735377761787, 32.684921788267758, 0.0 ], [ 51.995914050078447, 32.689859997085868, 0.0 ], [ 51.987339841098013, 32.693366992116538, 0.0 ] ] ] } },
{ "type": "Feature", "properties": { "Name": "Untitled Polygon", "description": null, "timestamp": null, "begin": null, "end": null, "altitudeMode": null, "tessellate": 1, "extrude": 0, "visibility": -1, "drawOrder": null, "icon": null, "class": 3 }, "geometry": { "type": "Polygon", "coordinates": [ [ [ 51.986373729602533, 32.61500705830926, 0.0 ], [ 51.985930986270233, 32.60729190492561, 0.0 ], [ 51.994441546812688, 32.606326780250662, 0.0 ], [ 51.995456992037127, 32.611823177563267, 0.0 ], [ 51.986373729602533, 32.61500705830926, 0.0 ] ] ] } },
{ "type": "Feature", "properties": { "Name": "Untitled Polygon", "description": null, "timestamp": null, "begin": null, "end": null, "altitudeMode": null, "tessellate": 1, "extrude": 0, "visibility": -1, "drawOrder": null, "icon": null, "class": 3 }, "geometry": { "type": "Polygon", "coordinates": [ [ [ 51.974184739524361, 32.60666997392277, 0.0 ], [ 51.974774161744513, 32.603897940924078, 0.0 ], [ 51.978395707891842, 32.606176664924988, 0.0 ], [ 51.974184739524361, 32.60666997392277, 0.0 ] ] ] } },
{ "type": "Feature", "properties": { "Name": "Untitled Polygon", "description": null, "timestamp": null, "begin": null, "end": null, "altitudeMode": null, "tessellate": 1, "extrude": 0, "visibility": -1, "drawOrder": null, "icon": null, "class": 3 }, "geometry": { "type": "Polygon", "coordinates": [ [ [ 51.987198294882333, 32.705032302817187, 0.0 ], [ 51.97692094242386, 32.704594533870853, 0.0 ], [ 51.974436764176772, 32.700879769996817, 0.0 ], [ 51.979059945420772, 32.691784179619553, 0.0 ], [ 51.987198294882333, 32.705032302817187, 0.0 ] ] ] } },
{ "type": "Feature", "properties": { "Name": "Untitled Polygon", "description": null, "timestamp": null, "begin": null, "end": null, "altitudeMode": null, "tessellate": 1, "extrude": 0, "visibility": -1, "drawOrder": null, "icon": null, "class": 3 }, "geometry": { "type": "Polygon", "coordinates": [ [ [ 51.939024952919233, 32.731328080865509, 0.0 ], [ 51.946302568926157, 32.728277465478797, 0.0 ], [ 51.953729220855998, 32.735220736259343, 0.0 ], [ 51.952214874385547, 32.743366859119867, 0.0 ], [ 51.939024952919233, 32.731328080865509, 0.0 ] ] ] } },
{ "type": "Feature", "properties": { "Name": "Untitled Polygon", "description": null, "timestamp": null, "begin": null, "end": null, "altitudeMode": null, "tessellate": 1, "extrude": 0, "visibility": -1, "drawOrder": null, "icon": null, "class": 3 }, "geometry": { "type": "Polygon", "coordinates": [ [ [ 51.975432481270808, 32.716953947419398, 0.0 ], [ 51.9878064815492, 32.71616894473474, 0.0 ], [ 51.993166551780547, 32.723182479945933, 0.0 ], [ 51.992023084908588, 32.735470267724807, 0.0 ], [ 51.990896393248143, 32.740932711203307, 0.0 ], [ 51.972556512867982, 32.740020527570429, 0.0 ], [ 51.975432481270808, 32.716953947419398, 0.0 ] ] ] } },
{ "type": "Feature", "properties": { "Name": "Untitled Polygon", "description": null, "timestamp": null, "begin": null, "end": null, "altitudeMode": null, "tessellate": 1, "extrude": 0, "visibility": -1, "drawOrder": null, "icon": null, "class": 3 }, "geometry": { "type": "Polygon", "coordinates": [ [ [ 51.879513167887268, 32.739207202228243, 0.0 ], [ 51.885064036110727, 32.727115497481023, 0.0 ], [ 51.932537077298761, 32.73590233402583, 0.0 ], [ 51.933276522889699, 32.75129926720426, 0.0 ], [ 51.879513167887268, 32.739207202228243, 0.0 ] ] ] } },
{ "type": "Feature", "properties": { "Name": "Untitled Polygon", "description": null, "timestamp": null, "begin": null, "end": null, "altitudeMode": null, "tessellate": 1, "extrude": 0, "visibility": -1, "drawOrder": null, "icon": null, "class": 3 }, "geometry": { "type": "Polygon", "coordinates": [ [ [ 51.921090269410421, 32.768256868479547, 0.0 ], [ 51.941677965496908, 32.749125619594238, 0.0 ], [ 51.941467491961347, 32.76050329844125, 0.0 ], [ 51.921090269410421, 32.768256868479547, 0.0 ] ] ] } },
{ "type": "Feature", "properties": { "Name": "Untitled Polygon", "description": null, "timestamp": null, "begin": null, "end": null, "altitudeMode": null, "tessellate": 1, "extrude": 0, "visibility": -1, "drawOrder": null, "icon": null, "class": 3 }, "geometry": { "type": "Polygon", "coordinates": [ [ [ 51.898955168387829, 32.753971512097493, 0.0 ], [ 51.902024900053448, 32.751600039260197, 0.0 ], [ 51.90771824439954, 32.755758119039861, 0.0 ], [ 51.898955168387829, 32.753971512097493, 0.0 ] ] ] } },
{ "type": "Feature", "properties": { "Name": "Untitled Polygon", "description": null, "timestamp": null, "begin": null, "end": null, "altitudeMode": null, "tessellate": 1, "extrude": 0, "visibility": -1, "drawOrder": null, "icon": null, "class": 3 }, "geometry": { "type": "Polygon", "coordinates": [ [ [ 51.86427838048165, 32.908557600708889, 0.0 ], [ 51.864504953383353, 32.908351952945686, 0.0 ], [ 51.866100709217783, 32.907703810932063, 0.0 ], [ 51.866785128327813, 32.907482580980769, 0.0 ], [ 51.867924630785119, 32.907048134242011, 0.0 ], [ 51.869292606574568, 32.906606155637213, 0.0 ], [ 51.870888055174198, 32.90615744652748, 0.0 ], [ 51.871803203849858, 32.906126622823102, 0.0 ], [ 51.872940575806638, 32.905693433037428, 0.0 ], [ 51.874760352717857, 32.90503999841922, 0.0 ], [ 51.875668221630342, 32.904614791596103, 0.0 ], [ 51.876579348964327, 32.904386811673113, 0.0 ], [ 51.8772617286753, 32.904166565190494, 0.0 ], [ 51.878169572028803, 32.903740978194158, 0.0 ], [ 51.879759845672737, 32.903094497473788, 0.0 ], [ 51.881345710524172, 32.902251218332587, 0.0 ], [ 51.882256286879603, 32.9020228430619, 0.0 ], [ 51.884070417468308, 32.901170867867947, 0.0 ], [ 51.884977945204909, 32.900744003428521, 0.0 ], [ 51.886344993798339, 32.900499723422193, 0.0 ], [ 51.887250864146168, 32.900074342538943, 0.0 ], [ 51.88838480945526, 32.899641219390993, 0.0 ], [ 51.889065891500373, 32.899420623348313, 0.0 ], [ 51.890880193257267, 32.898767025619492, 0.0 ], [ 51.89178913637847, 32.898538707457632, 0.0 ], [ 51.890825290830747, 32.902061062389443, 0.0 ], [ 51.89405859039362, 32.897869694200743, 0.0 ], [ 51.893369118146317, 32.901650825428071, 0.0 ], [ 51.895566080211943, 32.90020771073052, 0.0 ], [ 51.898004920883537, 32.900579201347583, 0.0 ], [ 51.898589368013262, 32.896336061640042, 0.0 ], [ 51.900176488412697, 32.895887413769223, 0.0 ], [ 51.901996617933243, 32.895626473475822, 0.0 ], [ 51.903121516202582, 32.89499785270575, 0.0 ], [ 51.904028367250078, 32.894769677263362, 0.0 ], [ 51.904929745465132, 32.894345474271219, 0.0 ], [ 51.905830838559403, 32.893921409564378, 0.0 ], [ 51.907404309204423, 32.893081662493032, 0.0 ], [ 51.908987993726562, 32.892634031969017, 0.0 ], [ 51.910781553247723, 32.891591625803223, 0.0 ], [ 51.913478070836241, 32.890322443085481, 0.0 ], [ 51.914831335069543, 32.889883621390531, 0.0 ], [ 51.916651379667293, 32.889819550910858, 0.0 ], [ 51.91801632321468, 32.889771484922477, 0.0 ], [ 51.918502718161399, 32.890732461203733, 0.0 ], [ 51.919217099399319, 32.891686069387347, 0.0 ], [ 51.920179034656691, 32.893219605188897, 0.0 ], [ 51.92090127721427, 32.894370644622313, 0.0 ], [ 51.921617629622553, 32.89532644059647, 0.0 ], [ 51.922327941899361, 32.89608650688983, 0.0 ], [ 51.923045292347233, 32.897043272258088, 0.0 ], [ 51.923783287730487, 32.898590128523693, 0.0 ], [ 51.924287010841432, 32.899950149517757, 0.0 ], [ 51.924542441244839, 32.900729058154617, 0.0 ], [ 51.924784435198653, 32.901114577374599, 0.0 ], [ 51.92484563445997, 32.902887623171821, 0.0 ], [ 51.924906914764463, 32.904662906815318, 0.0 ], [ 51.924934201563303, 32.905452615856689, 0.0 ], [ 51.924981982804709, 32.906835666343042, 0.0 ], [ 51.924995638691811, 32.907231076450728, 0.0 ], [ 51.923857368662077, 32.907470526692236, 0.0 ], [ 51.922254099354497, 32.907529084929728, 0.0 ], [ 51.920637834301388, 32.907191662270627, 0.0 ], [ 51.919721820197957, 32.907224703430387, 0.0 ], [ 51.918564107475532, 32.906870339974077, 0.0 ], [ 51.917183915891769, 32.90672206855136, 0.0 ], [ 51.916032820728617, 32.906565546043581, 0.0 ], [ 51.9139658993683, 32.906441987751982, 0.0 ], [ 51.912820852247627, 32.906483152832287, 0.0 ], [ 51.911675678470289, 32.906524606442062, 0.0 ], [ 51.910530432174269, 32.9065660426214, 0.0 ], [ 51.90938533756227, 32.906606973910293, 0.0 ], [ 51.908011187738133, 32.906656048420203, 0.0 ], [ 51.906178878919746, 32.906721452198802, 0.0 ], [ 51.904346404745461, 32.906786842427813, 0.0 ], [ 51.902513795377793, 32.906852212000217, 0.0 ], [ 51.900451632379571, 32.906926169678187, 0.0 ], [ 51.899305954518951, 32.906967207202932, 0.0 ], [ 51.897931972524127, 32.907015026040312, 0.0 ], [ 51.896786938246699, 32.907054852893708, 0.0 ], [ 51.895870886562093, 32.907086707416227, 0.0 ], [ 51.894954828972352, 32.907118570936653, 0.0 ], [ 51.89289358766068, 32.90719021687498, 0.0 ], [ 51.891748410531847, 32.907230010066378, 0.0 ], [ 51.890375180056537, 32.907276135956522, 0.0 ], [ 51.889230966626229, 32.907314484652858, 0.0 ], [ 51.887400404431233, 32.907375677272121, 0.0 ], [ 51.886027582579437, 32.907421396035353, 0.0 ], [ 51.884425416106517, 32.907475403598824, 0.0 ], [ 51.882593407989411, 32.907538268762288, 0.0 ], [ 51.880990364446177, 32.90759325616412, 0.0 ], [ 51.87984528983143, 32.907632519566448, 0.0 ], [ 51.878929220075499, 32.907663926094678, 0.0 ], [ 51.876868281021473, 32.907734160527831, 0.0 ], [ 51.87572365931279, 32.907772755775312, 0.0 ], [ 51.874579050061989, 32.907811344749071, 0.0 ], [ 51.872976588988273, 32.907865357586218, 0.0 ], [ 51.871831958450556, 32.907903926309118, 0.0 ], [ 51.87022937606126, 32.907957974848443, 0.0 ], [ 51.869089850673816, 32.908392713627862, 0.0 ], [ 51.867257007428393, 32.908455470437573, 0.0 ], [ 51.866569678475031, 32.908479010079112, 0.0 ], [ 51.865424048011043, 32.908518311719902, 0.0 ], [ 51.86427838048165, 32.908557600708889, 0.0 ] ] ] } },
{ "type": "Feature", "properties": { "Name": "160", "description": null, "timestamp": null, "begin": null, "end": null, "altitudeMode": null, "tessellate": 1, "extrude": 0, "visibility": -1, "drawOrder": null, "icon": null, "class": 3 }, "geometry": { "type": "Polygon", "coordinates": [ [ [ 51.916840890283012, 32.881429756894043, 0.0 ], [ 51.940305064444033, 32.861326081429141, 0.0 ], [ 51.992698450717953, 32.808393069938333, 0.0 ], [ 51.99426940024658, 32.908361940269913, 0.0 ], [ 51.991991090927087, 32.908635177731448, 0.0 ], [ 51.988018906756899, 32.90738115082268, 0.0 ], [ 51.933221708940842, 32.906538433413317, 0.0 ], [ 51.916840890283012, 32.881429756894043, 0.0 ] ] ] } },
{ "type": "Feature", "properties": { "Name": "Untitled Polygon", "description": null, "timestamp": null, "begin": null, "end": null, "altitudeMode": null, "tessellate": 1, "extrude": 0, "visibility": -1, "drawOrder": null, "icon": null, "class": 3 }, "geometry": { "type": "Polygon", "coordinates": [ [ [ 51.854569721755148, 32.890686857005669, 0.0 ], [ 51.84490970925404, 32.872793340602982, 0.0 ], [ 51.89566859105345, 32.873107392757767, 0.0 ], [ 51.917609940406336, 32.855983158659427, 0.0 ], [ 51.931263236645847, 32.860487311472937, 0.0 ], [ 51.90110699884206, 32.887628905632361, 0.0 ], [ 51.854569721755148, 32.890686857005669, 0.0 ] ] ] } },
{ "type": "Feature", "properties": { "Name": "Untitled Polygon", "description": null, "timestamp": null, "begin": null, "end": null, "altitudeMode": null, "tessellate": 1, "extrude": 0, "visibility": -1, "drawOrder": null, "icon": null, "class": 3 }, "geometry": { "type": "Polygon", "coordinates": [ [ [ 51.850658690739301, 32.859593737293388, 0.0 ], [ 51.864218256067637, 32.845256915619792, 0.0 ], [ 51.88014101322279, 32.859550847572237, 0.0 ], [ 51.850658690739301, 32.859593737293388, 0.0 ] ] ] } },
{ "type": "Feature", "properties": { "Name": "Untitled Polygon", "description": null, "timestamp": null, "begin": null, "end": null, "altitudeMode": null, "tessellate": 1, "extrude": 0, "visibility": -1, "drawOrder": null, "icon": null, "class": 3 }, "geometry": { "type": "Polygon", "coordinates": [ [ [ 51.909795923282459, 32.850958349552513, 0.0 ], [ 51.926305763896671, 32.847696963576603, 0.0 ], [ 51.899912404907617, 32.858305789554862, 0.0 ], [ 51.909795923282459, 32.850958349552513, 0.0 ] ] ] } },
{ "type": "Feature", "properties": { "Name": "Untitled Polygon", "description": null, "timestamp": null, "begin": null, "end": null, "altitudeMode": null, "tessellate": 1, "extrude": 0, "visibility": -1, "drawOrder": null, "icon": null, "class": 3 }, "geometry": { "type": "Polygon", "coordinates": [ [ [ 51.938584727246287, 32.857749236703818, 0.0 ], [ 51.922169561055739, 32.851256068958861, 0.0 ], [ 51.963447167232417, 32.833032043761101, 0.0 ], [ 51.938584727246287, 32.857749236703818, 0.0 ] ] ] } },
{ "type": "Feature", "properties": { "Name": "Untitled Polygon", "description": null, "timestamp": null, "begin": null, "end": null, "altitudeMode": null, "tessellate": 1, "extrude": 0, "visibility": -1, "drawOrder": null, "icon": null, "class": 3 }, "geometry": { "type": "Polygon", "coordinates": [ [ [ 51.850679096488413, 32.81025329426619, 0.0 ], [ 51.853114157844047, 32.799438376521678, 0.0 ], [ 51.937589045542957, 32.798458386553023, 0.0 ], [ 51.923348568251868, 32.814604745376947, 0.0 ], [ 51.850679096488413, 32.81025329426619, 0.0 ] ] ] } },
{ "type": "Feature", "properties": { "Name": "Untitled Polygon", "description": null, "timestamp": null, "begin": null, "end": null, "altitudeMode": null, "tessellate": 1, "extrude": 0, "visibility": -1, "drawOrder": null, "icon": null, "class": 3 }, "geometry": { "type": "Polygon", "coordinates": [ [ [ 51.924275115148681, 32.786202450782348, 0.0 ], [ 51.92758704399531, 32.782884534025413, 0.0 ], [ 51.938344521367313, 32.786712506483553, 0.0 ], [ 51.935513782233649, 32.795375029783742, 0.0 ], [ 51.924275115148681, 32.786202450782348, 0.0 ] ] ] } },
{ "type": "Feature", "properties": { "Name": "Untitled Polygon", "description": null, "timestamp": null, "begin": null, "end": null, "altitudeMode": null, "tessellate": 1, "extrude": 0, "visibility": -1, "drawOrder": null, "icon": null, "class": 3 }, "geometry": { "type": "Polygon", "coordinates": [ [ [ 51.736965697774707, 32.890006451967047, 0.0 ], [ 51.736887249100903, 32.887372626560399, 0.0 ], [ 51.737431449252988, 32.883223080181388, 0.0 ], [ 51.740679433318427, 32.880308426258154, 0.0 ], [ 51.745733292601663, 32.878462018714828, 0.0 ], [ 51.745955355948517, 32.878454818908317, 0.0 ], [ 51.752522595995089, 32.875628256107639, 0.0 ], [ 51.756279211755512, 32.875133555225197, 0.0 ], [ 51.759191483005068, 32.875784970379968, 0.0 ], [ 51.75966431226567, 32.876516090134693, 0.0 ], [ 51.761580636740483, 32.880005486501027, 0.0 ], [ 51.761810307963117, 32.880185231503802, 0.0 ], [ 51.764238567504222, 32.885171079901681, 0.0 ], [ 51.766214723036931, 32.889814139542771, 0.0 ], [ 51.765122565828122, 32.89589965372965, 0.0 ], [ 51.764914346977399, 32.896285442444359, 0.0 ], [ 51.756681078048707, 32.897689571064262, 0.0 ], [ 51.746094311406416, 32.895947097915467, 0.0 ], [ 51.736620106322043, 32.893415077623423, 0.0 ], [ 51.736965697774707, 32.890006451967047, 0.0 ] ] ] } },
{ "type": "Feature", "properties": { "Name": "Untitled Polygon", "description": null, "timestamp": null, "begin": null, "end": null, "altitudeMode": null, "tessellate": 1, "extrude": 0, "visibility": -1, "drawOrder": null, "icon": null, "class": 3 }, "geometry": { "type": "Polygon", "coordinates": [ [ [ 51.76906446028211, 32.886465885822624, 0.0 ], [ 51.767236473154448, 32.880772128095337, 0.0 ], [ 51.771310972135552, 32.879460973690954, 0.0 ], [ 51.774068957478697, 32.87885815345647, 0.0 ], [ 51.775659197948308, 32.884552847248237, 0.0 ], [ 51.76906446028211, 32.886465885822624, 0.0 ] ] ] } },
{ "type": "Feature", "properties": { "Name": "Untitled Polygon", "description": null, "timestamp": null, "begin": null, "end": null, "altitudeMode": null, "tessellate": 1, "extrude": 0, "visibility": -1, "drawOrder": null, "icon": null, "class": 3 }, "geometry": { "type": "Polygon", "coordinates": [ [ [ 51.66221388117183, 32.846328219197169, 0.0 ], [ 51.664969029864281, 32.836244886349547, 0.0 ], [ 51.672241255044057, 32.839777394051367, 0.0 ], [ 51.678753194009317, 32.840701606072891, 0.0 ], [ 51.66221388117183, 32.846328219197169, 0.0 ] ] ] } },
{ "type": "Feature", "properties": { "Name": "170", "description": null, "timestamp": null, "begin": null, "end": null, "altitudeMode": null, "tessellate": 1, "extrude": 0, "visibility": -1, "drawOrder": null, "icon": null, "class": 3 }, "geometry": { "type": "Polygon", "coordinates": [ [ [ 51.574294737914379, 32.869181353264452, 0.0 ], [ 51.576679663088967, 32.865506534050887, 0.0 ], [ 51.577272136899737, 32.86753131566541, 0.0 ], [ 51.574294737914379, 32.869181353264452, 0.0 ] ] ] } },
{ "type": "Feature", "properties": { "Name": "Untitled Polygon", "description": null, "timestamp": null, "begin": null, "end": null, "altitudeMode": null, "tessellate": 1, "extrude": 0, "visibility": -1, "drawOrder": null, "icon": null, "class": 3 }, "geometry": { "type": "Polygon", "coordinates": [ [ [ 51.613616053852873, 32.783290184922947, 0.0 ], [ 51.608133589478157, 32.777638877038598, 0.0 ], [ 51.616614634406609, 32.776336802687013, 0.0 ], [ 51.613616053852873, 32.783290184922947, 0.0 ] ] ] } },
{ "type": "Feature", "properties": { "Name": "Untitled Polygon", "description": null, "timestamp": null, "begin": null, "end": null, "altitudeMode": null, "tessellate": 1, "extrude": 0, "visibility": -1, "drawOrder": null, "icon": null, "class": 3 }, "geometry": { "type": "Polygon", "coordinates": [ [ [ 51.51873520631964, 32.89700940966145, 0.0 ], [ 51.512803114331312, 32.8910498872443, 0.0 ], [ 51.521168893311113, 32.885798647041661, 0.0 ], [ 51.51873520631964, 32.89700940966145, 0.0 ] ] ] } },
{ "type": "Feature", "properties": { "Name": "Untitled Polygon", "description": null, "timestamp": null, "begin": null, "end": null, "altitudeMode": null, "tessellate": 1, "extrude": 0, "visibility": -1, "drawOrder": null, "icon": null, "class": 3 }, "geometry": { "type": "Polygon", "coordinates": [ [ [ 51.730183548574267, 32.804873323938828, 0.0 ], [ 51.732033120346131, 32.799040950446617, 0.0 ], [ 51.736019853486837, 32.803914554602329, 0.0 ], [ 51.730183548574267, 32.804873323938828, 0.0 ] ] ] } },
{ "type": "Feature", "properties": { "Name": "Untitled Polygon", "description": null, "timestamp": null, "begin": null, "end": null, "altitudeMode": null, "tessellate": 1, "extrude": 0, "visibility": -1, "drawOrder": null, "icon": null, "class": 3 }, "geometry": { "type": "Polygon", "coordinates": [ [ [ 51.812879747097973, 32.853513085897127, 0.0 ], [ 51.81919565478956, 32.853034090656969, 0.0 ], [ 51.820025117180272, 32.859757639972472, 0.0 ], [ 51.811315577793273, 32.859691378018823, 0.0 ], [ 51.812879747097973, 32.853513085897127, 0.0 ] ] ] } },
{ "type": "Feature", "properties": { "Name": "Untitled Polygon", "description": null, "timestamp": null, "begin": null, "end": null, "altitudeMode": null, "tessellate": 1, "extrude": 0, "visibility": -1, "drawOrder": null, "icon": null, "class": 3 }, "geometry": { "type": "Polygon", "coordinates": [ [ [ 51.813205023138117, 32.787528061975458, 0.0 ], [ 51.821441881251069, 32.78141884429192, 0.0 ], [ 51.82289228727138, 32.787089571889616, 0.0 ], [ 51.82525374880754, 32.793250900804537, 0.0 ], [ 51.813205023138117, 32.787528061975458, 0.0 ] ] ] } }
]
}
