{
"type": "FeatureCollection",
"name": "training_data_1985",
"crs": { "type": "name", "properties": { "name": "urn:ogc:def:crs:OGC:1.3:CRS84" } },
"features": [
{ "type": "Feature", "properties": { "Name": "1", "description": null, "timestamp": null, "begin": null, "end": null, "altitudeMode": null, "tessellate": 1, "extrude": 0, "visibility": 0, "drawOrder": null, "icon": null, "class": 1 }, "geometry": { "type": "Polygon", "coordinates": [ [ [ 51.696693480684019, 32.670941619933672, 0.0 ], [ 51.702222719772998, 32.65900081623397, 0.0 ], [ 51.70793149680717, 32.662814129993301, 0.0 ], [ 51.696693480684019, 32.670941619933672, 0.0 ] ] ] } },
{ "type": "Feature", "properties": { "Name": "Untitled Polygon", "description": null, "timestamp": null, "begin": null, "end": null, "altitudeMode": null, "tessellate": 1, "extrude": 0, "visibility": 0, "drawOrder": null, "icon": null, "class": 1 }, "geometry": { "type": "Polygon", "coordinates": [ [ [ 51.686829194177967, 32.680357643437127, 0.0 ], [ 51.680215756225692, 32.662141567321527, 0.0 ], [ 51.692863656045972, 32.661961907869518, 0.0 ], [ 51.686829194177967, 32.680357643437127, 0.0 ] ] ] } },
{ "type": "Feature", "properties": { "Name": "Untitled Polygon", "description": null, "timestamp": null, "begin": null, "end": null, "altitudeMode": null, "tessellate": 1, "extrude": 0, "visibility": 0, "drawOrder": null, "icon": null, "class": 1 }, "geometry": { "type": "Polygon", "coordinates": [ [ [ 51.658486448660398, 32.665492166113488, 0.0 ], [ 51.66166399102201, 32.659843585174947, 0.0 ], [ 51.666644979799933, 32.665234424772827, 0.0 ], [ 51.658486448660398, 32.665492166113488, 0.0 ] ] ] } },
{ "type": "Feature", "properties": { "Name": "Untitled Polygon", "description": null, "timestamp": null, "begin": null, "end": null, "altitudeMode": null, "tessellate": 1, "extrude": 0, "visibility": 0, "drawOrder": null, "icon": null, "class": 1 }, "geometry": { "type": "Polygon", "coordinates": [ [ [ 51.693569259554259, 32.654171002112861, 0.0 ], [ 51.695134043800927, 32.647906355934779, 0.0 ], [ 51.702147330690451, 32.651455801968581, 0.0 ], [ 51.693569259554259, 32.654171002112861, 0.0 ] ] ] } },
{ "type": "Feature", "properties": { "Name": "Untitled Polygon", "description": null, "timestamp": null, "begin": null, "end": null, "altitudeMode": null, "tessellate": 1, "extrude": 0, "visibility": 0, "drawOrder": null, "icon": null, "class": 1 }, "geometry": { "type": "Polygon", "coordinates": [ [ [ 51.649871938978052, 32.658409688245086, 0.0 ], [ 51.649855961726693, 32.658052629697117, 0.0 ], [ 51.650467911163076, 32.657497027615968, 0.0 ], [ 51.651071866332671, 32.656762883847477, 0.0 ], [ 51.652109198128763, 32.656193711570239, 0.0 ], [ 51.652940610506221, 32.65581014757911, 0.0 ], [ 51.653998508305882, 32.655776239459527, 0.0 ], [ 51.655273286358039, 32.655736973787043, 0.0 ], [ 51.656335248053701, 32.655704039453248, 0.0 ], [ 51.657208118148503, 32.656213068219678, 0.0 ], [ 51.657240822441707, 32.656927295310567, 0.0 ], [ 51.657289158771512, 32.657998502346928, 0.0 ], [ 51.657320065606008, 32.65871234827334, 0.0 ], [ 51.656263623969757, 32.658923458868003, 0.0 ], [ 51.65520393909231, 32.6589566551432, 0.0 ], [ 51.654355312530228, 32.658983198562979, 0.0 ], [ 51.65329566911911, 32.659016947536429, 0.0 ], [ 51.652235750179813, 32.659050347506117, 0.0 ], [ 51.65138780611457, 32.659077056861712, 0.0 ], [ 51.650539877139252, 32.659103743979252, 0.0 ], [ 51.649479960102077, 32.659137120080153, 0.0 ], [ 51.649871938978052, 32.658409688245086, 0.0 ] ] ] } },
{ "type": "Feature", "properties": { "Name": "Untitled Polygon", "description": null, "timestamp": null, "begin": null, "end": null, "altitudeMode": null, "tessellate": 1, "extrude": 0, "visibility": 0, "drawOrder": null, "icon": null, "class": 1 }, "geometry": { "type": "Polygon", "coordinates": [ [ [ 51.697809077820267, 32.68103174050681, 0.0 ], [ 51.70030708162016, 32.679879438943338, 0.0 ], [ 51.699774840487031, 32.682220311677291, 0.0 ], [ 51.697809077820267, 32.68103174050681, 0.0 ] ] ] } },
{ "type": "Feature", "properties": { "Name": "Untitled Polygon", "description": null, "timestamp": null, "begin": null, "end": null, "altitudeMode": null, "tessellate": 1, "extrude": 0, "visibility": 0, "drawOrder": null, "icon": null, "class": 1 }, "geometry": { "type": "Polygon", "coordinates": [ [ [ 51.701683713757248, 32.672681114450278, 0.0 ], [ 51.70280048926179, 32.673896983442049, 0.0 ], [ 51.699706261300683, 32.675963825536961, 0.0 ], [ 51.701683713757248, 32.672681114450278, 0.0 ] ] ] } },
{ "type": "Feature", "properties": { "Name": "Untitled Polygon", "description": null, "timestamp": null, "begin": null, "end": null, "altitudeMode": null, "tessellate": 1, "extrude": 0, "visibility": 0, "drawOrder": null, "icon": null, "class": 1 }, "geometry": { "type": "Polygon", "coordinates": [ [ [ 51.709003146224212, 32.670123386319908, 0.0 ], [ 51.712705789189201, 32.672150949863713, 0.0 ], [ 51.709311773809638, 32.672259249678227, 0.0 ], [ 51.709003146224212, 32.670123386319908, 0.0 ] ] ] } },
{ "type": "Feature", "properties": { "Name": "Untitled Polygon", "description": null, "timestamp": null, "begin": null, "end": null, "altitudeMode": null, "tessellate": 1, "extrude": 0, "visibility": 0, "drawOrder": null, "icon": null, "class": 1 }, "geometry": { "type": "Polygon", "coordinates": [ [ [ 51.679001236166037, 32.6784069450771, 0.0 ], [ 51.678657024770111, 32.680205544792933, 0.0 ], [ 51.676456179649932, 32.678487324527303, 0.0 ], [ 51.679001236166037, 32.6784069450771, 0.0 ] ] ] } },
{ "type": "Feature", "properties": { "Name": "10", "description": null, "timestamp": null, "begin": null, "end": null, "altitudeMode": null, "tessellate": 1, "extrude": 0, "visibility": 0, "drawOrder": null, "icon": null, "class": 1 }, "geometry": { "type": "Polygon", "coordinates": [ [ [ 51.653362827613243, 32.67492471483709, 0.0 ], [ 51.65429043767508, 32.676683166720828, 0.0 ], [ 51.650895325875737, 32.676790201981703, 0.0 ], [ 51.653362827613243, 32.67492471483709, 0.0 ] ] ] } },
{ "type": "Feature", "properties": { "Name": "Untitled Polygon", "description": null, "timestamp": null, "begin": null, "end": null, "altitudeMode": null, "tessellate": 1, "extrude": 0, "visibility": 0, "drawOrder": null, "icon": null, "class": 1 }, "geometry": { "type": "Polygon", "coordinates": [ [ [ 51.6476452266877, 32.665629998806523, 0.0 ], [ 51.647810155216952, 32.669378686917483, 0.0 ], [ 51.645046095519866, 32.66446038053563, 0.0 ], [ 51.6476452266877, 32.665629998806523, 0.0 ] ] ] } },
{ "type": "Feature", "properties": { "Name": "Untitled Polygon", "description": null, "timestamp": null, "begin": null, "end": null, "altitudeMode": null, "tessellate": 1, "extrude": 0, "visibility": 0, "drawOrder": null, "icon": null, "class": 1 }, "geometry": { "type": "Polygon", "coordinates": [ [ [ 51.601037025343167, 32.682817012783282, 0.0 ], [ 51.600947796097323, 32.685680359755992, 0.0 ], [ 51.598167155902061, 32.685230279943639, 0.0 ], [ 51.601037025343167, 32.682817012783282, 0.0 ] ] ] } },
{ "type": "Feature", "properties": { "Name": "Untitled Polygon", "description": null, "timestamp": null, "begin": null, "end": null, "altitudeMode": null, "tessellate": 1, "extrude": 0, "visibility": 0, "drawOrder": null, "icon": null, "class": 1 }, "geometry": { "type": "Polygon", "coordinates": [ [ [ 51.637049416262919, 32.704940383734588, 0.0 ], [ 51.639113482164632, 32.708453729350147, 0.0 ], [ 51.63583071739766, 32.706230571774682, 0.0 ], [ 51.637049416262919, 32.704940383734588, 0.0 ] ] ] } },
{ "type": "Feature", "properties": { "Name": "Untitled Polygon", "description": null, "timestamp": null, "begin": null, "end": null, "altitudeMode": null, "tessellate": 1, "extrude": 0, "visibility": 0, "drawOrder": null, "icon": null, "class": 1 }, "geometry": { "type": "Polygon", "coordinates": [ [ [ 51.644722413800963, 32.710426047558137, 0.0 ], [ 51.647582744027197, 32.712662125281689, 0.0 ], [ 51.643921225397342, 32.711523940327112, 0.0 ], [ 51.644722413800963, 32.710426047558137, 0.0 ] ] ] } },
{ "type": "Feature", "properties": { "Name": "Untitled Polygon", "description": null, "timestamp": null, "begin": null, "end": null, "altitudeMode": null, "tessellate": 1, "extrude": 0, "visibility": 0, "drawOrder": null, "icon": null, "class": 1 }, "geometry": { "type": "Polygon", "coordinates": [ [ [ 51.67378485907021, 32.666235663032758, 0.0 ], [ 51.676841656338937, 32.668105620810458, 0.0 ], [ 51.67387951856697, 32.668378123139263, 0.0 ], [ 51.67378485907021, 32.666235663032758, 0.0 ] ] ] } },
{ "type": "Feature", "properties": { "Name": "Untitled Polygon", "description": null, "timestamp": null, "begin": null, "end": null, "altitudeMode": null, "tessellate": 1, "extrude": 0, "visibility": 0, "drawOrder": null, "icon": null, "class": 1 }, "geometry": { "type": "Polygon", "coordinates": [ [ [ 51.695952762994807, 32.686990907029077, 0.0 ], [ 51.697982234074722, 32.689609695602293, 0.0 ], [ 51.694375173008808, 32.689723873391827, 0.0 ], [ 51.695952762994807, 32.686990907029077, 0.0 ] ] ] } },
{ "type": "Feature", "properties": { "Name": "Untitled Polygon", "description": null, "timestamp": null, "begin": null, "end": null, "altitudeMode": null, "tessellate": 1, "extrude": 0, "visibility": 0, "drawOrder": null, "icon": null, "class": 1 }, "geometry": { "type": "Polygon", "coordinates": [ [ [ 51.660367435253747, 32.67005608129157, 0.0 ], [ 51.660055233411448, 32.672568676925813, 0.0 ], [ 51.658253205779737, 32.670301497303981, 0.0 ], [ 51.660367435253747, 32.67005608129157, 0.0 ] ] ] } },
{ "type": "Feature", "properties": { "Name": "Untitled Polygon", "description": null, "timestamp": null, "begin": null, "end": null, "altitudeMode": null, "tessellate": 1, "extrude": 0, "visibility": 0, "drawOrder": null, "icon": null, "class": 1 }, "geometry": { "type": "Polygon", "coordinates": [ [ [ 51.64730142587171, 32.633999219046842, 0.0 ], [ 51.646991358782401, 32.636687616929613, 0.0 ], [ 51.644990645984677, 32.634606398692888, 0.0 ], [ 51.64730142587171, 32.633999219046842, 0.0 ] ] ] } },
{ "type": "Feature", "properties": { "Name": "Untitled Polygon", "description": null, "timestamp": null, "begin": null, "end": null, "altitudeMode": null, "tessellate": 1, "extrude": 0, "visibility": 0, "drawOrder": null, "icon": null, "class": 1 }, "geometry": { "type": "Polygon", "coordinates": [ [ [ 51.63759511081588, 32.625375753052097, 0.0 ], [ 51.636614404762383, 32.627367536083987, 0.0 ], [ 51.63571433180693, 32.626146397545817, 0.0 ], [ 51.63759511081588, 32.625375753052097, 0.0 ] ] ] } },
{ "type": "Feature", "properties": { "Name": "20", "description": null, "timestamp": null, "begin": null, "end": null, "altitudeMode": null, "tessellate": 1, "extrude": 0, "visibility": 0, "drawOrder": null, "icon": null, "class": 1 }, "geometry": { "type": "Polygon", "coordinates": [ [ [ 51.649228110336793, 32.648775308267908, 0.0 ], [ 51.651425383508908, 32.650493144636251, 0.0 ], [ 51.648260468784038, 32.650773980680341, 0.0 ], [ 51.649228110336793, 32.648775308267908, 0.0 ] ] ] } },
{ "type": "Feature", "properties": { "Name": "Untitled Polygon", "description": null, "timestamp": null, "begin": null, "end": null, "altitudeMode": null, "tessellate": 1, "extrude": 0, "visibility": 0, "drawOrder": null, "icon": null, "class": 1 }, "geometry": { "type": "Polygon", "coordinates": [ [ [ 51.688494603474908, 32.64377787812824, 0.0 ], [ 51.688402737491323, 32.646463043811274, 0.0 ], [ 51.686014377990062, 32.645287382807069, 0.0 ], [ 51.688494603474908, 32.64377787812824, 0.0 ] ] ] } },
{ "type": "Feature", "properties": { "Name": "Untitled Polygon", "description": null, "timestamp": null, "begin": null, "end": null, "altitudeMode": null, "tessellate": 1, "extrude": 0, "visibility": 0, "drawOrder": null, "icon": null, "class": 1 }, "geometry": { "type": "Polygon", "coordinates": [ [ [ 51.68365792918177, 32.654302124872089, 0.0 ], [ 51.686014739554871, 32.654763959812207, 0.0 ], [ 51.684657188484039, 32.657666954201282, 0.0 ], [ 51.68365792918177, 32.654302124872089, 0.0 ] ] ] } },
{ "type": "Feature", "properties": { "Name": "Untitled Polygon", "description": null, "timestamp": null, "begin": null, "end": null, "altitudeMode": null, "tessellate": 1, "extrude": 0, "visibility": 0, "drawOrder": null, "icon": null, "class": 1 }, "geometry": { "type": "Polygon", "coordinates": [ [ [ 51.700009808618503, 32.654319166408129, 0.0 ], [ 51.702062447629572, 32.657471883968093, 0.0 ], [ 51.696932667977869, 32.656740546209889, 0.0 ], [ 51.700009808618503, 32.654319166408129, 0.0 ] ] ] } },
{ "type": "Feature", "properties": { "Name": "Untitled Polygon", "description": null, "timestamp": null, "begin": null, "end": null, "altitudeMode": null, "tessellate": 1, "extrude": 0, "visibility": 0, "drawOrder": null, "icon": null, "class": 1 }, "geometry": { "type": "Polygon", "coordinates": [ [ [ 51.70130315904678, 32.668938512728062, 0.0 ], [ 51.705301002364322, 32.668095749190442, 0.0 ], [ 51.703904656851059, 32.670107004113113, 0.0 ], [ 51.70130315904678, 32.668938512728062, 0.0 ] ] ] } },
{ "type": "Feature", "properties": { "Name": "Untitled Polygon", "description": null, "timestamp": null, "begin": null, "end": null, "altitudeMode": null, "tessellate": 1, "extrude": 0, "visibility": 0, "drawOrder": null, "icon": null, "class": 1 }, "geometry": { "type": "Polygon", "coordinates": [ [ [ 51.664944092117707, 32.667945403988043, 0.0 ], [ 51.665471505257607, 32.670252781299808, 0.0 ], [ 51.663028417538008, 32.667826965190123, 0.0 ], [ 51.664944092117707, 32.667945403988043, 0.0 ] ] ] } },
{ "type": "Feature", "properties": { "Name": "Untitled Polygon", "description": null, "timestamp": null, "begin": null, "end": null, "altitudeMode": null, "tessellate": 1, "extrude": 0, "visibility": 0, "drawOrder": null, "icon": null, "class": 1 }, "geometry": { "type": "Polygon", "coordinates": [ [ [ 51.652709302751127, 32.669760973561146, 0.0 ], [ 51.654082963035329, 32.672041855930061, 0.0 ], [ 51.651327635843003, 32.672128420929361, 0.0 ], [ 51.652709302751127, 32.669760973561146, 0.0 ] ] ] } },
{ "type": "Feature", "properties": { "Name": "Untitled Polygon", "description": null, "timestamp": null, "begin": null, "end": null, "altitudeMode": null, "tessellate": 1, "extrude": 0, "visibility": 0, "drawOrder": null, "icon": null, "class": 1 }, "geometry": { "type": "Polygon", "coordinates": [ [ [ 51.678638887710598, 32.656069415857438, 0.0 ], [ 51.680234188698293, 32.658521677254093, 0.0 ], [ 51.67688129676965, 32.659522030810962, 0.0 ], [ 51.678638887710598, 32.656069415857438, 0.0 ] ] ] } },
{ "type": "Feature", "properties": { "Name": "Untitled Polygon", "description": null, "timestamp": null, "begin": null, "end": null, "altitudeMode": null, "tessellate": 1, "extrude": 0, "visibility": 0, "drawOrder": null, "icon": null, "class": 1 }, "geometry": { "type": "Polygon", "coordinates": [ [ [ 51.681641798853093, 32.680469087279107, 0.0 ], [ 51.683237574068777, 32.682922302242979, 0.0 ], [ 51.679192552986983, 32.682691920130537, 0.0 ], [ 51.681641798853093, 32.680469087279107, 0.0 ] ] ] } },
{ "type": "Feature", "properties": { "Name": "Untitled Polygon", "description": null, "timestamp": null, "begin": null, "end": null, "altitudeMode": null, "tessellate": 1, "extrude": 0, "visibility": 0, "drawOrder": null, "icon": null, "class": 1 }, "geometry": { "type": "Polygon", "coordinates": [ [ [ 51.652923963895908, 32.660989402199093, 0.0 ], [ 51.654488673942659, 32.662728973960398, 0.0 ], [ 51.650442291030082, 32.662498628483029, 0.0 ], [ 51.652923963895908, 32.660989402199093, 0.0 ] ] ] } },
{ "type": "Feature", "properties": { "Name": "30", "description": null, "timestamp": null, "begin": null, "end": null, "altitudeMode": null, "tessellate": 1, "extrude": 0, "visibility": 0, "drawOrder": null, "icon": null, "class": 1 }, "geometry": { "type": "Polygon", "coordinates": [ [ [ 51.646720404522391, 32.655281232235843, 0.0 ], [ 51.64827726453629, 32.656842201129102, 0.0 ], [ 51.645516059052341, 32.656928502609837, 0.0 ], [ 51.646720404522391, 32.655281232235843, 0.0 ] ] ] } },
{ "type": "Feature", "properties": { "Name": "Untitled Polygon", "description": null, "timestamp": null, "begin": null, "end": null, "altitudeMode": null, "tessellate": 1, "extrude": 0, "visibility": 0, "drawOrder": null, "icon": null, "class": 1 }, "geometry": { "type": "Polygon", "coordinates": [ [ [ 51.652886218195498, 32.636301925702142, 0.0 ], [ 51.653419826109058, 32.638788702842142, 0.0 ], [ 51.651045770680263, 32.637968420896428, 0.0 ], [ 51.652886218195498, 32.636301925702142, 0.0 ] ] ] } },
{ "type": "Feature", "properties": { "Name": "Untitled Polygon", "description": null, "timestamp": null, "begin": null, "end": null, "altitudeMode": null, "tessellate": 1, "extrude": 0, "visibility": 0, "drawOrder": null, "icon": null, "class": 1 }, "geometry": { "type": "Polygon", "coordinates": [ [ [ 51.689501288118052, 32.656969879600723, 0.0 ], [ 51.690437974947812, 32.658908005001663, 0.0 ], [ 51.6870659403315, 32.659551356824387, 0.0 ], [ 51.689501288118052, 32.656969879600723, 0.0 ] ] ] } },
{ "type": "Feature", "properties": { "Name": "Untitled Polygon", "description": null, "timestamp": null, "begin": null, "end": null, "altitudeMode": null, "tessellate": 1, "extrude": 0, "visibility": 0, "drawOrder": null, "icon": null, "class": 1 }, "geometry": { "type": "Polygon", "coordinates": [ [ [ 51.692016867974147, 32.689455781514383, 0.0 ], [ 51.694252250964908, 32.691890254242637, 0.0 ], [ 51.691688466543511, 32.691613406659187, 0.0 ], [ 51.692016867974147, 32.689455781514383, 0.0 ] ] ] } },
{ "type": "Feature", "properties": { "Name": "Untitled Polygon", "description": null, "timestamp": null, "begin": null, "end": null, "altitudeMode": null, "tessellate": 1, "extrude": 0, "visibility": 0, "drawOrder": null, "icon": null, "class": 1 }, "geometry": { "type": "Polygon", "coordinates": [ [ [ 51.670042821375461, 32.673329932465919, 0.0 ], [ 51.669777248126728, 32.676916427435067, 0.0 ], [ 51.666908820861472, 32.674501878786323, 0.0 ], [ 51.670042821375461, 32.673329932465919, 0.0 ] ] ] } },
{ "type": "Feature", "properties": { "Name": "Untitled Polygon", "description": null, "timestamp": null, "begin": null, "end": null, "altitudeMode": null, "tessellate": 1, "extrude": 0, "visibility": 0, "drawOrder": null, "icon": null, "class": 1 }, "geometry": { "type": "Polygon", "coordinates": [ [ [ 51.671516053486883, 32.629994171223899, 0.0 ], [ 51.671491867387303, 32.634285073758363, 0.0 ], [ 51.669354752848612, 32.633994955430367, 0.0 ], [ 51.671516053486883, 32.629994171223899, 0.0 ] ] ] } },
{ "type": "Feature", "properties": { "Name": "Untitled Polygon", "description": null, "timestamp": null, "begin": null, "end": null, "altitudeMode": null, "tessellate": 1, "extrude": 0, "visibility": 0, "drawOrder": null, "icon": null, "class": 1 }, "geometry": { "type": "Polygon", "coordinates": [ [ [ 51.683227795823939, 32.630694167421233, 0.0 ], [ 51.685019819403152, 32.632782573194802, 0.0 ], [ 51.67696044910668, 32.633039998176073, 0.0 ], [ 51.683227795823939, 32.630694167421233, 0.0 ] ] ] } },
{ "type": "Feature", "properties": { "Name": "Untitled Polygon", "description": null, "timestamp": null, "begin": null, "end": null, "altitudeMode": null, "tessellate": 1, "extrude": 0, "visibility": 0, "drawOrder": null, "icon": null, "class": 1 }, "geometry": { "type": "Polygon", "coordinates": [ [ [ 51.67285520893833, 32.62656129282432, 0.0 ], [ 51.673596491103261, 32.629033475937277, 0.0 ], [ 51.670984883252913, 32.627512684089183, 0.0 ], [ 51.67285520893833, 32.62656129282432, 0.0 ] ] ] } },
{ "type": "Feature", "properties": { "Name": "Untitled Polygon", "description": null, "timestamp": null, "begin": null, "end": null, "altitudeMode": null, "tessellate": 1, "extrude": 0, "visibility": 0, "drawOrder": null, "icon": null, "class": 1 }, "geometry": { "type": "Polygon", "coordinates": [ [ [ 51.641874724753549, 32.632178959530357, 0.0 ], [ 51.643087977200381, 32.635715519096642, 0.0 ], [ 51.640278133141081, 32.634553228222288, 0.0 ], [ 51.641874724753549, 32.632178959530357, 0.0 ] ] ] } },
{ "type": "Feature", "properties": { "Name": "Untitled Polygon", "description": null, "timestamp": null, "begin": null, "end": null, "altitudeMode": null, "tessellate": 1, "extrude": 0, "visibility": 0, "drawOrder": null, "icon": null, "class": 1 }, "geometry": { "type": "Polygon", "coordinates": [ [ [ 51.641812783838311, 32.625575289212499, 0.0 ], [ 51.641021317771447, 32.627026321583052, 0.0 ], [ 51.640083916722773, 32.624913547591078, 0.0 ], [ 51.641812783838311, 32.625575289212499, 0.0 ] ] ] } },
{ "type": "Feature", "properties": { "Name": "40", "description": null, "timestamp": null, "begin": null, "end": null, "altitudeMode": null, "tessellate": 1, "extrude": 0, "visibility": 0, "drawOrder": null, "icon": null, "class": 1 }, "geometry": { "type": "Polygon", "coordinates": [ [ [ 51.643988385188592, 32.621586464496481, 0.0 ], [ 51.6447399044158, 32.624414700711718, 0.0 ], [ 51.642150007343837, 32.623424710463922, 0.0 ], [ 51.643988385188592, 32.621586464496481, 0.0 ] ] ] } },
{ "type": "Feature", "properties": { "Name": "Untitled Polygon", "description": null, "timestamp": null, "begin": null, "end": null, "altitudeMode": null, "tessellate": 1, "extrude": 0, "visibility": 0, "drawOrder": null, "icon": null, "class": 1 }, "geometry": { "type": "Polygon", "coordinates": [ [ [ 51.630824886017081, 32.62163788909065, 0.0 ], [ 51.629786347336051, 32.62738101829391, 0.0 ], [ 51.627326655637091, 32.624247574650553, 0.0 ], [ 51.630824886017081, 32.62163788909065, 0.0 ] ] ] } },
{ "type": "Feature", "properties": { "Name": "Untitled Polygon", "description": null, "timestamp": null, "begin": null, "end": null, "altitudeMode": null, "tessellate": 1, "extrude": 0, "visibility": 0, "drawOrder": null, "icon": null, "class": 1 }, "geometry": { "type": "Polygon", "coordinates": [ [ [ 51.669946042197182, 32.617928210761143, 0.0 ], [ 51.669210410462561, 32.620621368405381, 0.0 ], [ 51.66828803119467, 32.618869895656857, 0.0 ], [ 51.669946042197182, 32.617928210761143, 0.0 ] ] ] } },
{ "type": "Feature", "properties": { "Name": "Untitled Polygon", "description": null, "timestamp": null, "begin": null, "end": null, "altitudeMode": null, "tessellate": 1, "extrude": 0, "visibility": 0, "drawOrder": null, "icon": null, "class": 1 }, "geometry": { "type": "Polygon", "coordinates": [ [ [ 51.661205526461721, 32.632283557444133, 0.0 ], [ 51.658471323634522, 32.632906204925909, 0.0 ], [ 51.657768415595683, 32.626494751766508, 0.0 ], [ 51.661205526461721, 32.632283557444133, 0.0 ] ] ] } },
{ "type": "Feature", "properties": { "Name": "Untitled Polygon", "description": null, "timestamp": null, "begin": null, "end": null, "altitudeMode": null, "tessellate": 1, "extrude": 0, "visibility": 0, "drawOrder": null, "icon": null, "class": 1 }, "geometry": { "type": "Polygon", "coordinates": [ [ [ 51.695081721338433, 32.629777781338731, 0.0 ], [ 51.691595633929069, 32.632573279264513, 0.0 ], [ 51.691216443681768, 32.628831483853702, 0.0 ], [ 51.695081721338433, 32.629777781338731, 0.0 ] ] ] } },
{ "type": "Feature", "properties": { "Name": "Untitled Polygon", "description": null, "timestamp": null, "begin": null, "end": null, "altitudeMode": null, "tessellate": 1, "extrude": 0, "visibility": 0, "drawOrder": null, "icon": null, "class": 1 }, "geometry": { "type": "Polygon", "coordinates": [ [ [ 51.659292786153799, 32.646653590547913, 0.0 ], [ 51.657315097667137, 32.649935839545677, 0.0 ], [ 51.655481851377608, 32.646952547622952, 0.0 ], [ 51.659292786153799, 32.646653590547913, 0.0 ] ] ] } },
{ "type": "Feature", "properties": { "Name": "Untitled Polygon", "description": null, "timestamp": null, "begin": null, "end": null, "altitudeMode": null, "tessellate": 1, "extrude": 0, "visibility": 0, "drawOrder": null, "icon": null, "class": 1 }, "geometry": { "type": "Polygon", "coordinates": [ [ [ 51.639439202314342, 32.668384245418892, 0.0 ], [ 51.638440694179032, 32.669846966403639, 0.0 ], [ 51.637953970295783, 32.668430803870628, 0.0 ], [ 51.639439202314342, 32.668384245418892, 0.0 ] ] ] } },
{ "type": "Feature", "properties": { "Name": "Untitled Polygon", "description": null, "timestamp": null, "begin": null, "end": null, "altitudeMode": null, "tessellate": 1, "extrude": 0, "visibility": 0, "drawOrder": null, "icon": null, "class": 1 }, "geometry": { "type": "Polygon", "coordinates": [ [ [ 51.57983084675169, 32.680434569808277, 0.0 ], [ 51.578028279726027, 32.682994851052193, 0.0 ], [ 51.578085859717781, 32.679415370525398, 0.0 ], [ 51.57983084675169, 32.680434569808277, 0.0 ] ] ] } },
{ "type": "Feature", "properties": { "Name": "Untitled Polygon", "description": null, "timestamp": null, "begin": null, "end": null, "altitudeMode": null, "tessellate": 1, "extrude": 0, "visibility": 0, "drawOrder": null, "icon": null, "class": 1 }, "geometry": { "type": "Polygon", "coordinates": [ [ [ 51.603794175788373, 32.684347660745857, 0.0 ], [ 51.606151578689513, 32.684811574897857, 0.0 ], [ 51.605419363787739, 32.68751813207323, 0.0 ], [ 51.603794175788373, 32.684347660745857, 0.0 ] ] ] } },
{ "type": "Feature", "properties": { "Name": "Untitled Polygon", "description": null, "timestamp": null, "begin": null, "end": null, "altitudeMode": null, "tessellate": 1, "extrude": 0, "visibility": 0, "drawOrder": null, "icon": null, "class": 1 }, "geometry": { "type": "Polygon", "coordinates": [ [ [ 51.602071805333857, 32.678852996229253, 0.0 ], [ 51.600670455418239, 32.680864937238873, 0.0 ], [ 51.599737673615962, 32.67892528178502, 0.0 ], [ 51.602071805333857, 32.678852996229253, 0.0 ] ] ] } },
{ "type": "Feature", "properties": { "Name": "50", "description": null, "timestamp": null, "begin": null, "end": null, "altitudeMode": null, "tessellate": 1, "extrude": 0, "visibility": 0, "drawOrder": null, "icon": null, "class": 1 }, "geometry": { "type": "Polygon", "coordinates": [ [ [ 51.575869750661639, 32.677337463198661, 0.0 ], [ 51.574696236345758, 32.679699340036223, 0.0 ], [ 51.573746729391857, 32.677403151918668, 0.0 ], [ 51.575869750661639, 32.677337463198661, 0.0 ] ] ] } },
{ "type": "Feature", "properties": { "Name": "Untitled Polygon", "description": null, "timestamp": null, "begin": null, "end": null, "altitudeMode": null, "tessellate": 1, "extrude": 0, "visibility": 0, "drawOrder": null, "icon": null, "class": 1 }, "geometry": { "type": "Polygon", "coordinates": [ [ [ 51.617856811774963, 32.699839123745683, 0.0 ], [ 51.619870982645857, 32.697270860245709, 0.0 ], [ 51.620215713708419, 32.700302664125957, 0.0 ], [ 51.617856811774963, 32.699839123745683, 0.0 ] ] ] } },
{ "type": "Feature", "properties": { "Name": "Untitled Polygon", "description": null, "timestamp": null, "begin": null, "end": null, "altitudeMode": null, "tessellate": 1, "extrude": 0, "visibility": 0, "drawOrder": null, "icon": null, "class": 1 }, "geometry": { "type": "Polygon", "coordinates": [ [ [ 51.644014817986523, 32.719432376012143, 0.0 ], [ 51.647131922240369, 32.717722303104694, 0.0 ], [ 51.646839595727073, 32.720775930594613, 0.0 ], [ 51.644014817986523, 32.719432376012143, 0.0 ] ] ] } },
{ "type": "Feature", "properties": { "Name": "Untitled Polygon", "description": null, "timestamp": null, "begin": null, "end": null, "altitudeMode": null, "tessellate": 1, "extrude": 0, "visibility": 0, "drawOrder": null, "icon": null, "class": 1 }, "geometry": { "type": "Polygon", "coordinates": [ [ [ 51.672982075992422, 32.720315331262221, 0.0 ], [ 51.674872049724009, 32.719716211534227, 0.0 ], [ 51.676414758390607, 32.72092083558536, 0.0 ], [ 51.672982075992422, 32.720315331262221, 0.0 ] ] ] } },
{ "type": "Feature", "properties": { "Name": "Untitled Polygon", "description": null, "timestamp": null, "begin": null, "end": null, "altitudeMode": null, "tessellate": 1, "extrude": 0, "visibility": 0, "drawOrder": null, "icon": null, "class": 1 }, "geometry": { "type": "Polygon", "coordinates": [ [ [ 51.677816063177247, 32.690079963840773, 0.0 ], [ 51.677950467252082, 32.693118704033402, 0.0 ], [ 51.675700555343283, 32.690326103393431, 0.0 ], [ 51.677816063177247, 32.690079963840773, 0.0 ] ] ] } },
{ "type": "Feature", "properties": { "Name": "Untitled Polygon", "description": null, "timestamp": null, "begin": null, "end": null, "altitudeMode": null, "tessellate": 1, "extrude": 0, "visibility": 0, "drawOrder": null, "icon": null, "class": 1 }, "geometry": { "type": "Polygon", "coordinates": [ [ [ 51.629084363191588, 32.693939483499577, 0.0 ], [ 51.631693579664322, 32.695290107133303, 0.0 ], [ 51.629608643063712, 32.696250690152283, 0.0 ], [ 51.629084363191588, 32.693939483499577, 0.0 ] ] ] } },
{ "type": "Feature", "properties": { "Name": "Untitled Polygon", "description": null, "timestamp": null, "begin": null, "end": null, "altitudeMode": null, "tessellate": 1, "extrude": 0, "visibility": 0, "drawOrder": null, "icon": null, "class": 1 }, "geometry": { "type": "Polygon", "coordinates": [ [ [ 51.696099526792771, 32.633685064134752, 0.0 ], [ 51.697456134887211, 32.630779098447761, 0.0 ], [ 51.698626734992459, 32.633244996409779, 0.0 ], [ 51.696099526792771, 32.633685064134752, 0.0 ] ] ] } },
{ "type": "Feature", "properties": { "Name": "Untitled Polygon", "description": null, "timestamp": null, "begin": null, "end": null, "altitudeMode": null, "tessellate": 1, "extrude": 0, "visibility": 0, "drawOrder": null, "icon": null, "class": 1 }, "geometry": { "type": "Polygon", "coordinates": [ [ [ 51.699969956230589, 32.629983624327402, 0.0 ], [ 51.701563861470753, 32.627608600221293, 0.0 ], [ 51.703372081417562, 32.630053499047477, 0.0 ], [ 51.699969956230589, 32.629983624327402, 0.0 ] ] ] } },
{ "type": "Feature", "properties": { "Name": "Untitled Polygon", "description": null, "timestamp": null, "begin": null, "end": null, "altitudeMode": null, "tessellate": 1, "extrude": 0, "visibility": 0, "drawOrder": null, "icon": null, "class": 1 }, "geometry": { "type": "Polygon", "coordinates": [ [ [ 51.678783666989077, 32.626191532323681, 0.0 ], [ 51.68216826285834, 32.625905458919171, 0.0 ], [ 51.680994253723789, 32.628264834502232, 0.0 ], [ 51.678783666989077, 32.626191532323681, 0.0 ] ] ] } },
{ "type": "Feature", "properties": { "Name": "Untitled Polygon", "description": null, "timestamp": null, "begin": null, "end": null, "altitudeMode": null, "tessellate": 1, "extrude": 0, "visibility": 0, "drawOrder": null, "icon": null, "class": 1 }, "geometry": { "type": "Polygon", "coordinates": [ [ [ 51.673264162046131, 32.631191597145452, 0.0 ], [ 51.675148035846647, 32.630594984311919, 0.0 ], [ 51.675730276699319, 32.634153815450667, 0.0 ], [ 51.673264162046131, 32.631191597145452, 0.0 ] ] ] } },
{ "type": "Feature", "properties": { "Name": "60", "description": null, "timestamp": null, "begin": null, "end": null, "altitudeMode": null, "tessellate": 1, "extrude": 0, "visibility": 0, "drawOrder": null, "icon": null, "class": 1 }, "geometry": { "type": "Polygon", "coordinates": [ [ [ 51.674323717877662, 32.674276685457357, 0.0 ], [ 51.675526575550229, 32.672627544945144, 0.0 ], [ 51.679478455504338, 32.675548514288181, 0.0 ], [ 51.674323717877662, 32.674276685457357, 0.0 ] ] ] } },
{ "type": "Feature", "properties": { "Name": "Untitled Polygon", "description": null, "timestamp": null, "begin": null, "end": null, "altitudeMode": null, "tessellate": 1, "extrude": 0, "visibility": 0, "drawOrder": null, "icon": null, "class": 1 }, "geometry": { "type": "Polygon", "coordinates": [ [ [ 51.673131991814969, 32.661787704608592, 0.0 ], [ 51.674067474749613, 32.663726756350719, 0.0 ], [ 51.67061058684412, 32.662403845617298, 0.0 ], [ 51.673131991814969, 32.661787704608592, 0.0 ] ] ] } },
{ "type": "Feature", "properties": { "Name": "Untitled Polygon", "description": null, "timestamp": null, "begin": null, "end": null, "altitudeMode": null, "tessellate": 1, "extrude": 0, "visibility": 0, "drawOrder": null, "icon": null, "class": 1 }, "geometry": { "type": "Polygon", "coordinates": [ [ [ 51.688863697089978, 32.652342239703508, 0.0 ], [ 51.689592258403323, 32.649635682121087, 0.0 ], [ 51.691865680899951, 32.65296268429244, 0.0 ], [ 51.688863697089978, 32.652342239703508, 0.0 ] ] ] } },
{ "type": "Feature", "properties": { "Name": "Untitled Polygon", "description": null, "timestamp": null, "begin": null, "end": null, "altitudeMode": null, "tessellate": 1, "extrude": 0, "visibility": 0, "drawOrder": null, "icon": null, "class": 1 }, "geometry": { "type": "Polygon", "coordinates": [ [ [ 51.677198023748467, 32.648060884778701, 0.0 ], [ 51.678294299480051, 32.644090294834712, 0.0 ], [ 51.680380461974522, 32.647960010338771, 0.0 ], [ 51.677198023748467, 32.648060884778701, 0.0 ] ] ] } },
{ "type": "Feature", "properties": { "Name": "Untitled Polygon", "description": null, "timestamp": null, "begin": null, "end": null, "altitudeMode": null, "tessellate": 1, "extrude": 0, "visibility": 0, "drawOrder": null, "icon": null, "class": 1 }, "geometry": { "type": "Polygon", "coordinates": [ [ [ 51.659552917474677, 32.638242138709728, 0.0 ], [ 51.662325202978323, 32.638512346891069, 0.0 ], [ 51.662205324561967, 32.640662717857992, 0.0 ], [ 51.659552917474677, 32.638242138709728, 0.0 ] ] ] } },
{ "type": "Feature", "properties": { "Name": "Untitled Polygon", "description": null, "timestamp": null, "begin": null, "end": null, "altitudeMode": null, "tessellate": 1, "extrude": 0, "visibility": 0, "drawOrder": null, "icon": null, "class": 1 }, "geometry": { "type": "Polygon", "coordinates": [ [ [ 51.669898871300759, 32.636842149266052, 0.0 ], [ 51.671816209876873, 32.636960434853393, 0.0 ], [ 51.668522118955451, 32.639390152119887, 0.0 ], [ 51.669898871300759, 32.636842149266052, 0.0 ] ] ] } },
{ "type": "Feature", "properties": { "Name": "Untitled Polygon", "description": null, "timestamp": null, "begin": null, "end": null, "altitudeMode": null, "tessellate": 1, "extrude": 0, "visibility": 0, "drawOrder": null, "icon": null, "class": 1 }, "geometry": { "type": "Polygon", "coordinates": [ [ [ 51.648388009449377, 32.630545389603327, 0.0 ], [ 51.651498195732593, 32.628837806972541, 0.0 ], [ 51.651852876281943, 32.63222386421198, 0.0 ], [ 51.648388009449377, 32.630545389603327, 0.0 ] ] ] } },
{ "type": "Feature", "properties": { "Name": "Untitled Polygon", "description": null, "timestamp": null, "begin": null, "end": null, "altitudeMode": null, "tessellate": 1, "extrude": 0, "visibility": 0, "drawOrder": null, "icon": null, "class": 1 }, "geometry": { "type": "Polygon", "coordinates": [ [ [ 51.652748719053932, 32.63326895078071, 0.0 ], [ 51.653504625536357, 32.631099082850113, 0.0 ], [ 51.655107350173843, 32.633731639590458, 0.0 ], [ 51.652748719053932, 32.63326895078071, 0.0 ] ] ] } },
{ "type": "Feature", "properties": { "Name": "Untitled Polygon", "description": null, "timestamp": null, "begin": null, "end": null, "altitudeMode": null, "tessellate": 1, "extrude": 0, "visibility": 0, "drawOrder": null, "icon": null, "class": 1 }, "geometry": { "type": "Polygon", "coordinates": [ [ [ 51.64025594209631, 32.629191099664517, 0.0 ], [ 51.64418738219296, 32.626566847528643, 0.0 ], [ 51.643800659060069, 32.632655922620351, 0.0 ], [ 51.64025594209631, 32.629191099664517, 0.0 ] ] ] } },
{ "type": "Feature", "properties": { "Name": "Untitled Polygon", "description": null, "timestamp": null, "begin": null, "end": null, "altitudeMode": null, "tessellate": 1, "extrude": 0, "visibility": 0, "drawOrder": null, "icon": null, "class": 1 }, "geometry": { "type": "Polygon", "coordinates": [ [ [ 51.621327977061839, 32.622818180691027, 0.0 ], [ 51.623644904717509, 32.622211872404158, 0.0 ], [ 51.624810361731349, 32.625030873296872, 0.0 ], [ 51.621327977061839, 32.622818180691027, 0.0 ] ] ] } },
{ "type": "Feature", "properties": { "Name": "70", "description": null, "timestamp": null, "begin": null, "end": null, "altitudeMode": null, "tessellate": 1, "extrude": 0, "visibility": 0, "drawOrder": null, "icon": null, "class": 1 }, "geometry": { "type": "Polygon", "coordinates": [ [ [ 51.635929735907183, 32.632366431890091, 0.0 ], [ 51.637320941499489, 32.630176469254458, 0.0 ], [ 51.63794150279822, 32.634628800341453, 0.0 ], [ 51.635929735907183, 32.632366431890091, 0.0 ] ] ] } },
{ "type": "Feature", "properties": { "Name": "Untitled Polygon", "description": null, "timestamp": null, "begin": null, "end": null, "altitudeMode": null, "tessellate": 1, "extrude": 0, "visibility": 0, "drawOrder": null, "icon": null, "class": 1 }, "geometry": { "type": "Polygon", "coordinates": [ [ [ 51.66169199183296, 32.657674275850141, 0.0 ], [ 51.665901538299252, 32.65682647286733, 0.0 ], [ 51.666271706661007, 32.660393261526153, 0.0 ], [ 51.66169199183296, 32.657674275850141, 0.0 ] ] ] } },
{ "type": "Feature", "properties": { "Name": "Untitled Polygon", "description": null, "timestamp": null, "begin": null, "end": null, "altitudeMode": null, "tessellate": 1, "extrude": 0, "visibility": 0, "drawOrder": null, "icon": null, "class": 1 }, "geometry": { "type": "Polygon", "coordinates": [ [ [ 51.662590597518928, 32.634925979988033, 0.0 ], [ 51.663941480783919, 32.63667211042732, 0.0 ], [ 51.661407087288509, 32.636931494412757, 0.0 ], [ 51.662590597518928, 32.634925979988033, 0.0 ] ] ] } },
{ "type": "Feature", "properties": { "Name": "Untitled Polygon", "description": null, "timestamp": null, "begin": null, "end": null, "altitudeMode": null, "tessellate": 1, "extrude": 0, "visibility": 0, "drawOrder": null, "icon": null, "class": 1 }, "geometry": { "type": "Polygon", "coordinates": [ [ [ 51.692580671281263, 32.645247387182152, 0.0 ], [ 51.69973126968349, 32.643588572621788, 0.0 ], [ 51.697786398829457, 32.647586308281006, 0.0 ], [ 51.692580671281263, 32.645247387182152, 0.0 ] ] ] } },
{ "type": "Feature", "properties": { "Name": "Untitled Polygon", "description": null, "timestamp": null, "begin": null, "end": null, "altitudeMode": null, "tessellate": 1, "extrude": 0, "visibility": 0, "drawOrder": null, "icon": null, "class": 1 }, "geometry": { "type": "Polygon", "coordinates": [ [ [ 51.67957447480088, 32.672858443658342, 0.0 ], [ 51.675603310841467, 32.669583333376558, 0.0 ], [ 51.680282733691882, 32.669612801524217, 0.0 ], [ 51.67957447480088, 32.672858443658342, 0.0 ] ] ] } },
{ "type": "Feature", "properties": { "Name": "Untitled Polygon", "description": null, "timestamp": null, "begin": null, "end": null, "altitudeMode": null, "tessellate": 1, "extrude": 0, "visibility": 0, "drawOrder": null, "icon": null, "class": 1 }, "geometry": { "type": "Polygon", "coordinates": [ [ [ 51.65653912990296, 32.661235261361867, 0.0 ], [ 51.65712137344979, 32.659963852024227, 0.0 ], [ 51.658283994251391, 32.662253575635027, 0.0 ], [ 51.65653912990296, 32.661235261361867, 0.0 ] ] ] } },
{ "type": "Feature", "properties": { "Name": "Untitled Polygon", "description": null, "timestamp": null, "begin": null, "end": null, "altitudeMode": null, "tessellate": 1, "extrude": 0, "visibility": 0, "drawOrder": null, "icon": null, "class": 1 }, "geometry": { "type": "Polygon", "coordinates": [ [ [ 51.706038822567393, 32.698868364046639, 0.0 ], [ 51.708122125656573, 32.69790879859044, 0.0 ], [ 51.708463176753369, 32.700762756482384, 0.0 ], [ 51.706038822567393, 32.698868364046639, 0.0 ] ] ] } },
{ "type": "Feature", "properties": { "Name": "Untitled Polygon", "description": null, "timestamp": null, "begin": null, "end": null, "altitudeMode": null, "tessellate": 1, "extrude": 0, "visibility": 0, "drawOrder": null, "icon": null, "class": 1 }, "geometry": { "type": "Polygon", "coordinates": [ [ [ 51.703813163760657, 32.682472187000378, 0.0 ], [ 51.706745123586558, 32.681485866050807, 0.0 ], [ 51.706890232753572, 32.684699160275599, 0.0 ], [ 51.703813163760657, 32.682472187000378, 0.0 ] ] ] } },
{ "type": "Feature", "properties": { "Name": "Untitled Polygon", "description": null, "timestamp": null, "begin": null, "end": null, "altitudeMode": null, "tessellate": 1, "extrude": 0, "visibility": 0, "drawOrder": null, "icon": null, "class": 1 }, "geometry": { "type": "Polygon", "coordinates": [ [ [ 51.707987925905059, 32.657102148070408, 0.0 ], [ 51.712019908397757, 32.656974188020968, 0.0 ], [ 51.71232871640904, 32.659111602042763, 0.0 ], [ 51.707987925905059, 32.657102148070408, 0.0 ] ] ] } },
{ "type": "Feature", "properties": { "Name": "Untitled Polygon", "description": null, "timestamp": null, "begin": null, "end": null, "altitudeMode": null, "tessellate": 1, "extrude": 0, "visibility": 0, "drawOrder": null, "icon": null, "class": 1 }, "geometry": { "type": "Polygon", "coordinates": [ [ [ 51.710328088566513, 32.647724208198071, 0.0 ], [ 51.715256890331723, 32.648639753246002, 0.0 ], [ 51.711281484130197, 32.65001957439911, 0.0 ], [ 51.710328088566513, 32.647724208198071, 0.0 ] ] ] } },
{ "type": "Feature", "properties": { "Name": "80", "description": null, "timestamp": null, "begin": null, "end": null, "altitudeMode": null, "tessellate": 1, "extrude": 0, "visibility": 0, "drawOrder": null, "icon": null, "class": 1 }, "geometry": { "type": "Polygon", "coordinates": [ [ [ 51.666849842427673, 32.625139946588341, 0.0 ], [ 51.668914079629637, 32.623647665706301, 0.0 ], [ 51.668826453325693, 32.626685564742402, 0.0 ], [ 51.666849842427673, 32.625139946588341, 0.0 ] ] ] } },
{ "type": "Feature", "properties": { "Name": "Untitled Polygon", "description": null, "timestamp": null, "begin": null, "end": null, "altitudeMode": null, "tessellate": 1, "extrude": 0, "visibility": 0, "drawOrder": null, "icon": null, "class": 1 }, "geometry": { "type": "Polygon", "coordinates": [ [ [ 51.686381157966757, 32.630059974509258, 0.0 ], [ 51.688533767586101, 32.630706921341798, 0.0 ], [ 51.68779618488194, 32.633234291474658, 0.0 ], [ 51.686381157966757, 32.630059974509258, 0.0 ] ] ] } },
{ "type": "Feature", "properties": { "Name": "Untitled Polygon", "description": null, "timestamp": null, "begin": null, "end": null, "altitudeMode": null, "tessellate": 1, "extrude": 0, "visibility": 0, "drawOrder": null, "icon": null, "class": 1 }, "geometry": { "type": "Polygon", "coordinates": [ [ [ 51.708918742138707, 32.668346175280597, 0.0 ], [ 51.714028884167419, 32.668542111339598, 0.0 ], [ 51.71429755579031, 32.669786367989801, 0.0 ], [ 51.708918742138707, 32.668346175280597, 0.0 ] ] ] } },
{ "type": "Feature", "properties": { "Name": "Untitled Polygon", "description": null, "timestamp": null, "begin": null, "end": null, "altitudeMode": null, "tessellate": 1, "extrude": 0, "visibility": 0, "drawOrder": null, "icon": null, "class": 1 }, "geometry": { "type": "Polygon", "coordinates": [ [ [ 51.721935465642453, 32.660057515261038, 0.0 ], [ 51.725831303612559, 32.656891483762223, 0.0 ], [ 51.725984681567823, 32.660286399178659, 0.0 ], [ 51.721935465642453, 32.660057515261038, 0.0 ] ] ] } },
{ "type": "Feature", "properties": { "Name": "Untitled Polygon", "description": null, "timestamp": null, "begin": null, "end": null, "altitudeMode": null, "tessellate": 1, "extrude": 0, "visibility": 0, "drawOrder": null, "icon": null, "class": 1 }, "geometry": { "type": "Polygon", "coordinates": [ [ [ 51.715630285271182, 32.652206272632668, 0.0 ], [ 51.718888256892868, 32.649060472587323, 0.0 ], [ 51.718609177626149, 32.652291139083843, 0.0 ], [ 51.715630285271182, 32.652206272632668, 0.0 ] ] ] } },
{ "type": "Feature", "properties": { "Name": "Untitled Polygon", "description": null, "timestamp": null, "begin": null, "end": null, "altitudeMode": null, "tessellate": 1, "extrude": 0, "visibility": 0, "drawOrder": null, "icon": null, "class": 1 }, "geometry": { "type": "Polygon", "coordinates": [ [ [ 51.754421240760358, 32.659019607536813, 0.0 ], [ 51.756436986871243, 32.651973067271861, 0.0 ], [ 51.759698954683209, 32.653479841539742, 0.0 ], [ 51.754421240760358, 32.659019607536813, 0.0 ] ] ] } },
{ "type": "Feature", "properties": { "Name": "Untitled Polygon", "description": null, "timestamp": null, "begin": null, "end": null, "altitudeMode": null, "tessellate": 1, "extrude": 0, "visibility": 0, "drawOrder": null, "icon": null, "class": 1 }, "geometry": { "type": "Polygon", "coordinates": [ [ [ 51.75003537424076, 32.646809567442773, 0.0 ], [ 51.755173274279493, 32.647539275066627, 0.0 ], [ 51.754501943576862, 32.651498402550423, 0.0 ], [ 51.75003537424076, 32.646809567442773, 0.0 ] ] ] } },
{ "type": "Feature", "properties": { "Name": "Untitled Polygon", "description": null, "timestamp": null, "begin": null, "end": null, "altitudeMode": null, "tessellate": 1, "extrude": 0, "visibility": 0, "drawOrder": null, "icon": null, "class": 1 }, "geometry": { "type": "Polygon", "coordinates": [ [ [ 51.647137349092063, 32.645788277435052, 0.0 ], [ 51.648955292010783, 32.643763797155927, 0.0 ], [ 51.652471170342302, 32.646336884994618, 0.0 ], [ 51.647137349092063, 32.645788277435052, 0.0 ] ] ] } },
{ "type": "Feature", "properties": { "Name": "Untitled Polygon", "description": null, "timestamp": null, "begin": null, "end": null, "altitudeMode": null, "tessellate": 1, "extrude": 0, "visibility": 0, "drawOrder": null, "icon": null, "class": 1 }, "geometry": { "type": "Polygon", "coordinates": [ [ [ 51.657783218278801, 32.674795890585621, 0.0 ], [ 51.664520191082381, 32.673331034209568, 0.0 ], [ 51.665438881659441, 32.674912329767288, 0.0 ], [ 51.657783218278801, 32.674795890585621, 0.0 ] ] ] } },
{ "type": "Feature", "properties": { "Name": "Untitled Polygon", "description": null, "timestamp": null, "begin": null, "end": null, "altitudeMode": null, "tessellate": 1, "extrude": 0, "visibility": 0, "drawOrder": null, "icon": null, "class": 1 }, "geometry": { "type": "Polygon", "coordinates": [ [ [ 51.666738541641372, 32.670756729905463, 0.0 ], [ 51.66763188470506, 32.666971409487282, 0.0 ], [ 51.670540670406787, 32.670278926719817, 0.0 ], [ 51.666738541641372, 32.670756729905463, 0.0 ] ] ] } },
{ "type": "Feature", "properties": { "Name": "90", "description": null, "timestamp": null, "begin": null, "end": null, "altitudeMode": null, "tessellate": 1, "extrude": 0, "visibility": 0, "drawOrder": null, "icon": null, "class": 1 }, "geometry": { "type": "Polygon", "coordinates": [ [ [ 51.69003849060099, 32.678789290609302, 0.0 ], [ 51.694712662940269, 32.673808475317657, 0.0 ], [ 51.695901700988308, 32.681466418797797, 0.0 ], [ 51.69003849060099, 32.678789290609302, 0.0 ] ] ] } },
{ "type": "Feature", "properties": { "Name": "Untitled Polygon", "description": null, "timestamp": null, "begin": null, "end": null, "altitudeMode": null, "tessellate": 1, "extrude": 0, "visibility": 0, "drawOrder": null, "icon": null, "class": 1 }, "geometry": { "type": "Polygon", "coordinates": [ [ [ 51.682811173966769, 32.649852697853817, 0.0 ], [ 51.685278803919978, 32.647985619887137, 0.0 ], [ 51.68618564404715, 32.65403974647316, 0.0 ], [ 51.682811173966769, 32.649852697853817, 0.0 ] ] ] } },
{ "type": "Feature", "properties": { "Name": "Untitled Polygon", "description": null, "timestamp": null, "begin": null, "end": null, "altitudeMode": null, "tessellate": 1, "extrude": 0, "visibility": 0, "drawOrder": null, "icon": null, "class": 1 }, "geometry": { "type": "Polygon", "coordinates": [ [ [ 51.691786281521303, 32.670143521369148, 0.0 ], [ 51.695624875114532, 32.660895342256353, 0.0 ], [ 51.695028096053683, 32.671293237775387, 0.0 ], [ 51.691786281521303, 32.670143521369148, 0.0 ] ] ] } },
{ "type": "Feature", "properties": { "Name": "Untitled Polygon", "description": null, "timestamp": null, "begin": null, "end": null, "altitudeMode": null, "tessellate": 1, "extrude": 0, "visibility": 0, "drawOrder": null, "icon": null, "class": 1 }, "geometry": { "type": "Polygon", "coordinates": [ [ [ 51.687654384017947, 32.687096522510657, 0.0 ], [ 51.691220973648491, 32.6860890704871, 0.0 ], [ 51.689920364909142, 32.690246189734097, 0.0 ], [ 51.687654384017947, 32.687096522510657, 0.0 ] ] ] } },
{ "type": "Feature", "properties": { "Name": "Untitled Polygon", "description": null, "timestamp": null, "begin": null, "end": null, "altitudeMode": null, "tessellate": 1, "extrude": 0, "visibility": 0, "drawOrder": null, "icon": null, "class": 1 }, "geometry": { "type": "Polygon", "coordinates": [ [ [ 51.524734508517852, 32.690131215492897, 0.0 ], [ 51.526556960390757, 32.686971674248078, 0.0 ], [ 51.529952297073933, 32.690521436913443, 0.0 ], [ 51.524734508517852, 32.690131215492897, 0.0 ] ] ] } },
{ "type": "Feature", "properties": { "Name": "Untitled Polygon", "description": null, "timestamp": null, "begin": null, "end": null, "altitudeMode": null, "tessellate": 1, "extrude": 0, "visibility": 0, "drawOrder": null, "icon": null, "class": 1 }, "geometry": { "type": "Polygon", "coordinates": [ [ [ 51.530797613252624, 32.679358494443377, 0.0 ], [ 51.534535905331431, 32.675413090352279, 0.0 ], [ 51.535513881268841, 32.678119915210218, 0.0 ], [ 51.530797613252624, 32.679358494443377, 0.0 ] ] ] } },
{ "type": "Feature", "properties": { "Name": "Untitled Polygon", "description": null, "timestamp": null, "begin": null, "end": null, "altitudeMode": null, "tessellate": 1, "extrude": 0, "visibility": 0, "drawOrder": null, "icon": null, "class": 1 }, "geometry": { "type": "Polygon", "coordinates": [ [ [ 51.53982183666124, 32.682733676698952, 0.0 ], [ 51.544492905162947, 32.680400827795111, 0.0 ], [ 51.544613036210997, 32.683318137194448, 0.0 ], [ 51.53982183666124, 32.682733676698952, 0.0 ] ] ] } },
{ "type": "Feature", "properties": { "Name": "Untitled Polygon", "description": null, "timestamp": null, "begin": null, "end": null, "altitudeMode": null, "tessellate": 1, "extrude": 0, "visibility": 0, "drawOrder": null, "icon": null, "class": 1 }, "geometry": { "type": "Polygon", "coordinates": [ [ [ 51.545236288144643, 32.677458382074249, 0.0 ], [ 51.548639131739122, 32.675894178179263, 0.0 ], [ 51.548931695808683, 32.677709883059507, 0.0 ], [ 51.545236288144643, 32.677458382074249, 0.0 ] ] ] } },
{ "type": "Feature", "properties": { "Name": "Untitled Polygon", "description": null, "timestamp": null, "begin": null, "end": null, "altitudeMode": null, "tessellate": 1, "extrude": 0, "visibility": 0, "drawOrder": null, "icon": null, "class": 1 }, "geometry": { "type": "Polygon", "coordinates": [ [ [ 51.526253469393041, 32.684789480392801, 0.0 ], [ 51.52880557074765, 32.683616531398577, 0.0 ], [ 51.528924611997553, 32.686533941448523, 0.0 ], [ 51.526253469393041, 32.684789480392801, 0.0 ] ] ] } },
{ "type": "Feature", "properties": { "Name": "Untitled Polygon", "description": null, "timestamp": null, "begin": null, "end": null, "altitudeMode": null, "tessellate": 1, "extrude": 0, "visibility": 0, "drawOrder": null, "icon": null, "class": 1 }, "geometry": { "type": "Polygon", "coordinates": [ [ [ 51.448271018713747, 32.581248531446469, 0.0 ], [ 51.44998229223178, 32.578844883640762, 0.0 ], [ 51.45201564213599, 32.580970913623098, 0.0 ], [ 51.448271018713747, 32.581248531446469, 0.0 ] ] ] } },
{ "type": "Feature", "properties": { "Name": "100", "description": null, "timestamp": null, "begin": null, "end": null, "altitudeMode": null, "tessellate": 1, "extrude": 0, "visibility": 0, "drawOrder": null, "icon": null, "class": 1 }, "geometry": { "type": "Polygon", "coordinates": [ [ [ 51.355060299635632, 32.640242265449963, 0.0 ], [ 51.356390001675969, 32.635469891952042, 0.0 ], [ 51.358511661258291, 32.640142235697908, 0.0 ], [ 51.355060299635632, 32.640242265449963, 0.0 ] ] ] } },
{ "type": "Feature", "properties": { "Name": "Untitled Polygon", "description": null, "timestamp": null, "begin": null, "end": null, "altitudeMode": null, "tessellate": 1, "extrude": 0, "visibility": 0, "drawOrder": null, "icon": null, "class": 1 }, "geometry": { "type": "Polygon", "coordinates": [ [ [ 51.36223430416544, 32.641491457950657, 0.0 ], [ 51.364956148161347, 32.639226717652363, 0.0 ], [ 51.365560792866013, 32.643763478959407, 0.0 ], [ 51.36223430416544, 32.641491457950657, 0.0 ] ] ] } },
{ "type": "Feature", "properties": { "Name": "Untitled Polygon", "description": null, "timestamp": null, "begin": null, "end": null, "altitudeMode": null, "tessellate": 1, "extrude": 0, "visibility": 0, "drawOrder": null, "icon": null, "class": 1 }, "geometry": { "type": "Polygon", "coordinates": [ [ [ 51.357184341488789, 32.633626474023302, 0.0 ], [ 51.359162402872769, 32.628837350986927, 0.0 ], [ 51.360622398225701, 32.633162343741162, 0.0 ], [ 51.357184341488789, 32.633626474023302, 0.0 ] ] ] } },
{ "type": "Feature", "properties": { "Name": "Untitled Polygon", "description": null, "timestamp": null, "begin": null, "end": null, "altitudeMode": null, "tessellate": 1, "extrude": 0, "visibility": 0, "drawOrder": null, "icon": null, "class": 1 }, "geometry": { "type": "Polygon", "coordinates": [ [ [ 51.362416960116597, 32.634930407015979, 0.0 ], [ 51.366006645762361, 32.632823317415493, 0.0 ], [ 51.367092709835497, 32.638618236446419, 0.0 ], [ 51.362416960116597, 32.634930407015979, 0.0 ] ] ] } },
{ "type": "Feature", "properties": { "Name": "Untitled Polygon", "description": null, "timestamp": null, "begin": null, "end": null, "altitudeMode": null, "tessellate": 1, "extrude": 0, "visibility": 0, "drawOrder": null, "icon": null, "class": 1 }, "geometry": { "type": "Polygon", "coordinates": [ [ [ 51.370884648717428, 32.636140382502823, 0.0 ], [ 51.373144505751469, 32.633161231768788, 0.0 ], [ 51.37371734297956, 32.636786315095122, 0.0 ], [ 51.370884648717428, 32.636140382502823, 0.0 ] ] ] } },
{ "type": "Feature", "properties": { "Name": "Untitled Polygon", "description": null, "timestamp": null, "begin": null, "end": null, "altitudeMode": null, "tessellate": 1, "extrude": 0, "visibility": 0, "drawOrder": null, "icon": null, "class": 1 }, "geometry": { "type": "Polygon", "coordinates": [ [ [ 51.363724982900891, 32.629613893558151, 0.0 ], [ 51.367736204465388, 32.627313053768887, 0.0 ], [ 51.368913229477187, 32.629826270588943, 0.0 ], [ 51.363724982900891, 32.629613893558151, 0.0 ] ] ] } },
{ "type": "Feature", "properties": { "Name": "Untitled Polygon", "description": null, "timestamp": null, "begin": null, "end": null, "altitudeMode": null, "tessellate": 1, "extrude": 0, "visibility": 0, "drawOrder": null, "icon": null, "class": 1 }, "geometry": { "type": "Polygon", "coordinates": [ [ [ 51.370291387567697, 32.631970181509388, 0.0 ], [ 51.371695087609417, 32.629198922155886, 0.0 ], [ 51.375503293860717, 32.63272826430542, 0.0 ], [ 51.370291387567697, 32.631970181509388, 0.0 ] ] ] } },
{ "type": "Feature", "properties": { "Name": "Untitled Polygon", "description": null, "timestamp": null, "begin": null, "end": null, "altitudeMode": null, "tessellate": 1, "extrude": 0, "visibility": 0, "drawOrder": null, "icon": null, "class": 1 }, "geometry": { "type": "Polygon", "coordinates": [ [ [ 51.360880634483877, 32.628605203376146, 0.0 ], [ 51.36215285330924, 32.628022175368692, 0.0 ], [ 51.362535753802078, 32.632378535684857, 0.0 ], [ 51.360880634483877, 32.628605203376146, 0.0 ] ] ] } },
{ "type": "Feature", "properties": { "Name": "Untitled Polygon", "description": null, "timestamp": null, "begin": null, "end": null, "altitudeMode": null, "tessellate": 1, "extrude": 0, "visibility": 0, "drawOrder": null, "icon": null, "class": 1 }, "geometry": { "type": "Polygon", "coordinates": [ [ [ 51.359451988548841, 32.636473184819067, 0.0 ], [ 51.362346573731507, 32.638756144903176, 0.0 ], [ 51.360320445449688, 32.642275569919548, 0.0 ], [ 51.359451988548841, 32.636473184819067, 0.0 ] ] ] } },
{ "type": "Feature", "properties": { "Name": "Untitled Polygon", "description": null, "timestamp": null, "begin": null, "end": null, "altitudeMode": null, "tessellate": 1, "extrude": 0, "visibility": 0, "drawOrder": null, "icon": null, "class": 1 }, "geometry": { "type": "Polygon", "coordinates": [ [ [ 51.328731782661393, 32.64591551788422, 0.0 ], [ 51.329908902851997, 32.642787154449032, 0.0 ], [ 51.332241323913507, 32.647453778501053, 0.0 ], [ 51.328731782661393, 32.64591551788422, 0.0 ] ] ] } },
{ "type": "Feature", "properties": { "Name": "110", "description": null, "timestamp": null, "begin": null, "end": null, "altitudeMode": null, "tessellate": 1, "extrude": 0, "visibility": 0, "drawOrder": null, "icon": null, "class": 1 }, "geometry": { "type": "Polygon", "coordinates": [ [ [ 51.453356495356161, 32.582024415032507, 0.0 ], [ 51.458487997949369, 32.580595164152733, 0.0 ], [ 51.460932148232878, 32.5821624465136, 0.0 ], [ 51.453356495356161, 32.582024415032507, 0.0 ] ] ] } },
{ "type": "Feature", "properties": { "Name": "Untitled Polygon", "description": null, "timestamp": null, "begin": null, "end": null, "altitudeMode": null, "tessellate": 1, "extrude": 0, "visibility": 0, "drawOrder": null, "icon": null, "class": 1 }, "geometry": { "type": "Polygon", "coordinates": [ [ [ 51.458382512654083, 32.578047029239983, 0.0 ], [ 51.460711478859999, 32.576883920220617, 0.0 ], [ 51.46169780732103, 32.579770002577817, 0.0 ], [ 51.458382512654083, 32.578047029239983, 0.0 ] ] ] } },
{ "type": "Feature", "properties": { "Name": "Untitled Polygon", "description": null, "timestamp": null, "begin": null, "end": null, "altitudeMode": null, "tessellate": 1, "extrude": 0, "visibility": 0, "drawOrder": null, "icon": null, "class": 1 }, "geometry": { "type": "Polygon", "coordinates": [ [ [ 51.456197628596847, 32.572283391026012, 0.0 ], [ 51.45811041136411, 32.571497618040759, 0.0 ], [ 51.457561229805762, 32.573881834710647, 0.0 ], [ 51.456197628596847, 32.572283391026012, 0.0 ] ] ] } },
{ "type": "Feature", "properties": { "Name": "Untitled Polygon", "description": null, "timestamp": null, "begin": null, "end": null, "altitudeMode": null, "tessellate": 1, "extrude": 0, "visibility": 0, "drawOrder": null, "icon": null, "class": 1 }, "geometry": { "type": "Polygon", "coordinates": [ [ [ 51.45236415836731, 32.573673039164433, 0.0 ], [ 51.45364454481615, 32.573270461891987, 0.0 ], [ 51.454389722146409, 32.575616021513028, 0.0 ], [ 51.45236415836731, 32.573673039164433, 0.0 ] ] ] } },
{ "type": "Feature", "properties": { "Name": "Untitled Polygon", "description": null, "timestamp": null, "begin": null, "end": null, "altitudeMode": null, "tessellate": 1, "extrude": 0, "visibility": 0, "drawOrder": null, "icon": null, "class": 1 }, "geometry": { "type": "Polygon", "coordinates": [ [ [ 51.45924303392745, 32.572738594891632, 0.0 ], [ 51.460746744231322, 32.572511195083507, 0.0 ], [ 51.461305988090103, 32.575590757636363, 0.0 ], [ 51.45924303392745, 32.572738594891632, 0.0 ] ] ] } },
{ "type": "Feature", "properties": { "Name": "Untitled Polygon", "description": null, "timestamp": null, "begin": null, "end": null, "altitudeMode": null, "tessellate": 1, "extrude": 0, "visibility": 0, "drawOrder": null, "icon": null, "class": 1 }, "geometry": { "type": "Polygon", "coordinates": [ [ [ 51.450212563596232, 32.573919487159323, 0.0 ], [ 51.451806189248977, 32.575875317915518, 0.0 ], [ 51.447711384362549, 32.576179948578947, 0.0 ], [ 51.450212563596232, 32.573919487159323, 0.0 ] ] ] } },
{ "type": "Feature", "properties": { "Name": "Untitled Polygon", "description": null, "timestamp": null, "begin": null, "end": null, "altitudeMode": null, "tessellate": 1, "extrude": 0, "visibility": 0, "drawOrder": null, "icon": null, "class": 1 }, "geometry": { "type": "Polygon", "coordinates": [ [ [ 51.45270549994386, 32.571477255559607, 0.0 ], [ 51.455182837765449, 32.568671579152301, 0.0 ], [ 51.455318902143723, 32.571945430501842, 0.0 ], [ 51.45270549994386, 32.571477255559607, 0.0 ] ] ] } },
{ "type": "Feature", "properties": { "Name": "Untitled Polygon", "description": null, "timestamp": null, "begin": null, "end": null, "altitudeMode": null, "tessellate": 1, "extrude": 0, "visibility": 0, "drawOrder": null, "icon": null, "class": 1 }, "geometry": { "type": "Polygon", "coordinates": [ [ [ 51.633028764456569, 32.62357515566427, 0.0 ], [ 51.635433583659427, 32.623689927765227, 0.0 ], [ 51.632755986788503, 32.626710303302779, 0.0 ], [ 51.633028764456569, 32.62357515566427, 0.0 ] ] ] } },
{ "type": "Feature", "properties": { "Name": "Untitled Polygon", "description": null, "timestamp": null, "begin": null, "end": null, "altitudeMode": null, "tessellate": 1, "extrude": 0, "visibility": 0, "drawOrder": null, "icon": null, "class": 1 }, "geometry": { "type": "Polygon", "coordinates": [ [ [ 51.666572731223383, 32.616821826958919, 0.0 ], [ 51.670647895467518, 32.615962600337667, 0.0 ], [ 51.674007065165149, 32.61823362900131, 0.0 ], [ 51.666572731223383, 32.616821826958919, 0.0 ] ] ] } },
{ "type": "Feature", "properties": { "Name": "Untitled Polygon", "description": null, "timestamp": null, "begin": null, "end": null, "altitudeMode": null, "tessellate": 1, "extrude": 0, "visibility": 0, "drawOrder": null, "icon": null, "class": 1 }, "geometry": { "type": "Polygon", "coordinates": [ [ [ 51.503532223436743, 32.639115053309389, 0.0 ], [ 51.500334780964018, 32.645981425760318, 0.0 ], [ 51.496139913905573, 32.644094785668187, 0.0 ], [ 51.503532223436743, 32.639115053309389, 0.0 ] ] ] } },
{ "type": "Feature", "properties": { "Name": "Untitled Polygon", "description": null, "timestamp": null, "begin": null, "end": null, "altitudeMode": null, "tessellate": 1, "extrude": 0, "visibility": 0, "drawOrder": null, "icon": null, "class": 1 }, "geometry": { "type": "Polygon", "coordinates": [ [ [ 51.436733766854573, 32.625578028381391, 0.0 ], [ 51.439297651700358, 32.624588477583238, 0.0 ], [ 51.439585137540661, 32.626588822914229, 0.0 ], [ 51.436733766854573, 32.625578028381391, 0.0 ] ] ] } },
{ "type": "Feature", "properties": { "Name": "120", "description": null, "timestamp": null, "begin": null, "end": null, "altitudeMode": null, "tessellate": 1, "extrude": 0, "visibility": 0, "drawOrder": null, "icon": null, "class": 1 }, "geometry": { "type": "Polygon", "coordinates": [ [ [ 51.454914786058801, 32.579290912790121, 0.0 ], [ 51.457200130022649, 32.576857916521433, 0.0 ], [ 51.457276948705321, 32.57885677592003, 0.0 ], [ 51.454914786058801, 32.579290912790121, 0.0 ] ] ] } },
{ "type": "Feature", "properties": { "Name": "Untitled Polygon", "description": null, "timestamp": null, "begin": null, "end": null, "altitudeMode": null, "tessellate": 1, "extrude": 0, "visibility": 0, "drawOrder": null, "icon": null, "class": 1 }, "geometry": { "type": "Polygon", "coordinates": [ [ [ 51.461951876949932, 32.582537033932873, 0.0 ], [ 51.462667284403942, 32.578694308434443, 0.0 ], [ 51.463881304155429, 32.58211536307136, 0.0 ], [ 51.461951876949932, 32.582537033932873, 0.0 ] ] ] } },
{ "type": "Feature", "properties": { "Name": "Untitled Polygon", "description": null, "timestamp": null, "begin": null, "end": null, "altitudeMode": null, "tessellate": 1, "extrude": 0, "visibility": 0, "drawOrder": null, "icon": null, "class": 1 }, "geometry": { "type": "Polygon", "coordinates": [ [ [ 51.552174891389491, 32.615345016755967, 0.0 ], [ 51.55552772143637, 32.612685916308052, 0.0 ], [ 51.557491475174508, 32.618106347444403, 0.0 ], [ 51.552174891389491, 32.615345016755967, 0.0 ] ] ] } },
{ "type": "Feature", "properties": { "Name": "Untitled Polygon", "description": null, "timestamp": null, "begin": null, "end": null, "altitudeMode": null, "tessellate": 1, "extrude": 0, "visibility": 0, "drawOrder": null, "icon": null, "class": 1 }, "geometry": { "type": "Polygon", "coordinates": [ [ [ 51.504497019605317, 32.778375456496789, 0.0 ], [ 51.508494680517899, 32.776073515515492, 0.0 ], [ 51.510552911663083, 32.779631057201243, 0.0 ], [ 51.504497019605317, 32.778375456496789, 0.0 ] ] ] } },
{ "type": "Feature", "properties": { "Name": "Untitled Polygon", "description": null, "timestamp": null, "begin": null, "end": null, "altitudeMode": null, "tessellate": 1, "extrude": 0, "visibility": 0, "drawOrder": null, "icon": null, "class": 1 }, "geometry": { "type": "Polygon", "coordinates": [ [ [ 51.510852378810327, 32.781979066493342, 0.0 ], [ 51.51580609287948, 32.776200700248211, 0.0 ], [ 51.517146861235418, 32.783413987051127, 0.0 ], [ 51.510852378810327, 32.781979066493342, 0.0 ] ] ] } },
{ "type": "Feature", "properties": { "Name": "Untitled Polygon", "description": null, "timestamp": null, "begin": null, "end": null, "altitudeMode": null, "tessellate": 1, "extrude": 0, "visibility": 0, "drawOrder": null, "icon": null, "class": 1 }, "geometry": { "type": "Polygon", "coordinates": [ [ [ 51.661939876016788, 32.803169784164808, 0.0 ], [ 51.663652879051249, 32.797639213197513, 0.0 ], [ 51.666798798170753, 32.80502556381407, 0.0 ], [ 51.661939876016788, 32.803169784164808, 0.0 ] ] ] } },
{ "type": "Feature", "properties": { "Name": "Untitled Polygon", "description": null, "timestamp": null, "begin": null, "end": null, "altitudeMode": null, "tessellate": 1, "extrude": 0, "visibility": 0, "drawOrder": null, "icon": null, "class": 1 }, "geometry": { "type": "Polygon", "coordinates": [ [ [ 51.619186607985498, 32.808889732126033, 0.0 ], [ 51.621080479080312, 32.796965719792993, 0.0 ], [ 51.624474622593119, 32.810734341512372, 0.0 ], [ 51.619186607985498, 32.808889732126033, 0.0 ] ] ] } },
{ "type": "Feature", "properties": { "Name": "Untitled Polygon", "description": null, "timestamp": null, "begin": null, "end": null, "altitudeMode": null, "tessellate": 1, "extrude": 0, "visibility": 0, "drawOrder": null, "icon": null, "class": 1 }, "geometry": { "type": "Polygon", "coordinates": [ [ [ 51.688376173806631, 32.801787806581608, 0.0 ], [ 51.698214605099643, 32.798371453686322, 0.0 ], [ 51.69762752453655, 32.804599120706847, 0.0 ], [ 51.688376173806631, 32.801787806581608, 0.0 ] ] ] } },
{ "type": "Feature", "properties": { "Name": "Untitled Polygon", "description": null, "timestamp": null, "begin": null, "end": null, "altitudeMode": null, "tessellate": 1, "extrude": 0, "visibility": 0, "drawOrder": null, "icon": null, "class": 1 }, "geometry": { "type": "Polygon", "coordinates": [ [ [ 51.703707495902009, 32.654772422669559, 0.0 ], [ 51.707678501107623, 32.651357743375293, 0.0 ], [ 51.706044950867792, 32.658719437939673, 0.0 ], [ 51.703707495902009, 32.654772422669559, 0.0 ] ] ] } },
{ "type": "Feature", "properties": { "Name": "Untitled Polygon", "description": null, "timestamp": null, "begin": null, "end": null, "altitudeMode": null, "tessellate": 1, "extrude": 0, "visibility": 0, "drawOrder": null, "icon": null, "class": 1 }, "geometry": { "type": "Polygon", "coordinates": [ [ [ 51.661725547001069, 32.651901620480153, 0.0 ], [ 51.664498462145232, 32.650717956637983, 0.0 ], [ 51.666661071926093, 32.655948310162572, 0.0 ], [ 51.661725547001069, 32.651901620480153, 0.0 ] ] ] } },
{ "type": "Feature", "properties": { "Name": "130", "description": null, "timestamp": null, "begin": null, "end": null, "altitudeMode": null, "tessellate": 1, "extrude": 0, "visibility": 0, "drawOrder": null, "icon": null, "class": 1 }, "geometry": { "type": "Polygon", "coordinates": [ [ [ 51.703755860656251, 32.676361779727223, 0.0 ], [ 51.708683207035143, 32.674738758047837, 0.0 ], [ 51.709047440172682, 32.678208995485633, 0.0 ], [ 51.703755860656251, 32.676361779727223, 0.0 ] ] ] } },
{ "type": "Feature", "properties": { "Name": "Untitled Polygon", "description": null, "timestamp": null, "begin": null, "end": null, "altitudeMode": null, "tessellate": 1, "extrude": 0, "visibility": 0, "drawOrder": null, "icon": null, "class": 1 }, "geometry": { "type": "Polygon", "coordinates": [ [ [ 51.730524488258709, 32.702107305673358, 0.0 ], [ 51.729316684478718, 32.699390934395552, 0.0 ], [ 51.734659219255491, 32.697197302875402, 0.0 ], [ 51.734773021433433, 32.699765447950178, 0.0 ], [ 51.730524488258709, 32.702107305673358, 0.0 ] ] ] } },
{ "type": "Feature", "properties": { "Name": "Untitled Polygon", "description": null, "timestamp": null, "begin": null, "end": null, "altitudeMode": null, "tessellate": 1, "extrude": 0, "visibility": 0, "drawOrder": null, "icon": null, "class": 1 }, "geometry": { "type": "Polygon", "coordinates": [ [ [ 51.727233740270187, 32.711401468931648, 0.0 ], [ 51.72926369093264, 32.712990398532163, 0.0 ], [ 51.726904023087869, 32.713801696018592, 0.0 ], [ 51.727233740270187, 32.711401468931648, 0.0 ] ] ] } },
{ "type": "Feature", "properties": { "Name": "Untitled Polygon", "description": null, "timestamp": null, "begin": null, "end": null, "altitudeMode": null, "tessellate": 1, "extrude": 0, "visibility": 0, "drawOrder": null, "icon": null, "class": 1 }, "geometry": { "type": "Polygon", "coordinates": [ [ [ 51.704751636504149, 32.689526703521572, 0.0 ], [ 51.709748720333899, 32.68955578284077, 0.0 ], [ 51.708515169099101, 32.691247974414473, 0.0 ], [ 51.704751636504149, 32.689526703521572, 0.0 ] ] ] } },
{ "type": "Feature", "properties": { "Name": "Untitled Polygon", "description": null, "timestamp": null, "begin": null, "end": null, "altitudeMode": null, "tessellate": 1, "extrude": 0, "visibility": 0, "drawOrder": null, "icon": null, "class": 1 }, "geometry": { "type": "Polygon", "coordinates": [ [ [ 51.712886030016982, 32.701749338953462, 0.0 ], [ 51.716425676756977, 32.703106149666191, 0.0 ], [ 51.71416276653185, 32.706116613981813, 0.0 ], [ 51.712886030016982, 32.701749338953462, 0.0 ] ] ] } },
{ "type": "Feature", "properties": { "Name": "Untitled Polygon", "description": null, "timestamp": null, "begin": null, "end": null, "altitudeMode": null, "tessellate": 1, "extrude": 0, "visibility": 0, "drawOrder": null, "icon": null, "class": 1 }, "geometry": { "type": "Polygon", "coordinates": [ [ [ 51.656517479563377, 32.700588439269801, 0.0 ], [ 51.658725675939891, 32.701437242343573, 0.0 ], [ 51.65639757849776, 32.702977491221702, 0.0 ], [ 51.656517479563377, 32.700588439269801, 0.0 ] ] ] } },
{ "type": "Feature", "properties": { "Name": "Untitled Polygon", "description": null, "timestamp": null, "begin": null, "end": null, "altitudeMode": null, "tessellate": 1, "extrude": 0, "visibility": 0, "drawOrder": null, "icon": null, "class": 1 }, "geometry": { "type": "Polygon", "coordinates": [ [ [ 51.540802641155722, 32.861555012985633, 0.0 ], [ 51.546867276947467, 32.861187528330262, 0.0 ], [ 51.54613869924107, 32.869787676696951, 0.0 ], [ 51.540802641155722, 32.861555012985633, 0.0 ] ] ] } },
{ "type": "Feature", "properties": { "Name": "Untitled Polygon", "description": null, "timestamp": null, "begin": null, "end": null, "altitudeMode": null, "tessellate": 1, "extrude": 0, "visibility": 0, "drawOrder": null, "icon": null, "class": 1 }, "geometry": { "type": "Polygon", "coordinates": [ [ [ 51.53336908467422, 32.860138939760681, 0.0 ], [ 51.536144264950117, 32.859142846153411, 0.0 ], [ 51.537108347396128, 32.861485112647529, 0.0 ], [ 51.53336908467422, 32.860138939760681, 0.0 ] ] ] } },
{ "type": "Feature", "properties": { "Name": "Untitled Polygon", "description": null, "timestamp": null, "begin": null, "end": null, "altitudeMode": null, "tessellate": 1, "extrude": 0, "visibility": 0, "drawOrder": null, "icon": null, "class": 1 }, "geometry": { "type": "Polygon", "coordinates": [ [ [ 51.546529607104567, 32.858278855654241, 0.0 ], [ 51.551213773249103, 32.850841635250987, 0.0 ], [ 51.553589669454787, 32.850586555838063, 0.0 ], [ 51.54783823931254, 32.858421286881111, 0.0 ], [ 51.546529607104567, 32.858278855654241, 0.0 ] ] ] } },
{ "type": "Feature", "properties": { "Name": "Untitled Polygon", "description": null, "timestamp": null, "begin": null, "end": null, "altitudeMode": null, "tessellate": 1, "extrude": 0, "visibility": 0, "drawOrder": null, "icon": null, "class": 1 }, "geometry": { "type": "Polygon", "coordinates": [ [ [ 51.528221669561589, 32.675359529254187, 0.0 ], [ 51.53138033227048, 32.673074712254092, 0.0 ], [ 51.53175525212378, 32.677076079746072, 0.0 ], [ 51.528221669561589, 32.675359529254187, 0.0 ] ] ] } },
{ "type": "Feature", "properties": { "Name": "140", "description": null, "timestamp": null, "begin": null, "end": null, "altitudeMode": null, "tessellate": 1, "extrude": 0, "visibility": 0, "drawOrder": null, "icon": null, "class": 1 }, "geometry": { "type": "Polygon", "coordinates": [ [ [ 51.609449423910362, 32.686293234527028, 0.0 ], [ 51.610050135133001, 32.684992536404657, 0.0 ], [ 51.611422867528518, 32.686781529566481, 0.0 ], [ 51.609449423910362, 32.686293234527028, 0.0 ] ] ] } },
{ "type": "Feature", "properties": { "Name": "Untitled Polygon", "description": null, "timestamp": null, "begin": null, "end": null, "altitudeMode": null, "tessellate": 1, "extrude": 0, "visibility": 0, "drawOrder": null, "icon": null, "class": 1 }, "geometry": { "type": "Polygon", "coordinates": [ [ [ 51.601679005318651, 32.682112708212117, 0.0 ], [ 51.602944426323731, 32.681161032099759, 0.0 ], [ 51.603891931709732, 32.683321564205272, 0.0 ], [ 51.601679005318651, 32.682112708212117, 0.0 ] ] ] } },
{ "type": "Feature", "properties": { "Name": "Untitled Polygon", "description": null, "timestamp": null, "begin": null, "end": null, "altitudeMode": null, "tessellate": 1, "extrude": 0, "visibility": 0, "drawOrder": null, "icon": null, "class": 1 }, "geometry": { "type": "Polygon", "coordinates": [ [ [ 51.648628276872117, 32.725754427018863, 0.0 ], [ 51.650897053830327, 32.722943484138817, 0.0 ], [ 51.651035137490886, 32.726227017098907, 0.0 ], [ 51.648628276872117, 32.725754427018863, 0.0 ] ] ] } },
{ "type": "Feature", "properties": { "Name": "Untitled Polygon", "description": null, "timestamp": null, "begin": null, "end": null, "altitudeMode": null, "tessellate": 1, "extrude": 0, "visibility": 0, "drawOrder": null, "icon": null, "class": 1 }, "geometry": { "type": "Polygon", "coordinates": [ [ [ 51.669361880768832, 32.683352963020873, 0.0 ], [ 51.674472562588079, 32.681372283706423, 0.0 ], [ 51.671619289545283, 32.685465154463422, 0.0 ], [ 51.669361880768832, 32.683352963020873, 0.0 ] ] ] } },
{ "type": "Feature", "properties": { "Name": "Untitled Polygon", "description": null, "timestamp": null, "begin": null, "end": null, "altitudeMode": null, "tessellate": 1, "extrude": 0, "visibility": 0, "drawOrder": null, "icon": null, "class": 1 }, "geometry": { "type": "Polygon", "coordinates": [ [ [ 51.647309223685141, 32.678956480762857, 0.0 ], [ 51.650019508390642, 32.676506803533371, 0.0 ], [ 51.649038284646913, 32.678901347009777, 0.0 ], [ 51.647309223685141, 32.678956480762857, 0.0 ] ] ] } },
{ "type": "Feature", "properties": { "Name": "Untitled Polygon", "description": null, "timestamp": null, "begin": null, "end": null, "altitudeMode": null, "tessellate": 1, "extrude": 0, "visibility": 0, "drawOrder": null, "icon": null, "class": 1 }, "geometry": { "type": "Polygon", "coordinates": [ [ [ 51.648432994153538, 32.669651397913157, 0.0 ], [ 51.651950556692988, 32.665905909509597, 0.0 ], [ 51.651271470281223, 32.670287989115877, 0.0 ], [ 51.648432994153538, 32.669651397913157, 0.0 ] ] ] } },
{ "type": "Feature", "properties": { "Name": "Untitled Polygon", "description": null, "timestamp": null, "begin": null, "end": null, "altitudeMode": null, "tessellate": 1, "extrude": 0, "visibility": 0, "drawOrder": null, "icon": null, "class": 1 }, "geometry": { "type": "Polygon", "coordinates": [ [ [ 51.676099669120511, 32.664224634510653, 0.0 ], [ 51.677716244549018, 32.661631169410043, 0.0 ], [ 51.678507613616361, 32.664873993417601, 0.0 ], [ 51.676099669120511, 32.664224634510653, 0.0 ] ] ] } },
{ "type": "Feature", "properties": { "Name": "Untitled Polygon", "description": null, "timestamp": null, "begin": null, "end": null, "altitudeMode": null, "tessellate": 1, "extrude": 0, "visibility": 0, "drawOrder": null, "icon": null, "class": 1 }, "geometry": { "type": "Polygon", "coordinates": [ [ [ 51.699618280191409, 32.648157401068282, 0.0 ], [ 51.70257053369648, 32.646425132443639, 0.0 ], [ 51.703156731548987, 32.649862743096087, 0.0 ], [ 51.699618280191409, 32.648157401068282, 0.0 ] ] ] } },
{ "type": "Feature", "properties": { "Name": "Untitled Polygon", "description": null, "timestamp": null, "begin": null, "end": null, "altitudeMode": null, "tessellate": 1, "extrude": 0, "visibility": 0, "drawOrder": null, "icon": null, "class": 1 }, "geometry": { "type": "Polygon", "coordinates": [ [ [ 51.651752198186273, 32.626064956477407, 0.0 ], [ 51.65472050519103, 32.624701823163043, 0.0 ], [ 51.654630028376033, 32.627959379421092, 0.0 ], [ 51.651752198186273, 32.626064956477407, 0.0 ] ] ] } },
{ "type": "Feature", "properties": { "Name": "Untitled Polygon", "description": null, "timestamp": null, "begin": null, "end": null, "altitudeMode": null, "tessellate": 1, "extrude": 0, "visibility": 0, "drawOrder": null, "icon": null, "class": 1 }, "geometry": { "type": "Polygon", "coordinates": [ [ [ 51.729182645226238, 32.716929307746717, 0.0 ], [ 51.728841378466527, 32.718955478894578, 0.0 ], [ 51.727722426036159, 32.71825845131643, 0.0 ], [ 51.729182645226238, 32.716929307746717, 0.0 ] ] ] } },
{ "type": "Feature", "properties": { "Name": "150", "description": null, "timestamp": null, "begin": null, "end": null, "altitudeMode": null, "tessellate": 1, "extrude": 0, "visibility": 0, "drawOrder": null, "icon": null, "class": 1 }, "geometry": { "type": "Polygon", "coordinates": [ [ [ 51.692067932964129, 32.658587213530438, 0.0 ], [ 51.69304506586704, 32.65618909482351, 0.0 ], [ 51.693981480665222, 32.657797061523908, 0.0 ], [ 51.692067932964129, 32.658587213530438, 0.0 ] ] ] } },
{ "type": "Feature", "properties": { "Name": "Untitled Polygon", "description": null, "timestamp": null, "begin": null, "end": null, "altitudeMode": null, "tessellate": 1, "extrude": 0, "visibility": 0, "drawOrder": null, "icon": null, "class": 1 }, "geometry": { "type": "Polygon", "coordinates": [ [ [ 51.646309723024679, 32.624970210888577, 0.0 ], [ 51.648174711957367, 32.622748032485873, 0.0 ], [ 51.649111591610243, 32.624705247019357, 0.0 ], [ 51.646309723024679, 32.624970210888577, 0.0 ] ] ] } },
{ "type": "Feature", "properties": { "Name": "Untitled Polygon", "description": null, "timestamp": null, "begin": null, "end": null, "altitudeMode": null, "tessellate": 1, "extrude": 0, "visibility": 0, "drawOrder": null, "icon": null, "class": 1 }, "geometry": { "type": "Polygon", "coordinates": [ [ [ 51.667106561913087, 32.631737630808402, 0.0 ], [ 51.668320562568788, 32.629706116686819, 0.0 ], [ 51.669112767937932, 32.633128942185458, 0.0 ], [ 51.667106561913087, 32.631737630808402, 0.0 ] ] ] } },
{ "type": "Feature", "properties": { "Name": "Untitled Polygon", "description": null, "timestamp": null, "begin": null, "end": null, "altitudeMode": null, "tessellate": 1, "extrude": 0, "visibility": 0, "drawOrder": null, "icon": null, "class": 1 }, "geometry": { "type": "Polygon", "coordinates": [ [ [ 51.655734664872533, 32.638998628930679, 0.0 ], [ 51.656472284524831, 32.63588906714886, 0.0 ], [ 51.657903403479573, 32.63911294763917, 0.0 ], [ 51.655734664872533, 32.638998628930679, 0.0 ] ] ] } },
{ "type": "Feature", "properties": { "Name": "Untitled Polygon", "description": null, "timestamp": null, "begin": null, "end": null, "altitudeMode": null, "tessellate": 1, "extrude": 0, "visibility": 0, "drawOrder": null, "icon": null, "class": 1 }, "geometry": { "type": "Polygon", "coordinates": [ [ [ 51.704999853401787, 32.628169197624153, 0.0 ], [ 51.70763620806806, 32.624277353239179, 0.0 ], [ 51.707158781183253, 32.628097156860903, 0.0 ], [ 51.704999853401787, 32.628169197624153, 0.0 ] ] ] } },
{ "type": "Feature", "properties": { "Name": "Untitled Polygon", "description": null, "timestamp": null, "begin": null, "end": null, "altitudeMode": null, "tessellate": 1, "extrude": 0, "visibility": 0, "drawOrder": null, "icon": null, "class": 1 }, "geometry": { "type": "Polygon", "coordinates": [ [ [ 51.715511621761522, 32.678980545228853, 0.0 ], [ 51.71645394361515, 32.675849659997468, 0.0 ], [ 51.719000709941838, 32.679416430022798, 0.0 ], [ 51.715511621761522, 32.678980545228853, 0.0 ] ] ] } },
{ "type": "Feature", "properties": { "Name": "Untitled Polygon", "description": null, "timestamp": null, "begin": null, "end": null, "altitudeMode": null, "tessellate": 1, "extrude": 0, "visibility": 0, "drawOrder": null, "icon": null, "class": 1 }, "geometry": { "type": "Polygon", "coordinates": [ [ [ 51.507956365564723, 32.556490436562648, 0.0 ], [ 51.508627040336393, 32.55230359603496, 0.0 ], [ 51.511555591166903, 32.555112012260182, 0.0 ], [ 51.507956365564723, 32.556490436562648, 0.0 ] ] ] } },
{ "type": "Feature", "properties": { "Name": "Untitled Polygon", "description": null, "timestamp": null, "begin": null, "end": null, "altitudeMode": null, "tessellate": 1, "extrude": 0, "visibility": 0, "drawOrder": null, "icon": null, "class": 1 }, "geometry": { "type": "Polygon", "coordinates": [ [ [ 51.51942383254331, 32.557953893972119, 0.0 ], [ 51.52158983512382, 32.553539097212187, 0.0 ], [ 51.524319057751072, 32.556899053677043, 0.0 ], [ 51.51942383254331, 32.557953893972119, 0.0 ] ] ] } },
{ "type": "Feature", "properties": { "Name": "Untitled Polygon", "description": null, "timestamp": null, "begin": null, "end": null, "altitudeMode": null, "tessellate": 1, "extrude": 0, "visibility": 0, "drawOrder": null, "icon": null, "class": 1 }, "geometry": { "type": "Polygon", "coordinates": [ [ [ 51.524037173960721, 32.550748282211529, 0.0 ], [ 51.526672759291323, 32.547409894635379, 0.0 ], [ 51.527703164913028, 32.550999007418497, 0.0 ], [ 51.524037173960721, 32.550748282211529, 0.0 ] ] ] } },
{ "type": "Feature", "properties": { "Name": "Untitled Polygon", "description": null, "timestamp": null, "begin": null, "end": null, "altitudeMode": null, "tessellate": 1, "extrude": 0, "visibility": 0, "drawOrder": null, "icon": null, "class": 1 }, "geometry": { "type": "Polygon", "coordinates": [ [ [ 51.503019001430893, 32.556822514396302, 0.0 ], [ 51.505459016732623, 32.553668533240909, 0.0 ], [ 51.506665783643072, 32.556529892897757, 0.0 ], [ 51.503019001430893, 32.556822514396302, 0.0 ] ] ] } },
{ "type": "Feature", "properties": { "Name": "160", "description": null, "timestamp": null, "begin": null, "end": null, "altitudeMode": null, "tessellate": 1, "extrude": 0, "visibility": 0, "drawOrder": null, "icon": null, "class": 1 }, "geometry": { "type": "Polygon", "coordinates": [ [ [ 51.436141539122261, 32.619298260814837, 0.0 ], [ 51.438071612992587, 32.619062035068147, 0.0 ], [ 51.436661979169237, 32.621466760201187, 0.0 ], [ 51.436141539122261, 32.619298260814837, 0.0 ] ] ] } },
{ "type": "Feature", "properties": { "Name": "Untitled Polygon", "description": null, "timestamp": null, "begin": null, "end": null, "altitudeMode": null, "tessellate": 1, "extrude": 0, "visibility": 0, "drawOrder": null, "icon": null, "class": 1 }, "geometry": { "type": "Polygon", "coordinates": [ [ [ 51.482238673571857, 32.627725881133571, 0.0 ], [ 51.47737983413252, 32.624964133462989, 0.0 ], [ 51.480393176262872, 32.624873267907127, 0.0 ], [ 51.482238673571857, 32.627725881133571, 0.0 ] ] ] } },
{ "type": "Feature", "properties": { "Name": "Untitled Polygon", "description": null, "timestamp": null, "begin": null, "end": null, "altitudeMode": null, "tessellate": 1, "extrude": 0, "visibility": 0, "drawOrder": null, "icon": null, "class": 1 }, "geometry": { "type": "Polygon", "coordinates": [ [ [ 51.544362569292417, 32.668516601229257, 0.0 ], [ 51.548313891900612, 32.665122538556531, 0.0 ], [ 51.546972989110202, 32.66898337794759, 0.0 ], [ 51.544362569292417, 32.668516601229257, 0.0 ] ] ] } },
{ "type": "Feature", "properties": { "Name": "Untitled Polygon", "description": null, "timestamp": null, "begin": null, "end": null, "altitudeMode": null, "tessellate": 1, "extrude": 0, "visibility": 0, "drawOrder": null, "icon": null, "class": 1 }, "geometry": { "type": "Polygon", "coordinates": [ [ [ 51.417735737958047, 32.668753551435799, 0.0 ], [ 51.419790609862517, 32.666333366732147, 0.0 ], [ 51.421663407936087, 32.670097016203783, 0.0 ], [ 51.417735737958047, 32.668753551435799, 0.0 ] ] ] } },
{ "type": "Feature", "properties": { "Name": "Untitled Polygon", "description": null, "timestamp": null, "begin": null, "end": null, "altitudeMode": null, "tessellate": 1, "extrude": 0, "visibility": 0, "drawOrder": null, "icon": null, "class": 1 }, "geometry": { "type": "Polygon", "coordinates": [ [ [ 51.852026171960112, 32.753915857590023, 0.0 ], [ 51.856028211124148, 32.75159672135667, 0.0 ], [ 51.867261803638087, 32.755601627522317, 0.0 ], [ 51.852026171960112, 32.753915857590023, 0.0 ] ] ] } },
{ "type": "Feature", "properties": { "Name": "Untitled Polygon", "description": null, "timestamp": null, "begin": null, "end": null, "altitudeMode": null, "tessellate": 1, "extrude": 0, "visibility": 0, "drawOrder": null, "icon": null, "class": 1 }, "geometry": { "type": "Polygon", "coordinates": [ [ [ 51.842788836457757, 32.778487420231691, 0.0 ], [ 51.846131219287336, 32.77582103412572, 0.0 ], [ 51.849375916458683, 32.784851776310632, 0.0 ], [ 51.842788836457757, 32.778487420231691, 0.0 ] ] ] } },
{ "type": "Feature", "properties": { "Name": "Untitled Polygon", "description": null, "timestamp": null, "begin": null, "end": null, "altitudeMode": null, "tessellate": 1, "extrude": 0, "visibility": 0, "drawOrder": null, "icon": null, "class": 1 }, "geometry": { "type": "Polygon", "coordinates": [ [ [ 51.877261275046237, 32.76968465240018, 0.0 ], [ 51.890605998302952, 32.763403952452428, 0.0 ], [ 51.892771878521948, 32.772095133518128, 0.0 ], [ 51.877261275046237, 32.76968465240018, 0.0 ] ] ] } },
{ "type": "Feature", "properties": { "Name": "Untitled Polygon", "description": null, "timestamp": null, "begin": null, "end": null, "altitudeMode": null, "tessellate": 1, "extrude": 0, "visibility": 0, "drawOrder": null, "icon": null, "class": 1 }, "geometry": { "type": "Polygon", "coordinates": [ [ [ 51.871440445448449, 32.75692264964033, 0.0 ], [ 51.874021750685337, 32.752098260644622, 0.0 ], [ 51.876340412501811, 32.759679700386798, 0.0 ], [ 51.871440445448449, 32.75692264964033, 0.0 ] ] ] } },
{ "type": "Feature", "properties": { "Name": "Untitled Polygon", "description": null, "timestamp": null, "begin": null, "end": null, "altitudeMode": null, "tessellate": 1, "extrude": 0, "visibility": 0, "drawOrder": null, "icon": null, "class": 1 }, "geometry": { "type": "Polygon", "coordinates": [ [ [ 51.888336758021872, 32.66850757125561, 0.0 ], [ 51.89772745078271, 32.666009361210598, 0.0 ], [ 51.896693201939001, 32.671507056011002, 0.0 ], [ 51.888336758021872, 32.66850757125561, 0.0 ] ] ] } },
{ "type": "Feature", "properties": { "Name": "Untitled Polygon", "description": null, "timestamp": null, "begin": null, "end": null, "altitudeMode": null, "tessellate": 1, "extrude": 0, "visibility": 0, "drawOrder": null, "icon": null, "class": 1 }, "geometry": { "type": "Polygon", "coordinates": [ [ [ 51.934909659739937, 32.509262035162891, 0.0 ], [ 51.939186241548242, 32.508572394773473, 0.0 ], [ 51.939318179508838, 32.511290784875492, 0.0 ], [ 51.934909659739937, 32.509262035162891, 0.0 ] ] ] } },
{ "type": "Feature", "properties": { "Name": "Untitled Polygon", "description": null, "timestamp": null, "begin": null, "end": null, "altitudeMode": null, "tessellate": 1, "extrude": 0, "visibility": 0, "drawOrder": null, "icon": null, "class": 1 }, "geometry": { "type": "Polygon", "coordinates": [ [ [ 51.662771762472047, 32.597034623303927, 0.0 ], [ 51.662398440379008, 32.598660041927872, 0.0 ], [ 51.659011100287927, 32.598959983725877, 0.0 ], [ 51.662771762472047, 32.597034623303927, 0.0 ] ] ] } },
{ "type": "Feature", "properties": { "Name": "170", "description": null, "timestamp": null, "begin": null, "end": null, "altitudeMode": null, "tessellate": 1, "extrude": 0, "visibility": 0, "drawOrder": null, "icon": null, "class": 1 }, "geometry": { "type": "Polygon", "coordinates": [ [ [ 51.6275818588974, 32.61976662417225, 0.0 ], [ 51.629233508807253, 32.61754014729123, 0.0 ], [ 51.637253446671053, 32.619463500488934, 0.0 ], [ 51.6275818588974, 32.61976662417225, 0.0 ] ] ] } },
{ "type": "Feature", "properties": { "Name": "Untitled Polygon", "description": null, "timestamp": null, "begin": null, "end": null, "altitudeMode": null, "tessellate": 1, "extrude": 0, "visibility": 0, "drawOrder": null, "icon": null, "class": 1 }, "geometry": { "type": "Polygon", "coordinates": [ [ [ 51.605870260336538, 32.727351578827083, 0.0 ], [ 51.60569858890311, 32.723032271867538, 0.0 ], [ 51.610337729361731, 32.72685398691798, 0.0 ], [ 51.605870260336538, 32.727351578827083, 0.0 ] ] ] } },
{ "type": "Feature", "properties": { "Name": "Untitled Polygon", "description": null, "timestamp": null, "begin": null, "end": null, "altitudeMode": null, "tessellate": 1, "extrude": 0, "visibility": 0, "drawOrder": null, "icon": null, "class": 1 }, "geometry": { "type": "Polygon", "coordinates": [ [ [ 51.63471097691108, 32.721592541654573, 0.0 ], [ 51.635726512616507, 32.720299618504868, 0.0 ], [ 51.63795214765068, 32.722392095033598, 0.0 ], [ 51.63471097691108, 32.721592541654573, 0.0 ] ] ] } },
{ "type": "Feature", "properties": { "Name": "Untitled Polygon", "description": null, "timestamp": null, "begin": null, "end": null, "altitudeMode": null, "tessellate": 1, "extrude": 0, "visibility": 0, "drawOrder": null, "icon": null, "class": 1 }, "geometry": { "type": "Polygon", "coordinates": [ [ [ 51.665214354489557, 32.719735317490887, 0.0 ], [ 51.66522217650396, 32.719915236861979, 0.0 ], [ 51.665253439220969, 32.720634901271453, 0.0 ], [ 51.665284714171158, 32.72135462054154, 0.0 ], [ 51.665315961609792, 32.722074379593963, 0.0 ], [ 51.66727744948296, 32.722913966127813, 0.0 ], [ 51.665711866796109, 32.721341237817143, 0.0 ], [ 51.662158406462808, 32.723255459348707, 0.0 ], [ 51.665214354489557, 32.719735317490887, 0.0 ] ] ] } },
{ "type": "Feature", "properties": { "Name": "Untitled Polygon", "description": null, "timestamp": null, "begin": null, "end": null, "altitudeMode": null, "tessellate": 1, "extrude": 0, "visibility": 0, "drawOrder": null, "icon": null, "class": 1 }, "geometry": { "type": "Polygon", "coordinates": [ [ [ 51.652707132099131, 32.623695011125342, 0.0 ], [ 51.657482501053437, 32.61882815248395, 0.0 ], [ 51.661135176727733, 32.62433702273443, 0.0 ], [ 51.652707132099131, 32.623695011125342, 0.0 ] ] ] } },
{ "type": "Feature", "properties": { "Name": "1", "description": null, "timestamp": null, "begin": null, "end": null, "altitudeMode": null, "tessellate": 1, "extrude": 0, "visibility": 0, "drawOrder": null, "icon": null, "class": 2 }, "geometry": { "type": "Polygon", "coordinates": [ [ [ 51.57008971596472, 32.692197491672587, 0.0 ], [ 51.573265672830367, 32.690271765304821, 0.0 ], [ 51.573871673671597, 32.695190958256028, 0.0 ], [ 51.57008971596472, 32.692197491672587, 0.0 ] ] ] } },
{ "type": "Feature", "properties": { "Name": "Untitled Polygon", "description": null, "timestamp": null, "begin": null, "end": null, "altitudeMode": null, "tessellate": 1, "extrude": 0, "visibility": 0, "drawOrder": null, "icon": null, "class": 2 }, "geometry": { "type": "Polygon", "coordinates": [ [ [ 51.560848814985327, 32.675867380620097, 0.0 ], [ 51.563409222070398, 32.675060355943828, 0.0 ], [ 51.563714284904293, 32.677606256053252, 0.0 ], [ 51.560848814985327, 32.675867380620097, 0.0 ] ] ] } },
{ "type": "Feature", "properties": { "Name": "Untitled Polygon", "description": null, "timestamp": null, "begin": null, "end": null, "altitudeMode": null, "tessellate": 1, "extrude": 0, "visibility": 0, "drawOrder": null, "icon": null, "class": 2 }, "geometry": { "type": "Polygon", "coordinates": [ [ [ 51.582550428784543, 32.691259165327523, 0.0 ], [ 51.585488211860223, 32.689166485972677, 0.0 ], [ 51.587604945051943, 32.693470643442282, 0.0 ], [ 51.582550428784543, 32.691259165327523, 0.0 ] ] ] } },
{ "type": "Feature", "properties": { "Name": "Untitled Polygon", "description": null, "timestamp": null, "begin": null, "end": null, "altitudeMode": null, "tessellate": 1, "extrude": 0, "visibility": 0, "drawOrder": null, "icon": null, "class": 2 }, "geometry": { "type": "Polygon", "coordinates": [ [ [ 51.537131536903111, 32.699927153268767, 0.0 ], [ 51.537944513050967, 32.698628373405427, 0.0 ], [ 51.539570348601039, 32.701490159634822, 0.0 ], [ 51.537131536903111, 32.699927153268767, 0.0 ] ] ] } },
{ "type": "Feature", "properties": { "Name": "Untitled Polygon", "description": null, "timestamp": null, "begin": null, "end": null, "altitudeMode": null, "tessellate": 1, "extrude": 0, "visibility": 0, "drawOrder": null, "icon": null, "class": 2 }, "geometry": { "type": "Polygon", "coordinates": [ [ [ 51.546541548845333, 32.703469070052748, 0.0 ], [ 51.549259195606723, 32.70120157556557, 0.0 ], [ 51.549464187953433, 32.706478125413213, 0.0 ], [ 51.546541548845333, 32.703469070052748, 0.0 ] ] ] } },
{ "type": "Feature", "properties": { "Name": "Untitled Polygon", "description": null, "timestamp": null, "begin": null, "end": null, "altitudeMode": null, "tessellate": 1, "extrude": 0, "visibility": 0, "drawOrder": null, "icon": null, "class": 2 }, "geometry": { "type": "Polygon", "coordinates": [ [ [ 51.575491703170712, 32.72538916536643, 0.0 ], [ 51.578294367774383, 32.72511933084234, 0.0 ], [ 51.578597828025551, 32.727302401725659, 0.0 ], [ 51.575491703170712, 32.72538916536643, 0.0 ] ] ] } },
{ "type": "Feature", "properties": { "Name": "Untitled Polygon", "description": null, "timestamp": null, "begin": null, "end": null, "altitudeMode": null, "tessellate": 1, "extrude": 0, "visibility": 0, "drawOrder": null, "icon": null, "class": 2 }, "geometry": { "type": "Polygon", "coordinates": [ [ [ 51.579667751277348, 32.73787332273335, 0.0 ], [ 51.583242046159697, 32.735202419938616, 0.0 ], [ 51.584469448469989, 32.738823365260266, 0.0 ], [ 51.579667751277348, 32.73787332273335, 0.0 ] ] ] } },
{ "type": "Feature", "properties": { "Name": "Untitled Polygon", "description": null, "timestamp": null, "begin": null, "end": null, "altitudeMode": null, "tessellate": 1, "extrude": 0, "visibility": 0, "drawOrder": null, "icon": null, "class": 2 }, "geometry": { "type": "Polygon", "coordinates": [ [ [ 51.578210720501048, 32.73389427251071, 0.0 ], [ 51.579933049964467, 32.733658498775632, 0.0 ], [ 51.580258345463953, 32.736391760099941, 0.0 ], [ 51.578210720501048, 32.73389427251071, 0.0 ] ] ] } },
{ "type": "Feature", "properties": { "Name": "Untitled Polygon", "description": null, "timestamp": null, "begin": null, "end": null, "altitudeMode": null, "tessellate": 1, "extrude": 0, "visibility": 0, "drawOrder": null, "icon": null, "class": 2 }, "geometry": { "type": "Polygon", "coordinates": [ [ [ 51.569870315295319, 32.671650319441007, 0.0 ], [ 51.569761256887872, 32.668901271562973, 0.0 ], [ 51.576168261114567, 32.671456012101679, 0.0 ], [ 51.569870315295319, 32.671650319441007, 0.0 ] ] ] } },
{ "type": "Feature", "properties": { "Name": "10", "description": null, "timestamp": null, "begin": null, "end": null, "altitudeMode": null, "tessellate": 1, "extrude": 0, "visibility": 0, "drawOrder": null, "icon": null, "class": 2 }, "geometry": { "type": "Polygon", "coordinates": [ [ [ 51.557839787256157, 32.668284958485593, 0.0 ], [ 51.561638180349632, 32.664041736436047, 0.0 ], [ 51.563566519512349, 32.671450575055808, 0.0 ], [ 51.557839787256157, 32.668284958485593, 0.0 ] ] ] } },
{ "type": "Feature", "properties": { "Name": "Untitled Polygon", "description": null, "timestamp": null, "begin": null, "end": null, "altitudeMode": null, "tessellate": 1, "extrude": 0, "visibility": 0, "drawOrder": null, "icon": null, "class": 2 }, "geometry": { "type": "Polygon", "coordinates": [ [ [ 51.541198379799972, 32.69692980146926, 0.0 ], [ 51.543505687942577, 32.696269669114997, 0.0 ], [ 51.545565834591471, 32.701330236156252, 0.0 ], [ 51.541198379799972, 32.69692980146926, 0.0 ] ] ] } },
{ "type": "Feature", "properties": { "Name": "Untitled Polygon", "description": null, "timestamp": null, "begin": null, "end": null, "altitudeMode": null, "tessellate": 1, "extrude": 0, "visibility": 0, "drawOrder": null, "icon": null, "class": 2 }, "geometry": { "type": "Polygon", "coordinates": [ [ [ 51.557691858695158, 32.71259310662542, 0.0 ], [ 51.56410656825458, 32.709242569589719, 0.0 ], [ 51.565670595471772, 32.71945859139872, 0.0 ], [ 51.557691858695158, 32.71259310662542, 0.0 ] ] ] } },
{ "type": "Feature", "properties": { "Name": "Untitled Polygon", "description": null, "timestamp": null, "begin": null, "end": null, "altitudeMode": null, "tessellate": 1, "extrude": 0, "visibility": 0, "drawOrder": null, "icon": null, "class": 2 }, "geometry": { "type": "Polygon", "coordinates": [ [ [ 51.593086730667373, 32.697114198431379, 0.0 ], [ 51.597081444057231, 32.691867633354633, 0.0 ], [ 51.598707634964512, 32.697334463942703, 0.0 ], [ 51.593086730667373, 32.697114198431379, 0.0 ] ] ] } },
{ "type": "Feature", "properties": { "Name": "Untitled Polygon", "description": null, "timestamp": null, "begin": null, "end": null, "altitudeMode": null, "tessellate": 1, "extrude": 0, "visibility": 0, "drawOrder": null, "icon": null, "class": 2 }, "geometry": { "type": "Polygon", "coordinates": [ [ [ 51.598836100385007, 32.700484581841138, 0.0 ], [ 51.605222040294713, 32.696541844106008, 0.0 ], [ 51.604490009852611, 32.701492970729731, 0.0 ], [ 51.598836100385007, 32.700484581841138, 0.0 ] ] ] } },
{ "type": "Feature", "properties": { "Name": "Untitled Polygon", "description": null, "timestamp": null, "begin": null, "end": null, "altitudeMode": null, "tessellate": 1, "extrude": 0, "visibility": 0, "drawOrder": null, "icon": null, "class": 2 }, "geometry": { "type": "Polygon", "coordinates": [ [ [ 51.604659570610487, 32.734070869976968, 0.0 ], [ 51.628668732517291, 32.725623827785633, 0.0 ], [ 51.628695169131987, 32.737292800096697, 0.0 ], [ 51.604659570610487, 32.734070869976968, 0.0 ] ] ] } },
{ "type": "Feature", "properties": { "Name": "Untitled Polygon", "description": null, "timestamp": null, "begin": null, "end": null, "altitudeMode": null, "tessellate": 1, "extrude": 0, "visibility": 0, "drawOrder": null, "icon": null, "class": 2 }, "geometry": { "type": "Polygon", "coordinates": [ [ [ 51.636396563670509, 32.692814725561703, 0.0 ], [ 51.639114199204862, 32.690759247076471, 0.0 ], [ 51.639560021024081, 32.695672852232157, 0.0 ], [ 51.636396563670509, 32.692814725561703, 0.0 ] ] ] } },
{ "type": "Feature", "properties": { "Name": "Untitled Polygon", "description": null, "timestamp": null, "begin": null, "end": null, "altitudeMode": null, "tessellate": 1, "extrude": 0, "visibility": 0, "drawOrder": null, "icon": null, "class": 2 }, "geometry": { "type": "Polygon", "coordinates": [ [ [ 51.641237572911777, 32.696606266891997, 0.0 ], [ 51.645816070304477, 32.694293319197762, 0.0 ], [ 51.646947679332072, 32.698792455360049, 0.0 ], [ 51.641237572911777, 32.696606266891997, 0.0 ] ] ] } },
{ "type": "Feature", "properties": { "Name": "Untitled Polygon", "description": null, "timestamp": null, "begin": null, "end": null, "altitudeMode": null, "tessellate": 1, "extrude": 0, "visibility": 0, "drawOrder": null, "icon": null, "class": 2 }, "geometry": { "type": "Polygon", "coordinates": [ [ [ 51.643154618484907, 32.703055480167798, 0.0 ], [ 51.645214610258073, 32.702004104590209, 0.0 ], [ 51.647506790164933, 32.70627327877289, 0.0 ], [ 51.643154618484907, 32.703055480167798, 0.0 ] ] ] } },
{ "type": "Feature", "properties": { "Name": "Untitled Polygon", "description": null, "timestamp": null, "begin": null, "end": null, "altitudeMode": null, "tessellate": 1, "extrude": 0, "visibility": 0, "drawOrder": null, "icon": null, "class": 2 }, "geometry": { "type": "Polygon", "coordinates": [ [ [ 51.649211700471149, 32.707798976476113, 0.0 ], [ 51.650511117324093, 32.705389470475417, 0.0 ], [ 51.651592618632471, 32.708711403819109, 0.0 ], [ 51.649211700471149, 32.707798976476113, 0.0 ] ] ] } },
{ "type": "Feature", "properties": { "Name": "20", "description": null, "timestamp": null, "begin": null, "end": null, "altitudeMode": null, "tessellate": 1, "extrude": 0, "visibility": 0, "drawOrder": null, "icon": null, "class": 2 }, "geometry": { "type": "Polygon", "coordinates": [ [ [ 51.619411830271979, 32.683691894096398, 0.0 ], [ 51.625146848104301, 32.681150698403599, 0.0 ], [ 51.623929780280868, 32.685520046611487, 0.0 ], [ 51.619411830271979, 32.683691894096398, 0.0 ] ] ] } },
{ "type": "Feature", "properties": { "Name": "Untitled Polygon", "description": null, "timestamp": null, "begin": null, "end": null, "altitudeMode": null, "tessellate": 1, "extrude": 0, "visibility": 0, "drawOrder": null, "icon": null, "class": 2 }, "geometry": { "type": "Polygon", "coordinates": [ [ [ 51.606383160281517, 32.679372157922543, 0.0 ], [ 51.612157812088292, 32.677815472342118, 0.0 ], [ 51.610929252644489, 32.681986724881753, 0.0 ], [ 51.606383160281517, 32.679372157922543, 0.0 ] ] ] } },
{ "type": "Feature", "properties": { "Name": "Untitled Polygon", "description": null, "timestamp": null, "begin": null, "end": null, "altitudeMode": null, "tessellate": 1, "extrude": 0, "visibility": 0, "drawOrder": null, "icon": null, "class": 2 }, "geometry": { "type": "Polygon", "coordinates": [ [ [ 51.610476396852498, 32.676687098655677, 0.0 ], [ 51.613659741738537, 32.674620984564527, 0.0 ], [ 51.61610704775206, 32.677299306374373, 0.0 ], [ 51.610476396852498, 32.676687098655677, 0.0 ] ] ] } },
{ "type": "Feature", "properties": { "Name": "Untitled Polygon", "description": null, "timestamp": null, "begin": null, "end": null, "altitudeMode": null, "tessellate": 1, "extrude": 0, "visibility": 0, "drawOrder": null, "icon": null, "class": 2 }, "geometry": { "type": "Polygon", "coordinates": [ [ [ 51.5665304851928, 32.705421021739227, 0.0 ], [ 51.56624396697503, 32.69813676905747, 0.0 ], [ 51.570556924415222, 32.700763010943973, 0.0 ], [ 51.5665304851928, 32.705421021739227, 0.0 ] ] ] } },
{ "type": "Feature", "properties": { "Name": "Untitled Polygon", "description": null, "timestamp": null, "begin": null, "end": null, "altitudeMode": null, "tessellate": 1, "extrude": 0, "visibility": 0, "drawOrder": null, "icon": null, "class": 2 }, "geometry": { "type": "Polygon", "coordinates": [ [ [ 51.564590239632537, 32.691686158424737, 0.0 ], [ 51.56720445636207, 32.686682071334857, 0.0 ], [ 51.568847536937596, 32.692933503183149, 0.0 ], [ 51.564590239632537, 32.691686158424737, 0.0 ] ] ] } },
{ "type": "Feature", "properties": { "Name": "Untitled Polygon", "description": null, "timestamp": null, "begin": null, "end": null, "altitudeMode": null, "tessellate": 1, "extrude": 0, "visibility": 0, "drawOrder": null, "icon": null, "class": 2 }, "geometry": { "type": "Polygon", "coordinates": [ [ [ 51.556759825175121, 32.688578579544483, 0.0 ], [ 51.560409209886529, 32.686301260888087, 0.0 ], [ 51.560102796488913, 32.69044545556018, 0.0 ], [ 51.556759825175121, 32.688578579544483, 0.0 ] ] ] } },
{ "type": "Feature", "properties": { "Name": "Untitled Polygon", "description": null, "timestamp": null, "begin": null, "end": null, "altitudeMode": null, "tessellate": 1, "extrude": 0, "visibility": 0, "drawOrder": null, "icon": null, "class": 2 }, "geometry": { "type": "Polygon", "coordinates": [ [ [ 51.585793131865699, 32.661902373430948, 0.0 ], [ 51.587887224981252, 32.660939926824717, 0.0 ], [ 51.588627044042433, 32.663430681015512, 0.0 ], [ 51.585793131865699, 32.661902373430948, 0.0 ] ] ] } },
{ "type": "Feature", "properties": { "Name": "Untitled Polygon", "description": null, "timestamp": null, "begin": null, "end": null, "altitudeMode": null, "tessellate": 1, "extrude": 0, "visibility": 0, "drawOrder": null, "icon": null, "class": 2 }, "geometry": { "type": "Polygon", "coordinates": [ [ [ 51.594327650648147, 32.661997087696513, 0.0 ], [ 51.596157988618131, 32.659785999351463, 0.0 ], [ 51.596999934847609, 32.664787393302127, 0.0 ], [ 51.594327650648147, 32.661997087696513, 0.0 ] ] ] } },
{ "type": "Feature", "properties": { "Name": "Untitled Polygon", "description": null, "timestamp": null, "begin": null, "end": null, "altitudeMode": null, "tessellate": 1, "extrude": 0, "visibility": 0, "drawOrder": null, "icon": null, "class": 2 }, "geometry": { "type": "Polygon", "coordinates": [ [ [ 51.590292470134841, 32.65709620441492, 0.0 ], [ 51.593230632910988, 32.655928466013101, 0.0 ], [ 51.592735740442031, 32.659533102901847, 0.0 ], [ 51.590292470134841, 32.65709620441492, 0.0 ] ] ] } },
{ "type": "Feature", "properties": { "Name": "Untitled Polygon", "description": null, "timestamp": null, "begin": null, "end": null, "altitudeMode": null, "tessellate": 1, "extrude": 0, "visibility": 0, "drawOrder": null, "icon": null, "class": 2 }, "geometry": { "type": "Polygon", "coordinates": [ [ [ 51.557815342553901, 32.655227349928147, 0.0 ], [ 51.560342538226926, 32.654432223217214, 0.0 ], [ 51.561105861265609, 32.657638170800361, 0.0 ], [ 51.557815342553901, 32.655227349928147, 0.0 ] ] ] } },
{ "type": "Feature", "properties": { "Name": "30", "description": null, "timestamp": null, "begin": null, "end": null, "altitudeMode": null, "tessellate": 1, "extrude": 0, "visibility": 0, "drawOrder": null, "icon": null, "class": 2 }, "geometry": { "type": "Polygon", "coordinates": [ [ [ 51.559805730164953, 32.651578761702758, 0.0 ], [ 51.561597674960183, 32.648296231472791, 0.0 ], [ 51.562535594558589, 32.650419543013328, 0.0 ], [ 51.559805730164953, 32.651578761702758, 0.0 ] ] ] } },
{ "type": "Feature", "properties": { "Name": "Untitled Polygon", "description": null, "timestamp": null, "begin": null, "end": null, "altitudeMode": null, "tessellate": 1, "extrude": 0, "visibility": 0, "drawOrder": null, "icon": null, "class": 2 }, "geometry": { "type": "Polygon", "coordinates": [ [ [ 51.565089212556941, 32.655900762666228, 0.0 ], [ 51.569909498919699, 32.653778981283033, 0.0 ], [ 51.569701254949543, 32.659347704698803, 0.0 ], [ 51.565089212556941, 32.655900762666228, 0.0 ] ] ] } },
{ "type": "Feature", "properties": { "Name": "Untitled Polygon", "description": null, "timestamp": null, "begin": null, "end": null, "altitudeMode": null, "tessellate": 1, "extrude": 0, "visibility": 0, "drawOrder": null, "icon": null, "class": 2 }, "geometry": { "type": "Polygon", "coordinates": [ [ [ 51.566910251238653, 32.664280604505123, 0.0 ], [ 51.570011274437761, 32.661851018030042, 0.0 ], [ 51.5716539615212, 32.665571114815393, 0.0 ], [ 51.566910251238653, 32.664280604505123, 0.0 ] ] ] } },
{ "type": "Feature", "properties": { "Name": "Untitled Polygon", "description": null, "timestamp": null, "begin": null, "end": null, "altitudeMode": null, "tessellate": 1, "extrude": 0, "visibility": 0, "drawOrder": null, "icon": null, "class": 2 }, "geometry": { "type": "Polygon", "coordinates": [ [ [ 51.579233651731677, 32.67396128143848, 0.0 ], [ 51.579802740329043, 32.672146416746287, 0.0 ], [ 51.582516884350532, 32.67601695056279, 0.0 ], [ 51.579233651731677, 32.67396128143848, 0.0 ] ] ] } },
{ "type": "Feature", "properties": { "Name": "Untitled Polygon", "description": null, "timestamp": null, "begin": null, "end": null, "altitudeMode": null, "tessellate": 1, "extrude": 0, "visibility": 0, "drawOrder": null, "icon": null, "class": 2 }, "geometry": { "type": "Polygon", "coordinates": [ [ [ 51.626722716747111, 32.671408335421418, 0.0 ], [ 51.631061043690437, 32.668038011880263, 0.0 ], [ 51.628550679199819, 32.674227377078488, 0.0 ], [ 51.626722716747111, 32.671408335421418, 0.0 ] ] ] } },
{ "type": "Feature", "properties": { "Name": "Untitled Polygon", "description": null, "timestamp": null, "begin": null, "end": null, "altitudeMode": null, "tessellate": 1, "extrude": 0, "visibility": 0, "drawOrder": null, "icon": null, "class": 2 }, "geometry": { "type": "Polygon", "coordinates": [ [ [ 51.632870776751332, 32.680387495214497, 0.0 ], [ 51.63470476095717, 32.678351755616653, 0.0 ], [ 51.635079568944583, 32.682118095506908, 0.0 ], [ 51.632870776751332, 32.680387495214497, 0.0 ] ] ] } },
{ "type": "Feature", "properties": { "Name": "Untitled Polygon", "description": null, "timestamp": null, "begin": null, "end": null, "altitudeMode": null, "tessellate": 1, "extrude": 0, "visibility": 0, "drawOrder": null, "icon": null, "class": 2 }, "geometry": { "type": "Polygon", "coordinates": [ [ [ 51.568145387505602, 32.718071172857577, 0.0 ], [ 51.580972736855749, 32.701624429797299, 0.0 ], [ 51.585704065340217, 32.702380464926179, 0.0 ], [ 51.577248384614322, 32.72104117444357, 0.0 ], [ 51.568145387505602, 32.718071172857577, 0.0 ] ] ] } },
{ "type": "Feature", "properties": { "Name": "Untitled Polygon", "description": null, "timestamp": null, "begin": null, "end": null, "altitudeMode": null, "tessellate": 1, "extrude": 0, "visibility": 0, "drawOrder": null, "icon": null, "class": 2 }, "geometry": { "type": "Polygon", "coordinates": [ [ [ 51.561441136994148, 32.726750226305271, 0.0 ], [ 51.557471168875523, 32.718392742626612, 0.0 ], [ 51.571681596557397, 32.721033505201383, 0.0 ], [ 51.561441136994148, 32.726750226305271, 0.0 ] ] ] } },
{ "type": "Feature", "properties": { "Name": "Untitled Polygon", "description": null, "timestamp": null, "begin": null, "end": null, "altitudeMode": null, "tessellate": 1, "extrude": 0, "visibility": 0, "drawOrder": null, "icon": null, "class": 2 }, "geometry": { "type": "Polygon", "coordinates": [ [ [ 51.567398653718733, 32.709793098155558, 0.0 ], [ 51.574946980169642, 32.700547832995923, 0.0 ], [ 51.576796476568433, 32.704095493970122, 0.0 ], [ 51.567398653718733, 32.709793098155558, 0.0 ] ] ] } },
{ "type": "Feature", "properties": { "Name": "Untitled Polygon", "description": null, "timestamp": null, "begin": null, "end": null, "altitudeMode": null, "tessellate": 1, "extrude": 0, "visibility": 0, "drawOrder": null, "icon": null, "class": 2 }, "geometry": { "type": "Polygon", "coordinates": [ [ [ 51.622026286420798, 32.712083001582897, 0.0 ], [ 51.623393401981517, 32.708972393717723, 0.0 ], [ 51.625880199432657, 32.712144107086971, 0.0 ], [ 51.622026286420798, 32.712083001582897, 0.0 ] ] ] } },
{ "type": "Feature", "properties": { "Name": "40", "description": null, "timestamp": null, "begin": null, "end": null, "altitudeMode": null, "tessellate": 1, "extrude": 0, "visibility": 0, "drawOrder": null, "icon": null, "class": 2 }, "geometry": { "type": "Polygon", "coordinates": [ [ [ 51.588168778628052, 32.694557089905743, 0.0 ], [ 51.591828012241983, 32.689942549464789, 0.0 ], [ 51.591839648701679, 32.695524798604957, 0.0 ], [ 51.588168778628052, 32.694557089905743, 0.0 ] ] ] } },
{ "type": "Feature", "properties": { "Name": "Untitled Polygon", "description": null, "timestamp": null, "begin": null, "end": null, "altitudeMode": null, "tessellate": 1, "extrude": 0, "visibility": 0, "drawOrder": null, "icon": null, "class": 2 }, "geometry": { "type": "Polygon", "coordinates": [ [ [ 51.58811353359085, 32.698522224273667, 0.0 ], [ 51.589336417876588, 32.697043130858248, 0.0 ], [ 51.593124573957503, 32.700890596359002, 0.0 ], [ 51.58811353359085, 32.698522224273667, 0.0 ] ] ] } },
{ "type": "Feature", "properties": { "Name": "Untitled Polygon", "description": null, "timestamp": null, "begin": null, "end": null, "altitudeMode": null, "tessellate": 1, "extrude": 0, "visibility": 0, "drawOrder": null, "icon": null, "class": 2 }, "geometry": { "type": "Polygon", "coordinates": [ [ [ 51.590564603791307, 32.674510123121337, 0.0 ], [ 51.595441221284787, 32.668428469683327, 0.0 ], [ 51.5971425133894, 32.673587554515237, 0.0 ], [ 51.597134977584801, 32.673408052314812, 0.0 ], [ 51.590564603791307, 32.674510123121337, 0.0 ] ] ] } },
{ "type": "Feature", "properties": { "Name": "Untitled Polygon", "description": null, "timestamp": null, "begin": null, "end": null, "altitudeMode": null, "tessellate": 1, "extrude": 0, "visibility": 0, "drawOrder": null, "icon": null, "class": 2 }, "geometry": { "type": "Polygon", "coordinates": [ [ [ 51.585748289142693, 32.671423676022833, 0.0 ], [ 51.588457452468077, 32.664513412300799, 0.0 ], [ 51.588717060302848, 32.670972464408088, 0.0 ], [ 51.585748289142693, 32.671423676022833, 0.0 ] ] ] } },
{ "type": "Feature", "properties": { "Name": "Untitled Polygon", "description": null, "timestamp": null, "begin": null, "end": null, "altitudeMode": null, "tessellate": 1, "extrude": 0, "visibility": 0, "drawOrder": null, "icon": null, "class": 2 }, "geometry": { "type": "Polygon", "coordinates": [ [ [ 51.591724554461642, 32.645389366748681, 0.0 ], [ 51.595874397531418, 32.642748992694969, 0.0 ], [ 51.597996253427617, 32.647527239365743, 0.0 ], [ 51.591724554461642, 32.645389366748681, 0.0 ] ] ] } },
{ "type": "Feature", "properties": { "Name": "Untitled Polygon", "description": null, "timestamp": null, "begin": null, "end": null, "altitudeMode": null, "tessellate": 1, "extrude": 0, "visibility": 0, "drawOrder": null, "icon": null, "class": 2 }, "geometry": { "type": "Polygon", "coordinates": [ [ [ 51.573887583248073, 32.662808761144639, 0.0 ], [ 51.575279625790273, 32.660252554917761, 0.0 ], [ 51.576147821443442, 32.665971348692011, 0.0 ], [ 51.573887583248073, 32.662808761144639, 0.0 ] ] ] } },
{ "type": "Feature", "properties": { "Name": "Untitled Polygon", "description": null, "timestamp": null, "begin": null, "end": null, "altitudeMode": null, "tessellate": 1, "extrude": 0, "visibility": 0, "drawOrder": null, "icon": null, "class": 2 }, "geometry": { "type": "Polygon", "coordinates": [ [ [ 51.562550312481747, 32.661901191578842, 0.0 ], [ 51.564818284354132, 32.659857111615537, 0.0 ], [ 51.565637252258107, 32.664499349620748, 0.0 ], [ 51.562550312481747, 32.661901191578842, 0.0 ] ] ] } },
{ "type": "Feature", "properties": { "Name": "Untitled Polygon", "description": null, "timestamp": null, "begin": null, "end": null, "altitudeMode": null, "tessellate": 1, "extrude": 0, "visibility": 0, "drawOrder": null, "icon": null, "class": 2 }, "geometry": { "type": "Polygon", "coordinates": [ [ [ 51.563647634874521, 32.684690486852048, 0.0 ], [ 51.565567329338933, 32.679236279778458, 0.0 ], [ 51.569187884726489, 32.684521049617203, 0.0 ], [ 51.563647634874521, 32.684690486852048, 0.0 ] ] ] } },
{ "type": "Feature", "properties": { "Name": "Untitled Polygon", "description": null, "timestamp": null, "begin": null, "end": null, "altitudeMode": null, "tessellate": 1, "extrude": 0, "visibility": 0, "drawOrder": null, "icon": null, "class": 2 }, "geometry": { "type": "Polygon", "coordinates": [ [ [ 51.658130300778261, 32.691300845228803, 0.0 ], [ 51.660999416071228, 32.688507050310761, 0.0 ], [ 51.668718023290467, 32.698538036125868, 0.0 ], [ 51.658130300778261, 32.691300845228803, 0.0 ] ] ] } },
{ "type": "Feature", "properties": { "Name": "Untitled Polygon", "description": null, "timestamp": null, "begin": null, "end": null, "altitudeMode": null, "tessellate": 1, "extrude": 0, "visibility": 0, "drawOrder": null, "icon": null, "class": 2 }, "geometry": { "type": "Polygon", "coordinates": [ [ [ 51.643294963574398, 32.684381360206608, 0.0 ], [ 51.644551358931608, 32.683802480266749, 0.0 ], [ 51.646802370401247, 32.686432113188687, 0.0 ], [ 51.643294963574398, 32.684381360206608, 0.0 ] ] ] } },
{ "type": "Feature", "properties": { "Name": "50", "description": null, "timestamp": null, "begin": null, "end": null, "altitudeMode": null, "tessellate": 1, "extrude": 0, "visibility": 0, "drawOrder": null, "icon": null, "class": 2 }, "geometry": { "type": "Polygon", "coordinates": [ [ [ 51.625044695602057, 32.687292313963077, 0.0 ], [ 51.631248004977948, 32.682417942339228, 0.0 ], [ 51.632466767002832, 32.685980772401898, 0.0 ], [ 51.625044695602057, 32.687292313963077, 0.0 ] ] ] } },
{ "type": "Feature", "properties": { "Name": "Untitled Polygon", "description": null, "timestamp": null, "begin": null, "end": null, "altitudeMode": null, "tessellate": 1, "extrude": 0, "visibility": 0, "drawOrder": null, "icon": null, "class": 2 }, "geometry": { "type": "Polygon", "coordinates": [ [ [ 51.679678045547959, 32.723109516585957, 0.0 ], [ 51.681898643706013, 32.715449242762638, 0.0 ], [ 51.695006965239124, 32.725525196725648, 0.0 ], [ 51.679678045547959, 32.723109516585957, 0.0 ] ] ] } },
{ "type": "Feature", "properties": { "Name": "Untitled Polygon", "description": null, "timestamp": null, "begin": null, "end": null, "altitudeMode": null, "tessellate": 1, "extrude": 0, "visibility": 0, "drawOrder": null, "icon": null, "class": 2 }, "geometry": { "type": "Polygon", "coordinates": [ [ [ 51.696840435892163, 32.72347777832185, 0.0 ], [ 51.686851232105397, 32.716017053242652, 0.0 ], [ 51.698751700226019, 32.718535233400893, 0.0 ], [ 51.696840435892163, 32.72347777832185, 0.0 ] ] ] } },
{ "type": "Feature", "properties": { "Name": "Untitled Polygon", "description": null, "timestamp": null, "begin": null, "end": null, "altitudeMode": null, "tessellate": 1, "extrude": 0, "visibility": 0, "drawOrder": null, "icon": null, "class": 2 }, "geometry": { "type": "Polygon", "coordinates": [ [ [ 51.721706198992948, 32.721553762160582, 0.0 ], [ 51.706297258467551, 32.711590473441099, 0.0 ], [ 51.718460438510547, 32.711023556741871, 0.0 ], [ 51.721706198992948, 32.721553762160582, 0.0 ] ] ] } },
{ "type": "Feature", "properties": { "Name": "Untitled Polygon", "description": null, "timestamp": null, "begin": null, "end": null, "altitudeMode": null, "tessellate": 1, "extrude": 0, "visibility": 0, "drawOrder": null, "icon": null, "class": 2 }, "geometry": { "type": "Polygon", "coordinates": [ [ [ 51.607681655152319, 32.719188636420427, 0.0 ], [ 51.612598444737714, 32.713995887016317, 0.0 ], [ 51.617585305009037, 32.721044048118678, 0.0 ], [ 51.607681655152319, 32.719188636420427, 0.0 ] ] ] } },
{ "type": "Feature", "properties": { "Name": "Untitled Polygon", "description": null, "timestamp": null, "begin": null, "end": null, "altitudeMode": null, "tessellate": 1, "extrude": 0, "visibility": 0, "drawOrder": null, "icon": null, "class": 2 }, "geometry": { "type": "Polygon", "coordinates": [ [ [ 51.619485143253208, 32.720444563768659, 0.0 ], [ 51.62320369962449, 32.717266874195907, 0.0 ], [ 51.627840503597447, 32.720905801078537, 0.0 ], [ 51.619485143253208, 32.720444563768659, 0.0 ] ] ] } },
{ "type": "Feature", "properties": { "Name": "Untitled Polygon", "description": null, "timestamp": null, "begin": null, "end": null, "altitudeMode": null, "tessellate": 1, "extrude": 0, "visibility": 0, "drawOrder": null, "icon": null, "class": 2 }, "geometry": { "type": "Polygon", "coordinates": [ [ [ 51.607071978753048, 32.695355423452853, 0.0 ], [ 51.610018471518281, 32.690322190956778, 0.0 ], [ 51.611589970105527, 32.695404629888408, 0.0 ], [ 51.607071978753048, 32.695355423452853, 0.0 ] ] ] } },
{ "type": "Feature", "properties": { "Name": "Untitled Polygon", "description": null, "timestamp": null, "begin": null, "end": null, "altitudeMode": null, "tessellate": 1, "extrude": 0, "visibility": 0, "drawOrder": null, "icon": null, "class": 2 }, "geometry": { "type": "Polygon", "coordinates": [ [ [ 51.584555068844253, 32.658482929883192, 0.0 ], [ 51.5864946586562, 32.656339235599127, 0.0 ], [ 51.589529108960008, 32.658896610292743, 0.0 ], [ 51.584555068844253, 32.658482929883192, 0.0 ] ] ] } },
{ "type": "Feature", "properties": { "Name": "Untitled Polygon", "description": null, "timestamp": null, "begin": null, "end": null, "altitudeMode": null, "tessellate": 1, "extrude": 0, "visibility": 0, "drawOrder": null, "icon": null, "class": 2 }, "geometry": { "type": "Polygon", "coordinates": [ [ [ 51.716815406249523, 32.73554091067043, 0.0 ], [ 51.716302282646247, 32.729637847863792, 0.0 ], [ 51.723929016415518, 32.732641508034469, 0.0 ], [ 51.716815406249523, 32.73554091067043, 0.0 ] ] ] } },
{ "type": "Feature", "properties": { "Name": "Untitled Polygon", "description": null, "timestamp": null, "begin": null, "end": null, "altitudeMode": null, "tessellate": 1, "extrude": 0, "visibility": 0, "drawOrder": null, "icon": null, "class": 2 }, "geometry": { "type": "Polygon", "coordinates": [ [ [ 51.610401419228793, 32.662223515204403, 0.0 ], [ 51.612073019428472, 32.659139232676488, 0.0 ], [ 51.613649867850746, 32.664396383417262, 0.0 ], [ 51.610401419228793, 32.662223515204403, 0.0 ] ] ] } },
{ "type": "Feature", "properties": { "Name": "Untitled Polygon", "description": null, "timestamp": null, "begin": null, "end": null, "altitudeMode": null, "tessellate": 1, "extrude": 0, "visibility": 0, "drawOrder": null, "icon": null, "class": 2 }, "geometry": { "type": "Polygon", "coordinates": [ [ [ 51.554749325473438, 32.645396673284992, 0.0 ], [ 51.557900468735468, 32.645486369097412, 0.0 ], [ 51.556954081117937, 32.649870934894047, 0.0 ], [ 51.554749325473438, 32.645396673284992, 0.0 ] ] ] } },
{ "type": "Feature", "properties": { "Name": "60", "description": null, "timestamp": null, "begin": null, "end": null, "altitudeMode": null, "tessellate": 1, "extrude": 0, "visibility": 0, "drawOrder": null, "icon": null, "class": 2 }, "geometry": { "type": "Polygon", "coordinates": [ [ [ 51.569141912863969, 32.640226160595248, 0.0 ], [ 51.570377282828943, 32.636971940709373, 0.0 ], [ 51.5748012922339, 32.640623285958227, 0.0 ], [ 51.569141912863969, 32.640226160595248, 0.0 ] ] ] } },
{ "type": "Feature", "properties": { "Name": "Untitled Polygon", "description": null, "timestamp": null, "begin": null, "end": null, "altitudeMode": null, "tessellate": 1, "extrude": 0, "visibility": 0, "drawOrder": null, "icon": null, "class": 2 }, "geometry": { "type": "Polygon", "coordinates": [ [ [ 51.58078921169146, 32.638166054715583, 0.0 ], [ 51.587150246204757, 32.633433154854963, 0.0 ], [ 51.59631780024467, 32.638057955162608, 0.0 ], [ 51.58078921169146, 32.638166054715583, 0.0 ] ] ] } },
{ "type": "Feature", "properties": { "Name": "Untitled Polygon", "description": null, "timestamp": null, "begin": null, "end": null, "altitudeMode": null, "tessellate": 1, "extrude": 0, "visibility": 0, "drawOrder": null, "icon": null, "class": 2 }, "geometry": { "type": "Polygon", "coordinates": [ [ [ 51.605028454002181, 32.647281022042407, 0.0 ], [ 51.613049561847902, 32.640020558905483, 0.0 ], [ 51.629966573726477, 32.645931734371089, 0.0 ], [ 51.605028454002181, 32.647281022042407, 0.0 ] ] ] } },
{ "type": "Feature", "properties": { "Name": "Untitled Polygon", "description": null, "timestamp": null, "begin": null, "end": null, "altitudeMode": null, "tessellate": 1, "extrude": 0, "visibility": 0, "drawOrder": null, "icon": null, "class": 2 }, "geometry": { "type": "Polygon", "coordinates": [ [ [ 51.628536304086367, 32.660367429366538, 0.0 ], [ 51.631167608015403, 32.658582244954609, 0.0 ], [ 51.63152592423328, 32.661789625179757, 0.0 ], [ 51.628536304086367, 32.660367429366538, 0.0 ] ] ] } },
{ "type": "Feature", "properties": { "Name": "Untitled Polygon", "description": null, "timestamp": null, "begin": null, "end": null, "altitudeMode": null, "tessellate": 1, "extrude": 0, "visibility": 0, "drawOrder": null, "icon": null, "class": 2 }, "geometry": { "type": "Polygon", "coordinates": [ [ [ 51.745389818963929, 32.727296300876567, 0.0 ], [ 51.754749925666189, 32.714757893439511, 0.0 ], [ 51.753667099377452, 32.730183248253013, 0.0 ], [ 51.745389818963929, 32.727296300876567, 0.0 ] ] ] } },
{ "type": "Feature", "properties": { "Name": "Untitled Polygon", "description": null, "timestamp": null, "begin": null, "end": null, "altitudeMode": null, "tessellate": 1, "extrude": 0, "visibility": 0, "drawOrder": null, "icon": null, "class": 2 }, "geometry": { "type": "Polygon", "coordinates": [ [ [ 51.768636770113183, 32.739724304809627, 0.0 ], [ 51.766945026335527, 32.726601114344348, 0.0 ], [ 51.776920402888031, 32.732771076844202, 0.0 ], [ 51.768636770113183, 32.739724304809627, 0.0 ] ] ] } },
{ "type": "Feature", "properties": { "Name": "Untitled Polygon", "description": null, "timestamp": null, "begin": null, "end": null, "altitudeMode": null, "tessellate": 1, "extrude": 0, "visibility": 0, "drawOrder": null, "icon": null, "class": 2 }, "geometry": { "type": "Polygon", "coordinates": [ [ [ 51.790516253147288, 32.736043662007752, 0.0 ], [ 51.773793896825239, 32.722111236833733, 0.0 ], [ 51.793786202866677, 32.725728620755213, 0.0 ], [ 51.790516253147288, 32.736043662007752, 0.0 ] ] ] } },
{ "type": "Feature", "properties": { "Name": "Untitled Polygon", "description": null, "timestamp": null, "begin": null, "end": null, "altitudeMode": null, "tessellate": 1, "extrude": 0, "visibility": 0, "drawOrder": null, "icon": null, "class": 2 }, "geometry": { "type": "Polygon", "coordinates": [ [ [ 51.788051763327751, 32.711268574685043, 0.0 ], [ 51.790729883792913, 32.707291197060293, 0.0 ], [ 51.794875255695914, 32.711230965868801, 0.0 ], [ 51.788051763327751, 32.711268574685043, 0.0 ] ] ] } },
{ "type": "Feature", "properties": { "Name": "Untitled Polygon", "description": null, "timestamp": null, "begin": null, "end": null, "altitudeMode": null, "tessellate": 1, "extrude": 0, "visibility": 0, "drawOrder": null, "icon": null, "class": 2 }, "geometry": { "type": "Polygon", "coordinates": [ [ [ 51.759970245220643, 32.718295505285219, 0.0 ], [ 51.761808138823568, 32.715085734063422, 0.0 ], [ 51.762861453642977, 32.718943208418651, 0.0 ], [ 51.759970245220643, 32.718295505285219, 0.0 ] ] ] } },
{ "type": "Feature", "properties": { "Name": "Untitled Polygon", "description": null, "timestamp": null, "begin": null, "end": null, "altitudeMode": null, "tessellate": 1, "extrude": 0, "visibility": 0, "drawOrder": null, "icon": null, "class": 2 }, "geometry": { "type": "Polygon", "coordinates": [ [ [ 51.743460629702049, 32.713270171224053, 0.0 ], [ 51.747962400568511, 32.71053170009548, 0.0 ], [ 51.748269698505368, 32.717561715752971, 0.0 ], [ 51.743460629702049, 32.713270171224053, 0.0 ] ] ] } },
{ "type": "Feature", "properties": { "Name": "70", "description": null, "timestamp": null, "begin": null, "end": null, "altitudeMode": null, "tessellate": 1, "extrude": 0, "visibility": 0, "drawOrder": null, "icon": null, "class": 2 }, "geometry": { "type": "Polygon", "coordinates": [ [ [ 51.73976081830105, 32.709129872003388, 0.0 ], [ 51.741422201845317, 32.706854591304882, 0.0 ], [ 51.74247731977669, 32.710894055984888, 0.0 ], [ 51.73976081830105, 32.709129872003388, 0.0 ] ] ] } },
{ "type": "Feature", "properties": { "Name": "Untitled Polygon", "description": null, "timestamp": null, "begin": null, "end": null, "altitudeMode": null, "tessellate": 1, "extrude": 0, "visibility": 0, "drawOrder": null, "icon": null, "class": 2 }, "geometry": { "type": "Polygon", "coordinates": [ [ [ 51.730828173000759, 32.731846031220748, 0.0 ], [ 51.735083589884702, 32.723176659380023, 0.0 ], [ 51.738520801036373, 32.731412956485052, 0.0 ], [ 51.730828173000759, 32.731846031220748, 0.0 ] ] ] } },
{ "type": "Feature", "properties": { "Name": "Untitled Polygon", "description": null, "timestamp": null, "begin": null, "end": null, "altitudeMode": null, "tessellate": 1, "extrude": 0, "visibility": 0, "drawOrder": null, "icon": null, "class": 2 }, "geometry": { "type": "Polygon", "coordinates": [ [ [ 51.79990650527423, 32.711445822943233, 0.0 ], [ 51.802347283728849, 32.706918301789578, 0.0 ], [ 51.808919913870113, 32.711151187276243, 0.0 ], [ 51.79990650527423, 32.711445822943233, 0.0 ] ] ] } },
{ "type": "Feature", "properties": { "Name": "Untitled Polygon", "description": null, "timestamp": null, "begin": null, "end": null, "altitudeMode": null, "tessellate": 1, "extrude": 0, "visibility": 0, "drawOrder": null, "icon": null, "class": 2 }, "geometry": { "type": "Polygon", "coordinates": [ [ [ 51.775660600460732, 32.710753449526408, 0.0 ], [ 51.778194549419297, 32.708262159896982, 0.0 ], [ 51.781067314228594, 32.713729394133907, 0.0 ], [ 51.775660600460732, 32.710753449526408, 0.0 ] ] ] } },
{ "type": "Feature", "properties": { "Name": "Untitled Polygon", "description": null, "timestamp": null, "begin": null, "end": null, "altitudeMode": null, "tessellate": 1, "extrude": 0, "visibility": 0, "drawOrder": null, "icon": null, "class": 2 }, "geometry": { "type": "Polygon", "coordinates": [ [ [ 51.76059873008667, 32.70846279926684, 0.0 ], [ 51.764571042769603, 32.703518209139517, 0.0 ], [ 51.767644156564607, 32.70860506817634, 0.0 ], [ 51.76059873008667, 32.70846279926684, 0.0 ] ] ] } },
{ "type": "Feature", "properties": { "Name": "Untitled Polygon", "description": null, "timestamp": null, "begin": null, "end": null, "altitudeMode": null, "tessellate": 1, "extrude": 0, "visibility": 0, "drawOrder": null, "icon": null, "class": 2 }, "geometry": { "type": "Polygon", "coordinates": [ [ [ 51.794915283223929, 32.708087718629102, 0.0 ], [ 51.796323623576548, 32.705077311962917, 0.0 ], [ 51.797788868165867, 32.708364484681752, 0.0 ], [ 51.794915283223929, 32.708087718629102, 0.0 ] ] ] } },
{ "type": "Feature", "properties": { "Name": "Untitled Polygon", "description": null, "timestamp": null, "begin": null, "end": null, "altitudeMode": null, "tessellate": 1, "extrude": 0, "visibility": 0, "drawOrder": null, "icon": null, "class": 2 }, "geometry": { "type": "Polygon", "coordinates": [ [ [ 51.799379991465607, 32.739489182235523, 0.0 ], [ 51.803146695025873, 32.734906959194603, 0.0 ], [ 51.805163806535312, 32.740601007754641, 0.0 ], [ 51.799379991465607, 32.739489182235523, 0.0 ] ] ] } },
{ "type": "Feature", "properties": { "Name": "Untitled Polygon", "description": null, "timestamp": null, "begin": null, "end": null, "altitudeMode": null, "tessellate": 1, "extrude": 0, "visibility": 0, "drawOrder": null, "icon": null, "class": 2 }, "geometry": { "type": "Polygon", "coordinates": [ [ [ 51.812668072960427, 32.740727977973037, 0.0 ], [ 51.815991835955451, 32.736158811624932, 0.0 ], [ 51.819105589182293, 32.741632891614593, 0.0 ], [ 51.812668072960427, 32.740727977973037, 0.0 ] ] ] } },
{ "type": "Feature", "properties": { "Name": "Untitled Polygon", "description": null, "timestamp": null, "begin": null, "end": null, "altitudeMode": null, "tessellate": 1, "extrude": 0, "visibility": 0, "drawOrder": null, "icon": null, "class": 2 }, "geometry": { "type": "Polygon", "coordinates": [ [ [ 51.811413103623302, 32.712738052491439, 0.0 ], [ 51.816379275480969, 32.710535711663951, 0.0 ], [ 51.817265001780903, 32.715512590187743, 0.0 ], [ 51.811413103623302, 32.712738052491439, 0.0 ] ] ] } },
{ "type": "Feature", "properties": { "Name": "Untitled Polygon", "description": null, "timestamp": null, "begin": null, "end": null, "altitudeMode": null, "tessellate": 1, "extrude": 0, "visibility": 0, "drawOrder": null, "icon": null, "class": 2 }, "geometry": { "type": "Polygon", "coordinates": [ [ [ 51.785062801725132, 32.699148472169433, 0.0 ], [ 51.787578670700107, 32.696289225890382, 0.0 ], [ 51.793644794259883, 32.699238279018942, 0.0 ], [ 51.785062801725132, 32.699148472169433, 0.0 ] ] ] } },
{ "type": "Feature", "properties": { "Name": "80", "description": null, "timestamp": null, "begin": null, "end": null, "altitudeMode": null, "tessellate": 1, "extrude": 0, "visibility": 0, "drawOrder": null, "icon": null, "class": 2 }, "geometry": { "type": "Polygon", "coordinates": [ [ [ 51.771380547896847, 32.703297078928621, 0.0 ], [ 51.776893879401847, 32.698488899328197, 0.0 ], [ 51.77859849974557, 32.702321554064952, 0.0 ], [ 51.771380547896847, 32.703297078928621, 0.0 ] ] ] } },
{ "type": "Feature", "properties": { "Name": "Untitled Polygon", "description": null, "timestamp": null, "begin": null, "end": null, "altitudeMode": null, "tessellate": 1, "extrude": 0, "visibility": 0, "drawOrder": null, "icon": null, "class": 2 }, "geometry": { "type": "Polygon", "coordinates": [ [ [ 51.74631557130138, 32.70191389494871, 0.0 ], [ 51.738846234906227, 32.688979289089737, 0.0 ], [ 51.74537944805472, 32.688946538326448, 0.0 ], [ 51.750204087525738, 32.698756253373787, 0.0 ], [ 51.74631557130138, 32.70191389494871, 0.0 ] ] ] } },
{ "type": "Feature", "properties": { "Name": "Untitled Polygon", "description": null, "timestamp": null, "begin": null, "end": null, "altitudeMode": null, "tessellate": 1, "extrude": 0, "visibility": 0, "drawOrder": null, "icon": null, "class": 2 }, "geometry": { "type": "Polygon", "coordinates": [ [ [ 51.727879389573367, 32.694665698252997, 0.0 ], [ 51.716552675652864, 32.690405847058457, 0.0 ], [ 51.726831613677618, 32.689010639931467, 0.0 ], [ 51.727879389573367, 32.694665698252997, 0.0 ] ] ] } },
{ "type": "Feature", "properties": { "Name": "Untitled Polygon", "description": null, "timestamp": null, "begin": null, "end": null, "altitudeMode": null, "tessellate": 1, "extrude": 0, "visibility": 0, "drawOrder": null, "icon": null, "class": 2 }, "geometry": { "type": "Polygon", "coordinates": [ [ [ 51.800716016846422, 32.699913554333037, 0.0 ], [ 51.79475476227708, 32.69366207964832, 0.0 ], [ 51.806175000005993, 32.69346694853914, 0.0 ], [ 51.800716016846422, 32.699913554333037, 0.0 ] ] ] } },
{ "type": "Feature", "properties": { "Name": "Untitled Polygon", "description": null, "timestamp": null, "begin": null, "end": null, "altitudeMode": null, "tessellate": 1, "extrude": 0, "visibility": 0, "drawOrder": null, "icon": null, "class": 2 }, "geometry": { "type": "Polygon", "coordinates": [ [ [ 51.802396154279727, 32.68894427620215, 0.0 ], [ 51.784438482758901, 32.677770146506028, 0.0 ], [ 51.804315428412622, 32.6788996023895, 0.0 ], [ 51.802396154279727, 32.68894427620215, 0.0 ] ] ] } },
{ "type": "Feature", "properties": { "Name": "Untitled Polygon", "description": null, "timestamp": null, "begin": null, "end": null, "altitudeMode": null, "tessellate": 1, "extrude": 0, "visibility": 0, "drawOrder": null, "icon": null, "class": 2 }, "geometry": { "type": "Polygon", "coordinates": [ [ [ 51.785380518647379, 32.686288685367892, 0.0 ], [ 51.779558695639523, 32.695234944747568, 0.0 ], [ 51.760301700966892, 32.688173097254207, 0.0 ], [ 51.785380518647379, 32.686288685367892, 0.0 ] ] ] } },
{ "type": "Feature", "properties": { "Name": "Untitled Polygon", "description": null, "timestamp": null, "begin": null, "end": null, "altitudeMode": null, "tessellate": 1, "extrude": 0, "visibility": 0, "drawOrder": null, "icon": null, "class": 2 }, "geometry": { "type": "Polygon", "coordinates": [ [ [ 51.756081765045273, 32.681358190769068, 0.0 ], [ 51.753630749275537, 32.691245923271303, 0.0 ], [ 51.741979583670528, 32.68252564351662, 0.0 ], [ 51.756081765045273, 32.681358190769068, 0.0 ] ] ] } },
{ "type": "Feature", "properties": { "Name": "Untitled Polygon", "description": null, "timestamp": null, "begin": null, "end": null, "altitudeMode": null, "tessellate": 1, "extrude": 0, "visibility": 0, "drawOrder": null, "icon": null, "class": 2 }, "geometry": { "type": "Polygon", "coordinates": [ [ [ 51.761099866280951, 32.673196439800677, 0.0 ], [ 51.762639307110788, 32.681858077782792, 0.0 ], [ 51.752032950183008, 32.672957245942193, 0.0 ], [ 51.761099866280951, 32.673196439800677, 0.0 ] ] ] } },
{ "type": "Feature", "properties": { "Name": "Untitled Polygon", "description": null, "timestamp": null, "begin": null, "end": null, "altitudeMode": null, "tessellate": 1, "extrude": 0, "visibility": 0, "drawOrder": null, "icon": null, "class": 2 }, "geometry": { "type": "Polygon", "coordinates": [ [ [ 51.778716465861777, 32.67688842258687, 0.0 ], [ 51.773897254400843, 32.684166579827988, 0.0 ], [ 51.769909597892109, 32.672023310363272, 0.0 ], [ 51.778716465861777, 32.67688842258687, 0.0 ] ] ] } },
{ "type": "Feature", "properties": { "Name": "Untitled Polygon", "description": null, "timestamp": null, "begin": null, "end": null, "altitudeMode": null, "tessellate": 1, "extrude": 0, "visibility": 0, "drawOrder": null, "icon": null, "class": 2 }, "geometry": { "type": "Polygon", "coordinates": [ [ [ 51.77131257393679, 32.669848861844883, 0.0 ], [ 51.7743730491771, 32.666913361580683, 0.0 ], [ 51.780512896413583, 32.673986683829327, 0.0 ], [ 51.77131257393679, 32.669848861844883, 0.0 ] ] ] } },
{ "type": "Feature", "properties": { "Name": "90", "description": null, "timestamp": null, "begin": null, "end": null, "altitudeMode": null, "tessellate": 1, "extrude": 0, "visibility": 0, "drawOrder": null, "icon": null, "class": 2 }, "geometry": { "type": "Polygon", "coordinates": [ [ [ 51.756635670274903, 32.699736402822623, 0.0 ], [ 51.760331084225953, 32.696036022391972, 0.0 ], [ 51.761084334376648, 32.699771354465938, 0.0 ], [ 51.756635670274903, 32.699736402822623, 0.0 ] ] ] } },
{ "type": "Feature", "properties": { "Name": "Untitled Polygon", "description": null, "timestamp": null, "begin": null, "end": null, "altitudeMode": null, "tessellate": 1, "extrude": 0, "visibility": 0, "drawOrder": null, "icon": null, "class": 2 }, "geometry": { "type": "Polygon", "coordinates": [ [ [ 51.743032909100663, 32.721222116285333, 0.0 ], [ 51.743384577969778, 32.71850335236217, 0.0 ], [ 51.746025804415687, 32.721848271327602, 0.0 ], [ 51.743032909100663, 32.721222116285333, 0.0 ] ] ] } },
{ "type": "Feature", "properties": { "Name": "Untitled Polygon", "description": null, "timestamp": null, "begin": null, "end": null, "altitudeMode": null, "tessellate": 1, "extrude": 0, "visibility": 0, "drawOrder": null, "icon": null, "class": 2 }, "geometry": { "type": "Polygon", "coordinates": [ [ [ 51.700157327357331, 32.724951113275239, 0.0 ], [ 51.702017271571847, 32.722000408968697, 0.0 ], [ 51.703376678879053, 32.726475576580633, 0.0 ], [ 51.700157327357331, 32.724951113275239, 0.0 ] ] ] } },
{ "type": "Feature", "properties": { "Name": "Untitled Polygon", "description": null, "timestamp": null, "begin": null, "end": null, "altitudeMode": null, "tessellate": 1, "extrude": 0, "visibility": 0, "drawOrder": null, "icon": null, "class": 2 }, "geometry": { "type": "Polygon", "coordinates": [ [ [ 51.706110563740907, 32.724760003504713, 0.0 ], [ 51.709471148557867, 32.722664666995037, 0.0 ], [ 51.709750476159861, 32.725908703135438, 0.0 ], [ 51.706110563740907, 32.724760003504713, 0.0 ] ] ] } },
{ "type": "Feature", "properties": { "Name": "Untitled Polygon", "description": null, "timestamp": null, "begin": null, "end": null, "altitudeMode": null, "tessellate": 1, "extrude": 0, "visibility": 0, "drawOrder": null, "icon": null, "class": 2 }, "geometry": { "type": "Polygon", "coordinates": [ [ [ 51.693066705376452, 32.707162393156977, 0.0 ], [ 51.695502304136262, 32.702605573672074, 0.0 ], [ 51.698310281330457, 32.705203791410241, 0.0 ], [ 51.693066705376452, 32.707162393156977, 0.0 ] ] ] } },
{ "type": "Feature", "properties": { "Name": "Untitled Polygon", "description": null, "timestamp": null, "begin": null, "end": null, "altitudeMode": null, "tessellate": 1, "extrude": 0, "visibility": 0, "drawOrder": null, "icon": null, "class": 2 }, "geometry": { "type": "Polygon", "coordinates": [ [ [ 51.686887752702788, 32.705028044779112, 0.0 ], [ 51.689976318729521, 32.701349782862053, 0.0 ], [ 51.691301935704928, 32.703633361045597, 0.0 ], [ 51.686887752702788, 32.705028044779112, 0.0 ] ] ] } },
{ "type": "Feature", "properties": { "Name": "Untitled Polygon", "description": null, "timestamp": null, "begin": null, "end": null, "altitudeMode": null, "tessellate": 1, "extrude": 0, "visibility": 0, "drawOrder": null, "icon": null, "class": 2 }, "geometry": { "type": "Polygon", "coordinates": [ [ [ 51.665106136615528, 32.712507750860183, 0.0 ], [ 51.666471285598931, 32.708351653304298, 0.0 ], [ 51.668668766040653, 32.711683108258242, 0.0 ], [ 51.665106136615528, 32.712507750860183, 0.0 ] ] ] } },
{ "type": "Feature", "properties": { "Name": "Untitled Polygon", "description": null, "timestamp": null, "begin": null, "end": null, "altitudeMode": null, "tessellate": 1, "extrude": 0, "visibility": 0, "drawOrder": null, "icon": null, "class": 2 }, "geometry": { "type": "Polygon", "coordinates": [ [ [ 51.63165130497471, 32.732639159481018, 0.0 ], [ 51.633845621132537, 32.726653496652077, 0.0 ], [ 51.636739357738861, 32.73265853542599, 0.0 ], [ 51.63165130497471, 32.732639159481018, 0.0 ] ] ] } },
{ "type": "Feature", "properties": { "Name": "Untitled Polygon", "description": null, "timestamp": null, "begin": null, "end": null, "altitudeMode": null, "tessellate": 1, "extrude": 0, "visibility": 0, "drawOrder": null, "icon": null, "class": 2 }, "geometry": { "type": "Polygon", "coordinates": [ [ [ 51.63749393655533, 32.728688584979643, 0.0 ], [ 51.638064149290379, 32.72598361603464, 0.0 ], [ 51.640461384257563, 32.728774462378389, 0.0 ], [ 51.63749393655533, 32.728688584979643, 0.0 ] ] ] } },
{ "type": "Feature", "properties": { "Name": "Untitled Polygon", "description": null, "timestamp": null, "begin": null, "end": null, "altitudeMode": null, "tessellate": 1, "extrude": 0, "visibility": 0, "drawOrder": null, "icon": null, "class": 2 }, "geometry": { "type": "Polygon", "coordinates": [ [ [ 51.583299823834061, 32.717128420148413, 0.0 ], [ 51.585513122354762, 32.712432861071569, 0.0 ], [ 51.588254474221053, 32.712526000446132, 0.0 ], [ 51.583299823834061, 32.717128420148413, 0.0 ] ] ] } },
{ "type": "Feature", "properties": { "Name": "100", "description": null, "timestamp": null, "begin": null, "end": null, "altitudeMode": null, "tessellate": 1, "extrude": 0, "visibility": 0, "drawOrder": null, "icon": null, "class": 2 }, "geometry": { "type": "Polygon", "coordinates": [ [ [ 51.576705613291473, 32.696590167065359, 0.0 ], [ 51.577863899730097, 32.692851576114499, 0.0 ], [ 51.579885955242091, 32.697726933723942, 0.0 ], [ 51.576705613291473, 32.696590167065359, 0.0 ] ] ] } },
{ "type": "Feature", "properties": { "Name": "Untitled Polygon", "description": null, "timestamp": null, "begin": null, "end": null, "altitudeMode": null, "tessellate": 1, "extrude": 0, "visibility": 0, "drawOrder": null, "icon": null, "class": 2 }, "geometry": { "type": "Polygon", "coordinates": [ [ [ 51.552069105396733, 32.71059915305959, 0.0 ], [ 51.55280117797907, 32.706330022786133, 0.0 ], [ 51.556627017353343, 32.707981103221051, 0.0 ], [ 51.552069105396733, 32.71059915305959, 0.0 ] ] ] } },
{ "type": "Feature", "properties": { "Name": "Untitled Polygon", "description": null, "timestamp": null, "begin": null, "end": null, "altitudeMode": null, "tessellate": 1, "extrude": 0, "visibility": 0, "drawOrder": null, "icon": null, "class": 2 }, "geometry": { "type": "Polygon", "coordinates": [ [ [ 51.556021939085888, 32.674721267445179, 0.0 ], [ 51.558854882593423, 32.670595480818903, 0.0 ], [ 51.559786970423971, 32.674254950638691, 0.0 ], [ 51.556021939085888, 32.674721267445179, 0.0 ] ] ] } },
{ "type": "Feature", "properties": { "Name": "Untitled Polygon", "description": null, "timestamp": null, "begin": null, "end": null, "altitudeMode": null, "tessellate": 1, "extrude": 0, "visibility": 0, "drawOrder": null, "icon": null, "class": 2 }, "geometry": { "type": "Polygon", "coordinates": [ [ [ 51.546731965371123, 32.699727748850229, 0.0 ], [ 51.546658581213642, 32.69672414623674, 0.0 ], [ 51.550926193700242, 32.69942196817609, 0.0 ], [ 51.546731965371123, 32.699727748850229, 0.0 ] ] ] } },
{ "type": "Feature", "properties": { "Name": "Untitled Polygon", "description": null, "timestamp": null, "begin": null, "end": null, "altitudeMode": null, "tessellate": 1, "extrude": 0, "visibility": 0, "drawOrder": null, "icon": null, "class": 2 }, "geometry": { "type": "Polygon", "coordinates": [ [ [ 51.782599200671527, 32.705565885300253, 0.0 ], [ 51.782475186906389, 32.701826105733097, 0.0 ], [ 51.78764070655717, 32.704688352848819, 0.0 ], [ 51.782599200671527, 32.705565885300253, 0.0 ] ] ] } },
{ "type": "Feature", "properties": { "Name": "Untitled Polygon", "description": null, "timestamp": null, "begin": null, "end": null, "altitudeMode": null, "tessellate": 1, "extrude": 0, "visibility": 0, "drawOrder": null, "icon": null, "class": 2 }, "geometry": { "type": "Polygon", "coordinates": [ [ [ 51.779555158614897, 32.683630516137427, 0.0 ], [ 51.780950636210783, 32.681284927927791, 0.0 ], [ 51.785002953032993, 32.682922044822533, 0.0 ], [ 51.779555158614897, 32.683630516137427, 0.0 ] ] ] } },
{ "type": "Feature", "properties": { "Name": "Untitled Polygon", "description": null, "timestamp": null, "begin": null, "end": null, "altitudeMode": null, "tessellate": 1, "extrude": 0, "visibility": 0, "drawOrder": null, "icon": null, "class": 2 }, "geometry": { "type": "Polygon", "coordinates": [ [ [ 51.752357834585389, 32.696752046700688, 0.0 ], [ 51.751436534628951, 32.693939139351357, 0.0 ], [ 51.755717677566842, 32.696288022182443, 0.0 ], [ 51.752357834585389, 32.696752046700688, 0.0 ] ] ] } },
{ "type": "Feature", "properties": { "Name": "Untitled Polygon", "description": null, "timestamp": null, "begin": null, "end": null, "altitudeMode": null, "tessellate": 1, "extrude": 0, "visibility": 0, "drawOrder": null, "icon": null, "class": 2 }, "geometry": { "type": "Polygon", "coordinates": [ [ [ 51.763865821819458, 32.715107427059642, 0.0 ], [ 51.76443672209286, 32.712942239897039, 0.0 ], [ 51.76725913759725, 32.715355626786987, 0.0 ], [ 51.763865821819458, 32.715107427059642, 0.0 ] ] ] } },
{ "type": "Feature", "properties": { "Name": "Untitled Polygon", "description": null, "timestamp": null, "begin": null, "end": null, "altitudeMode": null, "tessellate": 1, "extrude": 0, "visibility": 0, "drawOrder": null, "icon": null, "class": 2 }, "geometry": { "type": "Polygon", "coordinates": [ [ [ 51.76260661626246, 32.722855473825128, 0.0 ], [ 51.766087633213367, 32.718435375955863, 0.0 ], [ 51.770024213738822, 32.722612716358633, 0.0 ], [ 51.76260661626246, 32.722855473825128, 0.0 ] ] ] } },
{ "type": "Feature", "properties": { "Name": "Untitled Polygon", "description": null, "timestamp": null, "begin": null, "end": null, "altitudeMode": null, "tessellate": 1, "extrude": 0, "visibility": 0, "drawOrder": null, "icon": null, "class": 2 }, "geometry": { "type": "Polygon", "coordinates": [ [ [ 51.757291005233832, 32.729673802441702, 0.0 ], [ 51.759967717037682, 32.726891322097323, 0.0 ], [ 51.761785709007732, 32.73096758467485, 0.0 ], [ 51.757291005233832, 32.729673802441702, 0.0 ] ] ] } },
{ "type": "Feature", "properties": { "Name": "110", "description": null, "timestamp": null, "begin": null, "end": null, "altitudeMode": null, "tessellate": 1, "extrude": 0, "visibility": 0, "drawOrder": null, "icon": null, "class": 2 }, "geometry": { "type": "Polygon", "coordinates": [ [ [ 51.795805815343982, 32.732794486499117, 0.0 ], [ 51.799194140301651, 32.732323083695491, 0.0 ], [ 51.795707071310993, 32.736951580250683, 0.0 ], [ 51.795805815343982, 32.732794486499117, 0.0 ] ] ] } },
{ "type": "Feature", "properties": { "Name": "Untitled Polygon", "description": null, "timestamp": null, "begin": null, "end": null, "altitudeMode": null, "tessellate": 1, "extrude": 0, "visibility": 0, "drawOrder": null, "icon": null, "class": 2 }, "geometry": { "type": "Polygon", "coordinates": [ [ [ 51.800478000028143, 32.703583043235717, 0.0 ], [ 51.807165341116388, 32.700320966476617, 0.0 ], [ 51.809464062095962, 32.707053644937083, 0.0 ], [ 51.800478000028143, 32.703583043235717, 0.0 ] ] ] } },
{ "type": "Feature", "properties": { "Name": "Untitled Polygon", "description": null, "timestamp": null, "begin": null, "end": null, "altitudeMode": null, "tessellate": 1, "extrude": 0, "visibility": 0, "drawOrder": null, "icon": null, "class": 2 }, "geometry": { "type": "Polygon", "coordinates": [ [ [ 51.796304348318237, 32.672765623202373, 0.0 ], [ 51.801244331979561, 32.66761224630671, 0.0 ], [ 51.804561308045152, 32.67338742095906, 0.0 ], [ 51.796304348318237, 32.672765623202373, 0.0 ] ] ] } },
{ "type": "Feature", "properties": { "Name": "Untitled Polygon", "description": null, "timestamp": null, "begin": null, "end": null, "altitudeMode": null, "tessellate": 1, "extrude": 0, "visibility": 0, "drawOrder": null, "icon": null, "class": 2 }, "geometry": { "type": "Polygon", "coordinates": [ [ [ 51.786057614358079, 32.673275156435423, 0.0 ], [ 51.79123598554505, 32.668980273642063, 0.0 ], [ 51.793090588134291, 32.674479087823023, 0.0 ], [ 51.786057614358079, 32.673275156435423, 0.0 ] ] ] } },
{ "type": "Feature", "properties": { "Name": "Untitled Polygon", "description": null, "timestamp": null, "begin": null, "end": null, "altitudeMode": null, "tessellate": 1, "extrude": 0, "visibility": 0, "drawOrder": null, "icon": null, "class": 2 }, "geometry": { "type": "Polygon", "coordinates": [ [ [ 51.806709920945792, 32.676187637790889, 0.0 ], [ 51.812302273926747, 32.67223508410116, 0.0 ], [ 51.812667543501682, 32.676708732997668, 0.0 ], [ 51.806709920945792, 32.676187637790889, 0.0 ] ] ] } },
{ "type": "Feature", "properties": { "Name": "Untitled Polygon", "description": null, "timestamp": null, "begin": null, "end": null, "altitudeMode": null, "tessellate": 1, "extrude": 0, "visibility": 0, "drawOrder": null, "icon": null, "class": 2 }, "geometry": { "type": "Polygon", "coordinates": [ [ [ 51.805513990854287, 32.685404999744833, 0.0 ], [ 51.807516403285483, 32.68155626884267, 0.0 ], [ 51.809842977640592, 32.687784479002111, 0.0 ], [ 51.805513990854287, 32.685404999744833, 0.0 ] ] ] } },
{ "type": "Feature", "properties": { "Name": "Untitled Polygon", "description": null, "timestamp": null, "begin": null, "end": null, "altitudeMode": null, "tessellate": 1, "extrude": 0, "visibility": 0, "drawOrder": null, "icon": null, "class": 2 }, "geometry": { "type": "Polygon", "coordinates": [ [ [ 51.769752910597873, 32.659252212626143, 0.0 ], [ 51.772381763451151, 32.654682121446861, 0.0 ], [ 51.774587073405002, 32.657837840637413, 0.0 ], [ 51.769752910597873, 32.659252212626143, 0.0 ] ] ] } },
{ "type": "Feature", "properties": { "Name": "Untitled Polygon", "description": null, "timestamp": null, "begin": null, "end": null, "altitudeMode": null, "tessellate": 1, "extrude": 0, "visibility": 0, "drawOrder": null, "icon": null, "class": 2 }, "geometry": { "type": "Polygon", "coordinates": [ [ [ 51.766858672395749, 32.669775275116493, 0.0 ], [ 51.770281292773859, 32.663006089592329, 0.0 ], [ 51.771212571856793, 32.666032925760817, 0.0 ], [ 51.766858672395749, 32.669775275116493, 0.0 ] ] ] } },
{ "type": "Feature", "properties": { "Name": "Untitled Polygon", "description": null, "timestamp": null, "begin": null, "end": null, "altitudeMode": null, "tessellate": 1, "extrude": 0, "visibility": 0, "drawOrder": null, "icon": null, "class": 2 }, "geometry": { "type": "Polygon", "coordinates": [ [ [ 51.709936402367852, 32.644197451116518, 0.0 ], [ 51.71242245481298, 32.641800716478848, 0.0 ], [ 51.71436644510765, 32.643518598211379, 0.0 ], [ 51.709936402367852, 32.644197451116518, 0.0 ] ] ] } },
{ "type": "Feature", "properties": { "Name": "Untitled Polygon", "description": null, "timestamp": null, "begin": null, "end": null, "altitudeMode": null, "tessellate": 1, "extrude": 0, "visibility": 0, "drawOrder": null, "icon": null, "class": 2 }, "geometry": { "type": "Polygon", "coordinates": [ [ [ 51.729512931297833, 32.665750884922083, 0.0 ], [ 51.735414878833268, 32.664844625670739, 0.0 ], [ 51.742261539344902, 32.667139370915841, 0.0 ], [ 51.729512931297833, 32.665750884922083, 0.0 ] ] ] } },
{ "type": "Feature", "properties": { "Name": "120", "description": null, "timestamp": null, "begin": null, "end": null, "altitudeMode": null, "tessellate": 1, "extrude": 0, "visibility": 0, "drawOrder": null, "icon": null, "class": 2 }, "geometry": { "type": "Polygon", "coordinates": [ [ [ 51.745442012053722, 32.667217194306353, 0.0 ], [ 51.748574413797947, 32.665678654766147, 0.0 ], [ 51.749763573453883, 32.670139190245841, 0.0 ], [ 51.745442012053722, 32.667217194306353, 0.0 ] ] ] } },
{ "type": "Feature", "properties": { "Name": "Untitled Polygon", "description": null, "timestamp": null, "begin": null, "end": null, "altitudeMode": null, "tessellate": 1, "extrude": 0, "visibility": 0, "drawOrder": null, "icon": null, "class": 2 }, "geometry": { "type": "Polygon", "coordinates": [ [ [ 51.735013141252431, 32.680885379481403, 0.0 ], [ 51.740247031481658, 32.678190107650607, 0.0 ], [ 51.741164677885713, 32.680506657214103, 0.0 ], [ 51.735013141252431, 32.680885379481403, 0.0 ] ] ] } },
{ "type": "Feature", "properties": { "Name": "Untitled Polygon", "description": null, "timestamp": null, "begin": null, "end": null, "altitudeMode": null, "tessellate": 1, "extrude": 0, "visibility": 0, "drawOrder": null, "icon": null, "class": 2 }, "geometry": { "type": "Polygon", "coordinates": [ [ [ 51.726844138096261, 32.637425242688643, 0.0 ], [ 51.732244879452892, 32.634407639677299, 0.0 ], [ 51.734092533572237, 32.640037056525557, 0.0 ], [ 51.726844138096261, 32.637425242688643, 0.0 ] ] ] } },
{ "type": "Feature", "properties": { "Name": "Untitled Polygon", "description": null, "timestamp": null, "begin": null, "end": null, "altitudeMode": null, "tessellate": 1, "extrude": 0, "visibility": 0, "drawOrder": null, "icon": null, "class": 2 }, "geometry": { "type": "Polygon", "coordinates": [ [ [ 51.742138035811543, 32.641202110488308, 0.0 ], [ 51.743886271374599, 32.636521010239207, 0.0 ], [ 51.748641006212473, 32.640102265599843, 0.0 ], [ 51.742138035811543, 32.641202110488308, 0.0 ] ] ] } },
{ "type": "Feature", "properties": { "Name": "Untitled Polygon", "description": null, "timestamp": null, "begin": null, "end": null, "altitudeMode": null, "tessellate": 1, "extrude": 0, "visibility": 0, "drawOrder": null, "icon": null, "class": 2 }, "geometry": { "type": "Polygon", "coordinates": [ [ [ 51.75114444330039, 32.639309834577297, 0.0 ], [ 51.75608182422998, 32.635593354014631, 0.0 ], [ 51.760525067100261, 32.642389723199408, 0.0 ], [ 51.75114444330039, 32.639309834577297, 0.0 ] ] ] } },
{ "type": "Feature", "properties": { "Name": "Untitled Polygon", "description": null, "timestamp": null, "begin": null, "end": null, "altitudeMode": null, "tessellate": 1, "extrude": 0, "visibility": 0, "drawOrder": null, "icon": null, "class": 2 }, "geometry": { "type": "Polygon", "coordinates": [ [ [ 51.7362849331249, 32.63552118736829, 0.0 ], [ 51.740772795011331, 32.631114873602257, 0.0 ], [ 51.741518596404028, 32.634642404297189, 0.0 ], [ 51.7362849331249, 32.63552118736829, 0.0 ] ] ] } },
{ "type": "Feature", "properties": { "Name": "Untitled Polygon", "description": null, "timestamp": null, "begin": null, "end": null, "altitudeMode": null, "tessellate": 1, "extrude": 0, "visibility": 0, "drawOrder": null, "icon": null, "class": 2 }, "geometry": { "type": "Polygon", "coordinates": [ [ [ 51.774074597170163, 32.659869802746137, 0.0 ], [ 51.780427848051637, 32.657552482010743, 0.0 ], [ 51.787639683952897, 32.668936733279267, 0.0 ], [ 51.774074597170163, 32.659869802746137, 0.0 ] ] ] } },
{ "type": "Feature", "properties": { "Name": "Untitled Polygon", "description": null, "timestamp": null, "begin": null, "end": null, "altitudeMode": null, "tessellate": 1, "extrude": 0, "visibility": 0, "drawOrder": null, "icon": null, "class": 2 }, "geometry": { "type": "Polygon", "coordinates": [ [ [ 51.809780597581863, 32.669067960541128, 0.0 ], [ 51.81495246414061, 32.662983583325023, 0.0 ], [ 51.818236168835469, 32.669006286325917, 0.0 ], [ 51.809780597581863, 32.669067960541128, 0.0 ] ] ] } },
{ "type": "Feature", "properties": { "Name": "Untitled Polygon", "description": null, "timestamp": null, "begin": null, "end": null, "altitudeMode": null, "tessellate": 1, "extrude": 0, "visibility": 0, "drawOrder": null, "icon": null, "class": 2 }, "geometry": { "type": "Polygon", "coordinates": [ [ [ 51.744029052016373, 32.626859004043197, 0.0 ], [ 51.748483098211651, 32.620880379899333, 0.0 ], [ 51.752202958410138, 32.627640250102168, 0.0 ], [ 51.744029052016373, 32.626859004043197, 0.0 ] ] ] } },
{ "type": "Feature", "properties": { "Name": "Untitled Polygon", "description": null, "timestamp": null, "begin": null, "end": null, "altitudeMode": null, "tessellate": 1, "extrude": 0, "visibility": 0, "drawOrder": null, "icon": null, "class": 2 }, "geometry": { "type": "Polygon", "coordinates": [ [ [ 51.745361761413569, 32.616820427621597, 0.0 ], [ 51.75124549906797, 32.609772629721562, 0.0 ], [ 51.755677341165978, 32.615862528680317, 0.0 ], [ 51.745361761413569, 32.616820427621597, 0.0 ] ] ] } },
{ "type": "Feature", "properties": { "Name": "130", "description": null, "timestamp": null, "begin": null, "end": null, "altitudeMode": null, "tessellate": 1, "extrude": 0, "visibility": 0, "drawOrder": null, "icon": null, "class": 2 }, "geometry": { "type": "Polygon", "coordinates": [ [ [ 51.747045328066953, 32.541045934140172, 0.0 ], [ 51.748512836616882, 32.535099101890481, 0.0 ], [ 51.753305409668393, 32.539216851816278, 0.0 ], [ 51.747045328066953, 32.541045934140172, 0.0 ] ] ] } },
{ "type": "Feature", "properties": { "Name": "Untitled Polygon", "description": null, "timestamp": null, "begin": null, "end": null, "altitudeMode": null, "tessellate": 1, "extrude": 0, "visibility": 0, "drawOrder": null, "icon": null, "class": 2 }, "geometry": { "type": "Polygon", "coordinates": [ [ [ 51.754346308879107, 32.588976232729877, 0.0 ], [ 51.759753485860038, 32.583234935410218, 0.0 ], [ 51.762842509847623, 32.592624762356166, 0.0 ], [ 51.754346308879107, 32.588976232729877, 0.0 ] ] ] } },
{ "type": "Feature", "properties": { "Name": "Untitled Polygon", "description": null, "timestamp": null, "begin": null, "end": null, "altitudeMode": null, "tessellate": 1, "extrude": 0, "visibility": 0, "drawOrder": null, "icon": null, "class": 2 }, "geometry": { "type": "Polygon", "coordinates": [ [ [ 51.737074695281152, 32.526417944510023, 0.0 ], [ 51.736763082193058, 32.550270069979021, 0.0 ], [ 51.715020924976443, 32.531632829349071, 0.0 ], [ 51.737074695281152, 32.526417944510023, 0.0 ] ] ] } },
{ "type": "Feature", "properties": { "Name": "Untitled Polygon", "description": null, "timestamp": null, "begin": null, "end": null, "altitudeMode": null, "tessellate": 1, "extrude": 0, "visibility": 0, "drawOrder": null, "icon": null, "class": 2 }, "geometry": { "type": "Polygon", "coordinates": [ [ [ 51.743048660729833, 32.554195013602943, 0.0 ], [ 51.787111291228634, 32.530335729310927, 0.0 ], [ 51.764809185352291, 32.563831056392303, 0.0 ], [ 51.743048660729833, 32.554195013602943, 0.0 ] ] ] } },
{ "type": "Feature", "properties": { "Name": "Untitled Polygon", "description": null, "timestamp": null, "begin": null, "end": null, "altitudeMode": null, "tessellate": 1, "extrude": 0, "visibility": 0, "drawOrder": null, "icon": null, "class": 2 }, "geometry": { "type": "Polygon", "coordinates": [ [ [ 51.740834872239688, 32.523405680264339, 0.0 ], [ 51.748388796924239, 32.521715938390827, 0.0 ], [ 51.758832208313812, 32.539399156357277, 0.0 ], [ 51.740834872239688, 32.523405680264339, 0.0 ] ] ] } },
{ "type": "Feature", "properties": { "Name": "Untitled Polygon", "description": null, "timestamp": null, "begin": null, "end": null, "altitudeMode": null, "tessellate": 1, "extrude": 0, "visibility": 0, "drawOrder": null, "icon": null, "class": 2 }, "geometry": { "type": "Polygon", "coordinates": [ [ [ 51.760002136456613, 32.537700448543013, 0.0 ], [ 51.752823107772393, 32.522192819279077, 0.0 ], [ 51.76448629019302, 32.518924350437992, 0.0 ], [ 51.77507031850709, 32.51982051585528, 0.0 ], [ 51.783745511873569, 32.522018202300153, 0.0 ], [ 51.760002136456613, 32.537700448543013, 0.0 ] ] ] } },
{ "type": "Feature", "properties": { "Name": "Untitled Polygon", "description": null, "timestamp": null, "begin": null, "end": null, "altitudeMode": null, "tessellate": 1, "extrude": 0, "visibility": 0, "drawOrder": null, "icon": null, "class": 2 }, "geometry": { "type": "Polygon", "coordinates": [ [ [ 51.766580718728576, 32.568259478243853, 0.0 ], [ 51.79069907599856, 32.53447704612234, 0.0 ], [ 51.797435532657481, 32.561758361065827, 0.0 ], [ 51.766580718728576, 32.568259478243853, 0.0 ] ] ] } },
{ "type": "Feature", "properties": { "Name": "Untitled Polygon", "description": null, "timestamp": null, "begin": null, "end": null, "altitudeMode": null, "tessellate": 1, "extrude": 0, "visibility": 0, "drawOrder": null, "icon": null, "class": 2 }, "geometry": { "type": "Polygon", "coordinates": [ [ [ 51.79925169766463, 32.535975443610148, 0.0 ], [ 51.792553588141899, 32.525681425759487, 0.0 ], [ 51.811263597989509, 32.512909965472453, 0.0 ], [ 51.818339435699933, 32.527778949025503, 0.0 ], [ 51.79925169766463, 32.535975443610148, 0.0 ] ] ] } },
{ "type": "Feature", "properties": { "Name": "Untitled Polygon", "description": null, "timestamp": null, "begin": null, "end": null, "altitudeMode": null, "tessellate": 1, "extrude": 0, "visibility": 0, "drawOrder": null, "icon": null, "class": 2 }, "geometry": { "type": "Polygon", "coordinates": [ [ [ 51.834596149171688, 32.521632209196497, 0.0 ], [ 51.828560083188378, 32.504558078308889, 0.0 ], [ 51.868300326474397, 32.502409237478787, 0.0 ], [ 51.858101130688929, 32.520012369673061, 0.0 ], [ 51.834596149171688, 32.521632209196497, 0.0 ] ] ] } },
{ "type": "Feature", "properties": { "Name": "Untitled Polygon", "description": null, "timestamp": null, "begin": null, "end": null, "altitudeMode": null, "tessellate": 1, "extrude": 0, "visibility": 0, "drawOrder": null, "icon": null, "class": 2 }, "geometry": { "type": "Polygon", "coordinates": [ [ [ 51.85733505043634, 32.544550246409763, 0.0 ], [ 51.846466386704201, 32.52773769125119, 0.0 ], [ 51.909717652195347, 32.50979147280421, 0.0 ], [ 51.919059970279129, 32.534307939246553, 0.0 ], [ 51.85733505043634, 32.544550246409763, 0.0 ] ] ] } },
{ "type": "Feature", "properties": { "Name": "140", "description": null, "timestamp": null, "begin": null, "end": null, "altitudeMode": null, "tessellate": 1, "extrude": 0, "visibility": 0, "drawOrder": null, "icon": null, "class": 2 }, "geometry": { "type": "Polygon", "coordinates": [ [ [ 51.929178622729737, 32.533968661235861, 0.0 ], [ 51.929039865461043, 32.518720731100842, 0.0 ], [ 51.92949782090718, 32.517871427672091, 0.0 ], [ 51.92971815438505, 32.517238716019939, 0.0 ], [ 51.948601770648317, 32.531641463910837, 0.0 ], [ 51.929178622729737, 32.533968661235861, 0.0 ] ] ] } },
{ "type": "Feature", "properties": { "Name": "Untitled Polygon", "description": null, "timestamp": null, "begin": null, "end": null, "altitudeMode": null, "tessellate": 1, "extrude": 0, "visibility": 0, "drawOrder": null, "icon": null, "class": 2 }, "geometry": { "type": "Polygon", "coordinates": [ [ [ 51.924363113327082, 32.512836865747843, 0.0 ], [ 51.916564687676903, 32.521225145728252, 0.0 ], [ 51.914871161952412, 32.509410882475549, 0.0 ], [ 51.924363113327082, 32.512836865747843, 0.0 ] ] ] } },
{ "type": "Feature", "properties": { "Name": "Untitled Polygon", "description": null, "timestamp": null, "begin": null, "end": null, "altitudeMode": null, "tessellate": 1, "extrude": 0, "visibility": 0, "drawOrder": null, "icon": null, "class": 2 }, "geometry": { "type": "Polygon", "coordinates": [ [ [ 51.924899782312387, 32.501805998932291, 0.0 ], [ 51.986663907767763, 32.502204759111493, 0.0 ], [ 51.988599876872513, 32.540356473508652, 0.0 ], [ 51.924899782312387, 32.501805998932291, 0.0 ] ] ] } },
{ "type": "Feature", "properties": { "Name": "Untitled Polygon", "description": null, "timestamp": null, "begin": null, "end": null, "altitudeMode": null, "tessellate": 1, "extrude": 0, "visibility": 0, "drawOrder": null, "icon": null, "class": 2 }, "geometry": { "type": "Polygon", "coordinates": [ [ [ 51.86170701084086, 32.579962886793624, 0.0 ], [ 51.849379910550113, 32.561151340698927, 0.0 ], [ 51.861456661826857, 32.551390583020797, 0.0 ], [ 51.879030915307219, 32.571852886533719, 0.0 ], [ 51.86170701084086, 32.579962886793624, 0.0 ] ] ] } },
{ "type": "Feature", "properties": { "Name": "Untitled Polygon", "description": null, "timestamp": null, "begin": null, "end": null, "altitudeMode": null, "tessellate": 1, "extrude": 0, "visibility": 0, "drawOrder": null, "icon": null, "class": 2 }, "geometry": { "type": "Polygon", "coordinates": [ [ [ 51.890821760762087, 32.585704788964563, 0.0 ], [ 51.882738542639629, 32.580311372508113, 0.0 ], [ 51.896064456388579, 32.579236833471079, 0.0 ], [ 51.899144165334242, 32.582697840119756, 0.0 ], [ 51.890821760762087, 32.585704788964563, 0.0 ] ] ] } },
{ "type": "Feature", "properties": { "Name": "Untitled Polygon", "description": null, "timestamp": null, "begin": null, "end": null, "altitudeMode": null, "tessellate": 1, "extrude": 0, "visibility": 0, "drawOrder": null, "icon": null, "class": 2 }, "geometry": { "type": "Polygon", "coordinates": [ [ [ 51.910965829815467, 32.581043640204278, 0.0 ], [ 51.903818384099608, 32.574370681304991, 0.0 ], [ 51.921059663385392, 32.572746552097932, 0.0 ], [ 51.926179439701997, 32.577598678024152, 0.0 ], [ 51.910965829815467, 32.581043640204278, 0.0 ] ] ] } },
{ "type": "Feature", "properties": { "Name": "Untitled Polygon", "description": null, "timestamp": null, "begin": null, "end": null, "altitudeMode": null, "tessellate": 1, "extrude": 0, "visibility": 0, "drawOrder": null, "icon": null, "class": 2 }, "geometry": { "type": "Polygon", "coordinates": [ [ [ 51.887398455211716, 32.570737038058233, 0.0 ], [ 51.874279963984222, 32.552211396524918, 0.0 ], [ 51.889977644868551, 32.550234191618387, 0.0 ], [ 51.893727669305463, 32.567810070975703, 0.0 ], [ 51.887398455211716, 32.570737038058233, 0.0 ] ] ] } },
{ "type": "Feature", "properties": { "Name": "Untitled Polygon", "description": null, "timestamp": null, "begin": null, "end": null, "altitudeMode": null, "tessellate": 1, "extrude": 0, "visibility": 0, "drawOrder": null, "icon": null, "class": 2 }, "geometry": { "type": "Polygon", "coordinates": [ [ [ 51.903666839355203, 32.569775392299547, 0.0 ], [ 51.896485897766773, 32.546073573877301, 0.0 ], [ 51.922839090003713, 32.546849918453297, 0.0 ], [ 51.946604162913339, 32.556441437037627, 0.0 ], [ 51.903666839355203, 32.569775392299547, 0.0 ] ] ] } },
{ "type": "Feature", "properties": { "Name": "Untitled Polygon", "description": null, "timestamp": null, "begin": null, "end": null, "altitudeMode": null, "tessellate": 1, "extrude": 0, "visibility": 0, "drawOrder": null, "icon": null, "class": 2 }, "geometry": { "type": "Polygon", "coordinates": [ [ [ 51.955270171771943, 32.557398288312868, 0.0 ], [ 51.948957067983223, 32.54161379113679, 0.0 ], [ 51.99150311903022, 32.567434286874189, 0.0 ], [ 51.96947710496201, 32.572156222409482, 0.0 ], [ 51.955270171771943, 32.557398288312868, 0.0 ] ] ] } },
{ "type": "Feature", "properties": { "Name": "Untitled Polygon", "description": null, "timestamp": null, "begin": null, "end": null, "altitudeMode": null, "tessellate": 1, "extrude": 0, "visibility": 0, "drawOrder": null, "icon": null, "class": 2 }, "geometry": { "type": "Polygon", "coordinates": [ [ [ 51.98836511593499, 32.542763275741308, 0.0 ], [ 51.98411436928545, 32.557252484873622, 0.0 ], [ 51.955607350016336, 32.536003909202861, 0.0 ], [ 51.98836511593499, 32.542763275741308, 0.0 ] ] ] } },
{ "type": "Feature", "properties": { "Name": "150", "description": null, "timestamp": null, "begin": null, "end": null, "altitudeMode": null, "tessellate": 1, "extrude": 0, "visibility": 0, "drawOrder": null, "icon": null, "class": 2 }, "geometry": { "type": "Polygon", "coordinates": [ [ [ 51.937582389518752, 32.578261922791953, 0.0 ], [ 51.932963647123231, 32.567329351664227, 0.0 ], [ 51.932947873107452, 32.566912165617239, 0.0 ], [ 51.955274408923401, 32.563443744209877, 0.0 ], [ 51.958969153910601, 32.575024582393887, 0.0 ], [ 51.937582389518752, 32.578261922791953, 0.0 ] ] ] } },
{ "type": "Feature", "properties": { "Name": "Untitled Polygon", "description": null, "timestamp": null, "begin": null, "end": null, "altitudeMode": null, "tessellate": 1, "extrude": 0, "visibility": 0, "drawOrder": null, "icon": null, "class": 2 }, "geometry": { "type": "Polygon", "coordinates": [ [ [ 51.847812311651118, 32.619213253740533, 0.0 ], [ 51.846986508912963, 32.610015715471476, 0.0 ], [ 51.850174269400959, 32.603544694182823, 0.0 ], [ 51.849018526416117, 32.598285988292012, 0.0 ], [ 51.849676242934137, 32.591042968261398, 0.0 ], [ 51.848684433197683, 32.584398077166988, 0.0 ], [ 51.853842044118252, 32.583875674491438, 0.0 ], [ 51.863962425126509, 32.588636882305487, 0.0 ], [ 51.873501219544607, 32.593954639793978, 0.0 ], [ 51.876080899966738, 32.596513693802457, 0.0 ], [ 51.881397298615362, 32.599513511405682, 0.0 ], [ 51.882296029397999, 32.601603241275683, 0.0 ], [ 51.882582657038519, 32.604245604434567, 0.0 ], [ 51.881787091856459, 32.60568738985193, 0.0 ], [ 51.879301879028539, 32.606654918117009, 0.0 ], [ 51.87785721608924, 32.607411048828702, 0.0 ], [ 51.87559925882595, 32.609079996540729, 0.0 ], [ 51.87419665671954, 32.611430656262968, 0.0 ], [ 51.87215495608784, 32.613449440156948, 0.0 ], [ 51.869711281595158, 32.616193147002903, 0.0 ], [ 51.865980354367522, 32.617915314857413, 0.0 ], [ 51.860764363707347, 32.618617940615792, 0.0 ], [ 51.857417514464217, 32.618726653194891, 0.0 ], [ 51.849478909271483, 32.618982106886357, 0.0 ], [ 51.847812311651118, 32.619213253740533, 0.0 ] ] ] } },
{ "type": "Feature", "properties": { "Name": "Untitled Polygon", "description": null, "timestamp": null, "begin": null, "end": null, "altitudeMode": null, "tessellate": 1, "extrude": 0, "visibility": 0, "drawOrder": null, "icon": null, "class": 2 }, "geometry": { "type": "Polygon", "coordinates": [ [ [ 51.86384722051568, 32.65837380732227, 0.0 ], [ 51.867099704576361, 32.654359608549427, 0.0 ], [ 51.883818745599029, 32.651495316834158, 0.0 ], [ 51.880537172949111, 32.661731331909088, 0.0 ], [ 51.86384722051568, 32.65837380732227, 0.0 ] ] ] } },
{ "type": "Feature", "properties": { "Name": "Untitled Polygon", "description": null, "timestamp": null, "begin": null, "end": null, "altitudeMode": null, "tessellate": 1, "extrude": 0, "visibility": 0, "drawOrder": null, "icon": null, "class": 2 }, "geometry": { "type": "Polygon", "coordinates": [ [ [ 51.884730247096108, 32.661414244400142, 0.0 ], [ 51.889870281248143, 32.650407120640381, 0.0 ], [ 51.89509317218662, 32.663561711176307, 0.0 ], [ 51.884730247096108, 32.661414244400142, 0.0 ] ] ] } },
{ "type": "Feature", "properties": { "Name": "Untitled Polygon", "description": null, "timestamp": null, "begin": null, "end": null, "altitudeMode": null, "tessellate": 1, "extrude": 0, "visibility": 0, "drawOrder": null, "icon": null, "class": 2 }, "geometry": { "type": "Polygon", "coordinates": [ [ [ 51.899449520482491, 32.661815545648587, 0.0 ], [ 51.897018229624109, 32.650877556735161, 0.0 ], [ 51.910058492116498, 32.645479391484223, 0.0 ], [ 51.911927080590928, 32.657660656961617, 0.0 ], [ 51.899449520482491, 32.661815545648587, 0.0 ] ] ] } },
{ "type": "Feature", "properties": { "Name": "Untitled Polygon", "description": null, "timestamp": null, "begin": null, "end": null, "altitudeMode": null, "tessellate": 1, "extrude": 0, "visibility": 0, "drawOrder": null, "icon": null, "class": 2 }, "geometry": { "type": "Polygon", "coordinates": [ [ [ 51.851703964741979, 32.703714336378013, 0.0 ], [ 51.848945675184218, 32.711089461122903, 0.0 ], [ 51.834485576749998, 32.712274959963693, 0.0 ], [ 51.851703964741979, 32.703714336378013, 0.0 ] ] ] } },
{ "type": "Feature", "properties": { "Name": "Untitled Polygon", "description": null, "timestamp": null, "begin": null, "end": null, "altitudeMode": null, "tessellate": 1, "extrude": 0, "visibility": 0, "drawOrder": null, "icon": null, "class": 2 }, "geometry": { "type": "Polygon", "coordinates": [ [ [ 51.859684766804207, 32.704518341964473, 0.0 ], [ 51.854384472597737, 32.702387398865788, 0.0 ], [ 51.859878323395087, 32.696896558907447, 0.0 ], [ 51.859684766804207, 32.704518341964473, 0.0 ] ] ] } },
{ "type": "Feature", "properties": { "Name": "Untitled Polygon", "description": null, "timestamp": null, "begin": null, "end": null, "altitudeMode": null, "tessellate": 1, "extrude": 0, "visibility": 0, "drawOrder": null, "icon": null, "class": 2 }, "geometry": { "type": "Polygon", "coordinates": [ [ [ 51.872924617760788, 32.692224168123438, 0.0 ], [ 51.874571904366043, 32.678604225241209, 0.0 ], [ 51.884509858653729, 32.682143497894849, 0.0 ], [ 51.872924617760788, 32.692224168123438, 0.0 ] ] ] } },
{ "type": "Feature", "properties": { "Name": "Untitled Polygon", "description": null, "timestamp": null, "begin": null, "end": null, "altitudeMode": null, "tessellate": 1, "extrude": 0, "visibility": 0, "drawOrder": null, "icon": null, "class": 2 }, "geometry": { "type": "Polygon", "coordinates": [ [ [ 51.84986952244433, 32.624857859951163, 0.0 ], [ 51.867557437532177, 32.630971260109668, 0.0 ], [ 51.846975939466127, 32.641182785435568, 0.0 ], [ 51.84986952244433, 32.624857859951163, 0.0 ] ] ] } },
{ "type": "Feature", "properties": { "Name": "Untitled Polygon", "description": null, "timestamp": null, "begin": null, "end": null, "altitudeMode": null, "tessellate": 1, "extrude": 0, "visibility": 0, "drawOrder": null, "icon": null, "class": 2 }, "geometry": { "type": "Polygon", "coordinates": [ [ [ 51.840871605040007, 32.557510226150377, 0.0 ], [ 51.832795179714331, 32.544426792455511, 0.0 ], [ 51.837395166157663, 32.533823959421753, 0.0 ], [ 51.850631576420447, 32.544907206727373, 0.0 ], [ 51.840871605040007, 32.557510226150377, 0.0 ] ] ] } },
{ "type": "Feature", "properties": { "Name": "160", "description": null, "timestamp": null, "begin": null, "end": null, "altitudeMode": null, "tessellate": 1, "extrude": 0, "visibility": 0, "drawOrder": null, "icon": null, "class": 2 }, "geometry": { "type": "Polygon", "coordinates": [ [ [ 51.864849773574313, 32.719301756021792, 0.0 ], [ 51.866799386820126, 32.714921855073733, 0.0 ], [ 51.869523853675787, 32.719327896291183, 0.0 ], [ 51.864849773574313, 32.719301756021792, 0.0 ] ] ] } },
{ "type": "Feature", "properties": { "Name": "Untitled Polygon", "description": null, "timestamp": null, "begin": null, "end": null, "altitudeMode": null, "tessellate": 1, "extrude": 0, "visibility": 0, "drawOrder": null, "icon": null, "class": 2 }, "geometry": { "type": "Polygon", "coordinates": [ [ [ 51.866315474949843, 32.702776034920241, 0.0 ], [ 51.866103486003873, 32.697448043816287, 0.0 ], [ 51.870112762304913, 32.702650408425598, 0.0 ], [ 51.866315474949843, 32.702776034920241, 0.0 ] ] ] } },
{ "type": "Feature", "properties": { "Name": "Untitled Polygon", "description": null, "timestamp": null, "begin": null, "end": null, "altitudeMode": null, "tessellate": 1, "extrude": 0, "visibility": 0, "drawOrder": null, "icon": null, "class": 2 }, "geometry": { "type": "Polygon", "coordinates": [ [ [ 51.594064498356708, 32.632810163680972, 0.0 ], [ 51.602258692073548, 32.628147432661827, 0.0 ], [ 51.605125456628073, 32.63063176111821, 0.0 ], [ 51.594064498356708, 32.632810163680972, 0.0 ] ] ] } },
{ "type": "Feature", "properties": { "Name": "Untitled Polygon", "description": null, "timestamp": null, "begin": null, "end": null, "altitudeMode": null, "tessellate": 1, "extrude": 0, "visibility": 0, "drawOrder": null, "icon": null, "class": 2 }, "geometry": { "type": "Polygon", "coordinates": [ [ [ 51.390361255386857, 32.57885795335828, 0.0 ], [ 51.386632134621721, 32.573544952655631, 0.0 ], [ 51.399369739678768, 32.567054900075462, 0.0 ], [ 51.4045706910969, 32.571401842656172, 0.0 ], [ 51.390361255386857, 32.57885795335828, 0.0 ] ] ] } },
{ "type": "Feature", "properties": { "Name": "Untitled Polygon", "description": null, "timestamp": null, "begin": null, "end": null, "altitudeMode": null, "tessellate": 1, "extrude": 0, "visibility": 0, "drawOrder": null, "icon": null, "class": 2 }, "geometry": { "type": "Polygon", "coordinates": [ [ [ 51.382340765150722, 32.570966754909698, 0.0 ], [ 51.378053245444349, 32.568213791215769, 0.0 ], [ 51.386833326351891, 32.555252150893061, 0.0 ], [ 51.39586719525591, 32.562492497296311, 0.0 ], [ 51.382340765150722, 32.570966754909698, 0.0 ] ] ] } },
{ "type": "Feature", "properties": { "Name": "Untitled Polygon", "description": null, "timestamp": null, "begin": null, "end": null, "altitudeMode": null, "tessellate": 1, "extrude": 0, "visibility": 0, "drawOrder": null, "icon": null, "class": 2 }, "geometry": { "type": "Polygon", "coordinates": [ [ [ 51.411286003764097, 32.571370704323201, 0.0 ], [ 51.404340986740991, 32.563275261964108, 0.0 ], [ 51.41082110932161, 32.559850493448423, 0.0 ], [ 51.408788079105847, 32.553638703681017, 0.0 ], [ 51.422772768649537, 32.548228620272603, 0.0 ], [ 51.436199255197103, 32.546583992556798, 0.0 ], [ 51.440143676080879, 32.558088760613977, 0.0 ], [ 51.441371273927452, 32.563447457912609, 0.0 ], [ 51.411286003764097, 32.571370704323201, 0.0 ] ] ] } },
{ "type": "Feature", "properties": { "Name": "Untitled Polygon", "description": null, "timestamp": null, "begin": null, "end": null, "altitudeMode": null, "tessellate": 1, "extrude": 0, "visibility": 0, "drawOrder": null, "icon": null, "class": 2 }, "geometry": { "type": "Polygon", "coordinates": [ [ [ 51.397447881885917, 32.5441691196866, 0.0 ], [ 51.406103136393149, 32.535940042753957, 0.0 ], [ 51.418450916708089, 32.535222167637173, 0.0 ], [ 51.417332456209351, 32.540921002647821, 0.0 ], [ 51.395767982978661, 32.55634608642486, 0.0 ], [ 51.397447881885917, 32.5441691196866, 0.0 ] ] ] } },
{ "type": "Feature", "properties": { "Name": "Untitled Polygon", "description": null, "timestamp": null, "begin": null, "end": null, "altitudeMode": null, "tessellate": 1, "extrude": 0, "visibility": 0, "drawOrder": null, "icon": null, "class": 2 }, "geometry": { "type": "Polygon", "coordinates": [ [ [ 51.361400978748073, 32.649324733808683, 0.0 ], [ 51.360176039421681, 32.653024006471291, 0.0 ], [ 51.350761464172813, 32.651639332743628, 0.0 ], [ 51.347530638740217, 32.648062943313093, 0.0 ], [ 51.361400978748073, 32.649324733808683, 0.0 ] ] ] } },
{ "type": "Feature", "properties": { "Name": "Untitled Polygon", "description": null, "timestamp": null, "begin": null, "end": null, "altitudeMode": null, "tessellate": 1, "extrude": 0, "visibility": 0, "drawOrder": null, "icon": null, "class": 2 }, "geometry": { "type": "Polygon", "coordinates": [ [ [ 51.348127626640483, 32.643109641163747, 0.0 ], [ 51.34964064957056, 32.645808180249567, 0.0 ], [ 51.344958877000352, 32.64593844511883, 0.0 ], [ 51.348127626640483, 32.643109641163747, 0.0 ] ] ] } },
{ "type": "Feature", "properties": { "Name": "Untitled Polygon", "description": null, "timestamp": null, "begin": null, "end": null, "altitudeMode": null, "tessellate": 1, "extrude": 0, "visibility": 0, "drawOrder": null, "icon": null, "class": 2 }, "geometry": { "type": "Polygon", "coordinates": [ [ [ 51.398129842876948, 32.59607959134393, 0.0 ], [ 51.396928068800968, 32.590896115963567, 0.0 ], [ 51.402165998739427, 32.589583397849999, 0.0 ], [ 51.407502640067932, 32.595609055870263, 0.0 ], [ 51.398129842876948, 32.59607959134393, 0.0 ] ] ] } },
{ "type": "Feature", "properties": { "Name": "170", "description": null, "timestamp": null, "begin": null, "end": null, "altitudeMode": null, "tessellate": 1, "extrude": 0, "visibility": 0, "drawOrder": null, "icon": null, "class": 2 }, "geometry": { "type": "Polygon", "coordinates": [ [ [ 51.405979727595543, 32.618264297347068, 0.0 ], [ 51.404771691829183, 32.61398815339178, 0.0 ], [ 51.423775985490337, 32.608733637136432, 0.0 ], [ 51.424838617469149, 32.616334859629191, 0.0 ], [ 51.405979727595543, 32.618264297347068, 0.0 ] ] ] } },
{ "type": "Feature", "properties": { "Name": "Untitled Polygon", "description": null, "timestamp": null, "begin": null, "end": null, "altitudeMode": null, "tessellate": 1, "extrude": 0, "visibility": 0, "drawOrder": null, "icon": null, "class": 2 }, "geometry": { "type": "Polygon", "coordinates": [ [ [ 51.402857874447392, 32.608182781537749, 0.0 ], [ 51.402287915987607, 32.599445891575968, 0.0 ], [ 51.415342200591823, 32.599253691562183, 0.0 ], [ 51.416620690860377, 32.606995631291497, 0.0 ], [ 51.402857874447392, 32.608182781537749, 0.0 ] ] ] } },
{ "type": "Feature", "properties": { "Name": "Untitled Polygon", "description": null, "timestamp": null, "begin": null, "end": null, "altitudeMode": null, "tessellate": 1, "extrude": 0, "visibility": 0, "drawOrder": null, "icon": null, "class": 2 }, "geometry": { "type": "Polygon", "coordinates": [ [ [ 51.371536038106051, 32.651761448116943, 0.0 ], [ 51.372679999629213, 32.644939488271028, 0.0 ], [ 51.378261798275616, 32.648570446078672, 0.0 ], [ 51.371536038106051, 32.651761448116943, 0.0 ] ] ] } },
{ "type": "Feature", "properties": { "Name": "Untitled Polygon", "description": null, "timestamp": null, "begin": null, "end": null, "altitudeMode": null, "tessellate": 1, "extrude": 0, "visibility": 0, "drawOrder": null, "icon": null, "class": 2 }, "geometry": { "type": "Polygon", "coordinates": [ [ [ 51.337486443100268, 32.642159819418623, 0.0 ], [ 51.341007044231489, 32.634132149403428, 0.0 ], [ 51.34721658290718, 32.638906847905453, 0.0 ], [ 51.337486443100268, 32.642159819418623, 0.0 ] ] ] } },
{ "type": "Feature", "properties": { "Name": "Untitled Polygon", "description": null, "timestamp": null, "begin": null, "end": null, "altitudeMode": null, "tessellate": 1, "extrude": 0, "visibility": 0, "drawOrder": null, "icon": null, "class": 2 }, "geometry": { "type": "Polygon", "coordinates": [ [ [ 51.34114437275877, 32.630111040387639, 0.0 ], [ 51.34601208973222, 32.628778466646558, 0.0 ], [ 51.34600278448351, 32.632963081035832, 0.0 ], [ 51.34114437275877, 32.630111040387639, 0.0 ] ] ] } },
{ "type": "Feature", "properties": { "Name": "Untitled Polygon", "description": null, "timestamp": null, "begin": null, "end": null, "altitudeMode": null, "tessellate": 1, "extrude": 0, "visibility": 0, "drawOrder": null, "icon": null, "class": 2 }, "geometry": { "type": "Polygon", "coordinates": [ [ [ 51.384535583543851, 32.644012281180729, 0.0 ], [ 51.390748422012003, 32.635030838859727, 0.0 ], [ 51.392663479106083, 32.641773828171317, 0.0 ], [ 51.384535583543851, 32.644012281180729, 0.0 ] ] ] } },
{ "type": "Feature", "properties": { "Name": "Untitled Polygon", "description": null, "timestamp": null, "begin": null, "end": null, "altitudeMode": null, "tessellate": 1, "extrude": 0, "visibility": 0, "drawOrder": null, "icon": null, "class": 2 }, "geometry": { "type": "Polygon", "coordinates": [ [ [ 51.401722325253758, 32.640310153361597, 0.0 ], [ 51.404412280717111, 32.632042899117167, 0.0 ], [ 51.408919634971006, 32.63909956390188, 0.0 ], [ 51.401722325253758, 32.640310153361597, 0.0 ] ] ] } },
{ "type": "Feature", "properties": { "Name": "Untitled Polygon", "description": null, "timestamp": null, "begin": null, "end": null, "altitudeMode": null, "tessellate": 1, "extrude": 0, "visibility": 0, "drawOrder": null, "icon": null, "class": 2 }, "geometry": { "type": "Polygon", "coordinates": [ [ [ 51.416869149347797, 32.641470983707727, 0.0 ], [ 51.415100850194058, 32.632727519576903, 0.0 ], [ 51.421857529089927, 32.633926120694611, 0.0 ], [ 51.423179187656032, 32.642690906260981, 0.0 ], [ 51.416869149347797, 32.641470983707727, 0.0 ] ] ] } },
{ "type": "Feature", "properties": { "Name": "Untitled Polygon", "description": null, "timestamp": null, "begin": null, "end": null, "altitudeMode": null, "tessellate": 1, "extrude": 0, "visibility": 0, "drawOrder": null, "icon": null, "class": 2 }, "geometry": { "type": "Polygon", "coordinates": [ [ [ 51.37517032310933, 32.619473788867431, 0.0 ], [ 51.381195328419643, 32.616707516836861, 0.0 ], [ 51.384706722338287, 32.624801031218162, 0.0 ], [ 51.37517032310933, 32.619473788867431, 0.0 ] ] ] } },
{ "type": "Feature", "properties": { "Name": "Untitled Polygon", "description": null, "timestamp": null, "begin": null, "end": null, "altitudeMode": null, "tessellate": 1, "extrude": 0, "visibility": 0, "drawOrder": null, "icon": null, "class": 2 }, "geometry": { "type": "Polygon", "coordinates": [ [ [ 51.357803602772208, 32.619557190575371, 0.0 ], [ 51.362204035091757, 32.616449964430281, 0.0 ], [ 51.359423041870834, 32.623493308322338, 0.0 ], [ 51.357803602772208, 32.619557190575371, 0.0 ] ] ] } },
{ "type": "Feature", "properties": { "Name": "180", "description": null, "timestamp": null, "begin": null, "end": null, "altitudeMode": null, "tessellate": 1, "extrude": 0, "visibility": 0, "drawOrder": null, "icon": null, "class": 2 }, "geometry": { "type": "Polygon", "coordinates": [ [ [ 51.414180572856978, 32.628109342728308, 0.0 ], [ 51.4166864034054, 32.622237372284339, 0.0 ], [ 51.416916806101739, 32.622031013504582, 0.0 ], [ 51.4220525157453, 32.624277034009609, 0.0 ], [ 51.414180572856978, 32.628109342728308, 0.0 ] ] ] } },
{ "type": "Feature", "properties": { "Name": "Untitled Polygon", "description": null, "timestamp": null, "begin": null, "end": null, "altitudeMode": null, "tessellate": 1, "extrude": 0, "visibility": 0, "drawOrder": null, "icon": null, "class": 2 }, "geometry": { "type": "Polygon", "coordinates": [ [ [ 51.467715832440661, 32.665289067238589, 0.0 ], [ 51.471137182759357, 32.655907859230339, 0.0 ], [ 51.487637590558244, 32.658369569512153, 0.0 ], [ 51.486760368679967, 32.66630614235477, 0.0 ], [ 51.467715832440661, 32.665289067238589, 0.0 ] ] ] } },
{ "type": "Feature", "properties": { "Name": "Untitled Polygon", "description": null, "timestamp": null, "begin": null, "end": null, "altitudeMode": null, "tessellate": 1, "extrude": 0, "visibility": 0, "drawOrder": null, "icon": null, "class": 2 }, "geometry": { "type": "Polygon", "coordinates": [ [ [ 51.49573940133002, 32.664444385499777, 0.0 ], [ 51.493972236387087, 32.648341342203537, 0.0 ], [ 51.513110816318502, 32.653266292682467, 0.0 ], [ 51.49573940133002, 32.664444385499777, 0.0 ] ] ] } },
{ "type": "Feature", "properties": { "Name": "Untitled Polygon", "description": null, "timestamp": null, "begin": null, "end": null, "altitudeMode": null, "tessellate": 1, "extrude": 0, "visibility": 0, "drawOrder": null, "icon": null, "class": 2 }, "geometry": { "type": "Polygon", "coordinates": [ [ [ 51.505717760363943, 32.647791965017333, 0.0 ], [ 51.511942149039093, 32.642315302741487, 0.0 ], [ 51.518759199821282, 32.650341732467837, 0.0 ], [ 51.505717760363943, 32.647791965017333, 0.0 ] ] ] } },
{ "type": "Feature", "properties": { "Name": "Untitled Polygon", "description": null, "timestamp": null, "begin": null, "end": null, "altitudeMode": null, "tessellate": 1, "extrude": 0, "visibility": 0, "drawOrder": null, "icon": null, "class": 2 }, "geometry": { "type": "Polygon", "coordinates": [ [ [ 51.514461308467972, 32.677526262156533, 0.0 ], [ 51.517833830751186, 32.674228695602629, 0.0 ], [ 51.519209672619652, 32.679789006299728, 0.0 ], [ 51.514461308467972, 32.677526262156533, 0.0 ] ] ] } },
{ "type": "Feature", "properties": { "Name": "Untitled Polygon", "description": null, "timestamp": null, "begin": null, "end": null, "altitudeMode": null, "tessellate": 1, "extrude": 0, "visibility": 0, "drawOrder": null, "icon": null, "class": 2 }, "geometry": { "type": "Polygon", "coordinates": [ [ [ 51.519182613577257, 32.66680754989499, 0.0 ], [ 51.527151744179108, 32.657046245919531, 0.0 ], [ 51.537152464073273, 32.668458342846392, 0.0 ], [ 51.519182613577257, 32.66680754989499, 0.0 ] ] ] } },
{ "type": "Feature", "properties": { "Name": "Untitled Polygon", "description": null, "timestamp": null, "begin": null, "end": null, "altitudeMode": null, "tessellate": 1, "extrude": 0, "visibility": 0, "drawOrder": null, "icon": null, "class": 2 }, "geometry": { "type": "Polygon", "coordinates": [ [ [ 51.533013722681787, 32.654638669982823, 0.0 ], [ 51.540725958328331, 32.649853727383693, 0.0 ], [ 51.540470344860751, 32.655603252609033, 0.0 ], [ 51.533013722681787, 32.654638669982823, 0.0 ] ] ] } },
{ "type": "Feature", "properties": { "Name": "Untitled Polygon", "description": null, "timestamp": null, "begin": null, "end": null, "altitudeMode": null, "tessellate": 1, "extrude": 0, "visibility": 0, "drawOrder": null, "icon": null, "class": 2 }, "geometry": { "type": "Polygon", "coordinates": [ [ [ 51.506287608880697, 32.62501464224502, 0.0 ], [ 51.51873423497085, 32.618809714743989, 0.0 ], [ 51.519624288385778, 32.625581896570488, 0.0 ], [ 51.506287608880697, 32.62501464224502, 0.0 ] ] ] } },
{ "type": "Feature", "properties": { "Name": "Untitled Polygon", "description": null, "timestamp": null, "begin": null, "end": null, "altitudeMode": null, "tessellate": 1, "extrude": 0, "visibility": 0, "drawOrder": null, "icon": null, "class": 2 }, "geometry": { "type": "Polygon", "coordinates": [ [ [ 51.447065971378933, 32.622723083319137, 0.0 ], [ 51.464438541740073, 32.619294090003088, 0.0 ], [ 51.46519318220092, 32.624314231176541, 0.0 ], [ 51.447065971378933, 32.622723083319137, 0.0 ] ] ] } },
{ "type": "Feature", "properties": { "Name": "Untitled Polygon", "description": null, "timestamp": null, "begin": null, "end": null, "altitudeMode": null, "tessellate": 1, "extrude": 0, "visibility": 0, "drawOrder": null, "icon": null, "class": 2 }, "geometry": { "type": "Polygon", "coordinates": [ [ [ 51.473092672463054, 32.646178995795452, 0.0 ], [ 51.470807492962237, 32.63193544460259, 0.0 ], [ 51.484095168562042, 32.641520641471949, 0.0 ], [ 51.487909958188709, 32.647701602101947, 0.0 ], [ 51.473092672463054, 32.646178995795452, 0.0 ] ] ] } },
{ "type": "Feature", "properties": { "Name": "190", "description": null, "timestamp": null, "begin": null, "end": null, "altitudeMode": null, "tessellate": 1, "extrude": 0, "visibility": 0, "drawOrder": null, "icon": null, "class": 2 }, "geometry": { "type": "Polygon", "coordinates": [ [ [ 51.4412872061923, 32.643709636198153, 0.0 ], [ 51.446781513319621, 32.631369970161842, 0.0 ], [ 51.456433088413277, 32.643662030944149, 0.0 ], [ 51.4412872061923, 32.643709636198153, 0.0 ] ] ] } },
{ "type": "Feature", "properties": { "Name": "Untitled Polygon", "description": null, "timestamp": null, "begin": null, "end": null, "altitudeMode": null, "tessellate": 1, "extrude": 0, "visibility": 0, "drawOrder": null, "icon": null, "class": 2 }, "geometry": { "type": "Polygon", "coordinates": [ [ [ 51.445538141515229, 32.654845736650579, 0.0 ], [ 51.444422800029933, 32.647830198898333, 0.0 ], [ 51.456123373118828, 32.656957830041982, 0.0 ], [ 51.445538141515229, 32.654845736650579, 0.0 ] ] ] } },
{ "type": "Feature", "properties": { "Name": "Untitled Polygon", "description": null, "timestamp": null, "begin": null, "end": null, "altitudeMode": null, "tessellate": 1, "extrude": 0, "visibility": 0, "drawOrder": null, "icon": null, "class": 2 }, "geometry": { "type": "Polygon", "coordinates": [ [ [ 51.443805541703213, 32.615232393815162, 0.0 ], [ 51.447244316024701, 32.59750228698752, 0.0 ], [ 51.45976023360096, 32.601029762363943, 0.0 ], [ 51.46045276568691, 32.615721215126307, 0.0 ], [ 51.443805541703213, 32.615232393815162, 0.0 ] ] ] } },
{ "type": "Feature", "properties": { "Name": "Untitled Polygon", "description": null, "timestamp": null, "begin": null, "end": null, "altitudeMode": null, "tessellate": 1, "extrude": 0, "visibility": 0, "drawOrder": null, "icon": null, "class": 2 }, "geometry": { "type": "Polygon", "coordinates": [ [ [ 51.425441541736042, 32.59310568516549, 0.0 ], [ 51.420710913734553, 32.586971142759062, 0.0 ], [ 51.438572044256603, 32.583508238624972, 0.0 ], [ 51.443853117601229, 32.591774016798531, 0.0 ], [ 51.425441541736042, 32.59310568516549, 0.0 ] ] ] } },
{ "type": "Feature", "properties": { "Name": "Untitled Polygon", "description": null, "timestamp": null, "begin": null, "end": null, "altitudeMode": null, "tessellate": 1, "extrude": 0, "visibility": 0, "drawOrder": null, "icon": null, "class": 2 }, "geometry": { "type": "Polygon", "coordinates": [ [ [ 51.475440034108694, 32.586705255214362, 0.0 ], [ 51.475110298671993, 32.574425577144602, 0.0 ], [ 51.485706189530347, 32.58346106800181, 0.0 ], [ 51.475440034108694, 32.586705255214362, 0.0 ] ] ] } },
{ "type": "Feature", "properties": { "Name": "Untitled Polygon", "description": null, "timestamp": null, "begin": null, "end": null, "altitudeMode": null, "tessellate": 1, "extrude": 0, "visibility": 0, "drawOrder": null, "icon": null, "class": 2 }, "geometry": { "type": "Polygon", "coordinates": [ [ [ 51.471551605947788, 32.615064150813751, 0.0 ], [ 51.470748887490899, 32.601598261976967, 0.0 ], [ 51.485027758259008, 32.599391547643243, 0.0 ], [ 51.487020713203357, 32.611812990688968, 0.0 ], [ 51.471551605947788, 32.615064150813751, 0.0 ] ] ] } },
{ "type": "Feature", "properties": { "Name": "Untitled Polygon", "description": null, "timestamp": null, "begin": null, "end": null, "altitudeMode": null, "tessellate": 1, "extrude": 0, "visibility": 0, "drawOrder": null, "icon": null, "class": 2 }, "geometry": { "type": "Polygon", "coordinates": [ [ [ 51.53742646961404, 32.612393130627943, 0.0 ], [ 51.536275582464043, 32.606051452679921, 0.0 ], [ 51.543658005335359, 32.611007035515968, 0.0 ], [ 51.53742646961404, 32.612393130627943, 0.0 ] ] ] } },
{ "type": "Feature", "properties": { "Name": "Untitled Polygon", "description": null, "timestamp": null, "begin": null, "end": null, "altitudeMode": null, "tessellate": 1, "extrude": 0, "visibility": 0, "drawOrder": null, "icon": null, "class": 2 }, "geometry": { "type": "Polygon", "coordinates": [ [ [ 51.543042379008916, 32.567687698826752, 0.0 ], [ 51.530668670490449, 32.559034129705829, 0.0 ], [ 51.547714796909681, 32.55162371242907, 0.0 ], [ 51.555901114540703, 32.569219532736113, 0.0 ], [ 51.543042379008916, 32.567687698826752, 0.0 ] ] ] } },
{ "type": "Feature", "properties": { "Name": "Untitled Polygon", "description": null, "timestamp": null, "begin": null, "end": null, "altitudeMode": null, "tessellate": 1, "extrude": 0, "visibility": 0, "drawOrder": null, "icon": null, "class": 2 }, "geometry": { "type": "Polygon", "coordinates": [ [ [ 51.462702578293808, 32.564323750001037, 0.0 ], [ 51.462560592366017, 32.556096734542109, 0.0 ], [ 51.475520828994632, 32.559815581576643, 0.0 ], [ 51.462702578293808, 32.564323750001037, 0.0 ] ] ] } },
{ "type": "Feature", "properties": { "Name": "Untitled Polygon", "description": null, "timestamp": null, "begin": null, "end": null, "altitudeMode": null, "tessellate": 1, "extrude": 0, "visibility": 0, "drawOrder": null, "icon": null, "class": 2 }, "geometry": { "type": "Polygon", "coordinates": [ [ [ 51.448558861460427, 32.540371363921189, 0.0 ], [ 51.448705195072989, 32.533990615816244, 0.0 ], [ 51.453769778647612, 32.536733385880012, 0.0 ], [ 51.448558861460427, 32.540371363921189, 0.0 ] ] ] } },
{ "type": "Feature", "properties": { "Name": "200", "description": null, "timestamp": null, "begin": null, "end": null, "altitudeMode": null, "tessellate": 1, "extrude": 0, "visibility": 0, "drawOrder": null, "icon": null, "class": 2 }, "geometry": { "type": "Polygon", "coordinates": [ [ [ 51.448523883412527, 32.563373498408779, 0.0 ], [ 51.448218100746317, 32.553792696114513, 0.0 ], [ 51.45869271033785, 32.565816752463697, 0.0 ], [ 51.448523883412527, 32.563373498408779, 0.0 ] ] ] } },
{ "type": "Feature", "properties": { "Name": "Untitled Polygon", "description": null, "timestamp": null, "begin": null, "end": null, "altitudeMode": null, "tessellate": 1, "extrude": 0, "visibility": 0, "drawOrder": null, "icon": null, "class": 2 }, "geometry": { "type": "Polygon", "coordinates": [ [ [ 51.48830683989992, 32.557991391972429, 0.0 ], [ 51.475083738666022, 32.523233213868068, 0.0 ], [ 51.505045190592043, 32.538454558726812, 0.0 ], [ 51.48830683989992, 32.557991391972429, 0.0 ] ] ] } },
{ "type": "Feature", "properties": { "Name": "Untitled Polygon", "description": null, "timestamp": null, "begin": null, "end": null, "altitudeMode": null, "tessellate": 1, "extrude": 0, "visibility": 0, "drawOrder": null, "icon": null, "class": 2 }, "geometry": { "type": "Polygon", "coordinates": [ [ [ 51.4998885000646, 32.585964409460701, 0.0 ], [ 51.492463116861188, 32.569355595465247, 0.0 ], [ 51.511652948828157, 32.579200865506159, 0.0 ], [ 51.4998885000646, 32.585964409460701, 0.0 ] ] ] } },
{ "type": "Feature", "properties": { "Name": "Untitled Polygon", "description": null, "timestamp": null, "begin": null, "end": null, "altitudeMode": null, "tessellate": 1, "extrude": 0, "visibility": 0, "drawOrder": null, "icon": null, "class": 2 }, "geometry": { "type": "Polygon", "coordinates": [ [ [ 51.488552521157942, 32.5197604360824, 0.0 ], [ 51.466380902392039, 32.504279068506818, 0.0 ], [ 51.485984935282431, 32.505982816693589, 0.0 ], [ 51.488552521157942, 32.5197604360824, 0.0 ] ] ] } },
{ "type": "Feature", "properties": { "Name": "Untitled Polygon", "description": null, "timestamp": null, "begin": null, "end": null, "altitudeMode": null, "tessellate": 1, "extrude": 0, "visibility": 0, "drawOrder": null, "icon": null, "class": 2 }, "geometry": { "type": "Polygon", "coordinates": [ [ [ 51.52341378144181, 32.522952283337439, 0.0 ], [ 51.552997889461878, 32.502014297577603, 0.0 ], [ 51.550949116983212, 32.518616905585887, 0.0 ], [ 51.52341378144181, 32.522952283337439, 0.0 ] ] ] } },
{ "type": "Feature", "properties": { "Name": "Untitled Polygon", "description": null, "timestamp": null, "begin": null, "end": null, "altitudeMode": null, "tessellate": 1, "extrude": 0, "visibility": 0, "drawOrder": null, "icon": null, "class": 2 }, "geometry": { "type": "Polygon", "coordinates": [ [ [ 51.55176708826184, 32.634422431482569, 0.0 ], [ 51.546426013866252, 32.625190862817469, 0.0 ], [ 51.554457032321039, 32.630338411199283, 0.0 ], [ 51.55176708826184, 32.634422431482569, 0.0 ] ] ] } },
{ "type": "Feature", "properties": { "Name": "Untitled Polygon", "description": null, "timestamp": null, "begin": null, "end": null, "altitudeMode": null, "tessellate": 1, "extrude": 0, "visibility": 0, "drawOrder": null, "icon": null, "class": 2 }, "geometry": { "type": "Polygon", "coordinates": [ [ [ 51.559124244727627, 32.63079790445245, 0.0 ], [ 51.56075433730301, 32.622571272840602, 0.0 ], [ 51.563804770850389, 32.631657911214518, 0.0 ], [ 51.559124244727627, 32.63079790445245, 0.0 ] ] ] } },
{ "type": "Feature", "properties": { "Name": "Untitled Polygon", "description": null, "timestamp": null, "begin": null, "end": null, "altitudeMode": null, "tessellate": 1, "extrude": 0, "visibility": 0, "drawOrder": null, "icon": null, "class": 2 }, "geometry": { "type": "Polygon", "coordinates": [ [ [ 51.427842234913548, 32.532569894841266, 0.0 ], [ 51.413505658118673, 32.514026180511927, 0.0 ], [ 51.434896850888677, 32.504963201811243, 0.0 ], [ 51.427842234913548, 32.532569894841266, 0.0 ] ] ] } },
{ "type": "Feature", "properties": { "Name": "Untitled Polygon", "description": null, "timestamp": null, "begin": null, "end": null, "altitudeMode": null, "tessellate": 1, "extrude": 0, "visibility": 0, "drawOrder": null, "icon": null, "class": 2 }, "geometry": { "type": "Polygon", "coordinates": [ [ [ 51.418434114287919, 32.584264861303993, 0.0 ], [ 51.413931539102023, 32.576410512417382, 0.0 ], [ 51.435838076329112, 32.572071023640582, 0.0 ], [ 51.434205337794971, 32.580480142083843, 0.0 ], [ 51.418434114287919, 32.584264861303993, 0.0 ] ] ] } },
{ "type": "Feature", "properties": { "Name": "Untitled Polygon", "description": null, "timestamp": null, "begin": null, "end": null, "altitudeMode": null, "tessellate": 1, "extrude": 0, "visibility": 0, "drawOrder": null, "icon": null, "class": 2 }, "geometry": { "type": "Polygon", "coordinates": [ [ [ 51.593559654655778, 32.77957137458759, 0.0 ], [ 51.584420862502519, 32.766368744512427, 0.0 ], [ 51.591418144769342, 32.767971623368346, 0.0 ], [ 51.593559654655778, 32.77957137458759, 0.0 ] ] ] } },
{ "type": "Feature", "properties": { "Name": "210", "description": null, "timestamp": null, "begin": null, "end": null, "altitudeMode": null, "tessellate": 1, "extrude": 0, "visibility": 0, "drawOrder": null, "icon": null, "class": 2 }, "geometry": { "type": "Polygon", "coordinates": [ [ [ 51.57486348935214, 32.796458312758773, 0.0 ], [ 51.57017424138084, 32.788822096120711, 0.0 ], [ 51.578754392416393, 32.78918281661857, 0.0 ], [ 51.57486348935214, 32.796458312758773, 0.0 ] ] ] } },
{ "type": "Feature", "properties": { "Name": "Untitled Polygon", "description": null, "timestamp": null, "begin": null, "end": null, "altitudeMode": null, "tessellate": 1, "extrude": 0, "visibility": 0, "drawOrder": null, "icon": null, "class": 2 }, "geometry": { "type": "Polygon", "coordinates": [ [ [ 51.675407458053442, 32.794136888223292, 0.0 ], [ 51.670616858631007, 32.787377078859649, 0.0 ], [ 51.670595354693447, 32.786752859256957, 0.0 ], [ 51.6789623195396, 32.788152519478302, 0.0 ], [ 51.675407458053442, 32.794136888223292, 0.0 ] ] ] } },
{ "type": "Feature", "properties": { "Name": "Untitled Polygon", "description": null, "timestamp": null, "begin": null, "end": null, "altitudeMode": null, "tessellate": 1, "extrude": 0, "visibility": 0, "drawOrder": null, "icon": null, "class": 2 }, "geometry": { "type": "Polygon", "coordinates": [ [ [ 51.694611498584131, 32.783485732508112, 0.0 ], [ 51.694360365510718, 32.783493793171679, 0.0 ], [ 51.696976786900997, 32.776187939080501, 0.0 ], [ 51.705245670445727, 32.780452197063802, 0.0 ], [ 51.694611498584131, 32.783485732508112, 0.0 ] ] ] } },
{ "type": "Feature", "properties": { "Name": "Untitled Polygon", "description": null, "timestamp": null, "begin": null, "end": null, "altitudeMode": null, "tessellate": 1, "extrude": 0, "visibility": 0, "drawOrder": null, "icon": null, "class": 2 }, "geometry": { "type": "Polygon", "coordinates": [ [ [ 51.778545915123587, 32.818505594785307, 0.0 ], [ 51.773297565840288, 32.813714441159632, 0.0 ], [ 51.781300135488422, 32.814314083191043, 0.0 ], [ 51.778545915123587, 32.818505594785307, 0.0 ] ] ] } },
{ "type": "Feature", "properties": { "Name": "Untitled Polygon", "description": null, "timestamp": null, "begin": null, "end": null, "altitudeMode": null, "tessellate": 1, "extrude": 0, "visibility": 0, "drawOrder": null, "icon": null, "class": 2 }, "geometry": { "type": "Polygon", "coordinates": [ [ [ 51.769353478076447, 32.801699970319781, 0.0 ], [ 51.77315806989386, 32.798205398402636, 0.0 ], [ 51.774222637945492, 32.805564405434431, 0.0 ], [ 51.769353478076447, 32.801699970319781, 0.0 ] ] ] } },
{ "type": "Feature", "properties": { "Name": "Untitled Polygon", "description": null, "timestamp": null, "begin": null, "end": null, "altitudeMode": null, "tessellate": 1, "extrude": 0, "visibility": 0, "drawOrder": null, "icon": null, "class": 2 }, "geometry": { "type": "Polygon", "coordinates": [ [ [ 51.564274802930029, 32.831341081469361, 0.0 ], [ 51.571313543591373, 32.822287413667382, 0.0 ], [ 51.572679855693231, 32.827403359440368, 0.0 ], [ 51.564274802930029, 32.831341081469361, 0.0 ] ] ] } },
{ "type": "Feature", "properties": { "Name": "Untitled Polygon", "description": null, "timestamp": null, "begin": null, "end": null, "altitudeMode": null, "tessellate": 1, "extrude": 0, "visibility": 0, "drawOrder": null, "icon": null, "class": 2 }, "geometry": { "type": "Polygon", "coordinates": [ [ [ 51.649627133037363, 32.905643976488577, 0.0 ], [ 51.64662487574342, 32.887397266975547, 0.0 ], [ 51.651775272511713, 32.881738472814327, 0.0 ], [ 51.655868785549707, 32.89957893981709, 0.0 ], [ 51.649627133037363, 32.905643976488577, 0.0 ] ] ] } },
{ "type": "Feature", "properties": { "Name": "Untitled Polygon", "description": null, "timestamp": null, "begin": null, "end": null, "altitudeMode": null, "tessellate": 1, "extrude": 0, "visibility": 0, "drawOrder": null, "icon": null, "class": 2 }, "geometry": { "type": "Polygon", "coordinates": [ [ [ 51.691837415939617, 32.871485288834677, 0.0 ], [ 51.692429792363527, 32.878595905807842, 0.0 ], [ 51.685250644451081, 32.87444722315886, 0.0 ], [ 51.691837415939617, 32.871485288834677, 0.0 ] ] ] } },
{ "type": "Feature", "properties": { "Name": "Untitled Polygon", "description": null, "timestamp": null, "begin": null, "end": null, "altitudeMode": null, "tessellate": 1, "extrude": 0, "visibility": 0, "drawOrder": null, "icon": null, "class": 2 }, "geometry": { "type": "Polygon", "coordinates": [ [ [ 51.700835741983077, 32.84874813654276, 0.0 ], [ 51.700699164813251, 32.845294358478618, 0.0 ], [ 51.703203518500679, 32.848210521521267, 0.0 ], [ 51.700835741983077, 32.84874813654276, 0.0 ] ] ] } },
{ "type": "Feature", "properties": { "Name": "Untitled Polygon", "description": null, "timestamp": null, "begin": null, "end": null, "altitudeMode": null, "tessellate": 1, "extrude": 0, "visibility": 0, "drawOrder": null, "icon": null, "class": 2 }, "geometry": { "type": "Polygon", "coordinates": [ [ [ 51.647690009141357, 32.8536884858134, 0.0 ], [ 51.648173521419999, 32.847930857750498, 0.0 ], [ 51.651679528676752, 32.856455687943033, 0.0 ], [ 51.647690009141357, 32.8536884858134, 0.0 ] ] ] } },
{ "type": "Feature", "properties": { "Name": "1", "description": null, "timestamp": null, "begin": null, "end": null, "altitudeMode": null, "tessellate": 1, "extrude": 0, "visibility": 0, "drawOrder": null, "icon": null, "class": 3 }, "geometry": { "type": "Polygon", "coordinates": [ [ [ 51.301971363999947, 32.90004788241545, 0.0 ], [ 51.305362863482657, 32.826287558947072, 0.0 ], [ 51.389362719087757, 32.89715958880015, 0.0 ], [ 51.301971363999947, 32.90004788241545, 0.0 ] ] ] } },
{ "type": "Feature", "properties": { "Name": "Untitled Polygon", "description": null, "timestamp": null, "begin": null, "end": null, "altitudeMode": null, "tessellate": 1, "extrude": 0, "visibility": 0, "drawOrder": null, "icon": null, "class": 3 }, "geometry": { "type": "Polygon", "coordinates": [ [ [ 51.307336600224453, 32.818514113558038, 0.0 ], [ 51.305715361573426, 32.781801784683083, 0.0 ], [ 51.344602699908947, 32.809110776589257, 0.0 ], [ 51.307336600224453, 32.818514113558038, 0.0 ] ] ] } },
{ "type": "Feature", "properties": { "Name": "Untitled Polygon", "description": null, "timestamp": null, "begin": null, "end": null, "altitudeMode": null, "tessellate": 1, "extrude": 0, "visibility": 0, "drawOrder": null, "icon": null, "class": 3 }, "geometry": { "type": "Polygon", "coordinates": [ [ [ 51.450401383350268, 32.819346772091272, 0.0 ], [ 51.41132455516162, 32.862677366440948, 0.0 ], [ 51.408842667949642, 32.823623531635668, 0.0 ], [ 51.450401383350268, 32.819346772091272, 0.0 ] ] ] } },
{ "type": "Feature", "properties": { "Name": "Untitled Polygon", "description": null, "timestamp": null, "begin": null, "end": null, "altitudeMode": null, "tessellate": 1, "extrude": 0, "visibility": 0, "drawOrder": null, "icon": null, "class": 3 }, "geometry": { "type": "Polygon", "coordinates": [ [ [ 51.37659035474065, 32.841997639334821, 0.0 ], [ 51.37631698515024, 32.84246810594766, 0.0 ], [ 51.347275600074482, 32.853501681570407, 0.0 ], [ 51.350364917604168, 32.819931953254368, 0.0 ], [ 51.37659035474065, 32.841997639334821, 0.0 ] ] ] } },
{ "type": "Feature", "properties": { "Name": "Untitled Polygon", "description": null, "timestamp": null, "begin": null, "end": null, "altitudeMode": null, "tessellate": 1, "extrude": 0, "visibility": 0, "drawOrder": null, "icon": null, "class": 3 }, "geometry": { "type": "Polygon", "coordinates": [ [ [ 51.399627950818278, 32.904497905898857, 0.0 ], [ 51.418499148076549, 32.880358947782533, 0.0 ], [ 51.447187694426752, 32.899518715441047, 0.0 ], [ 51.399627950818278, 32.904497905898857, 0.0 ] ] ] } },
{ "type": "Feature", "properties": { "Name": "Untitled Polygon", "description": null, "timestamp": null, "begin": null, "end": null, "altitudeMode": null, "tessellate": 1, "extrude": 0, "visibility": 0, "drawOrder": null, "icon": null, "class": 3 }, "geometry": { "type": "Polygon", "coordinates": [ [ [ 51.465098991505343, 32.90099552713756, 0.0 ], [ 51.474514878706387, 32.855299066367728, 0.0 ], [ 51.49222242706125, 32.895596331243198, 0.0 ], [ 51.465098991505343, 32.90099552713756, 0.0 ] ] ] } },
{ "type": "Feature", "properties": { "Name": "Untitled Polygon", "description": null, "timestamp": null, "begin": null, "end": null, "altitudeMode": null, "tessellate": 1, "extrude": 0, "visibility": 0, "drawOrder": null, "icon": null, "class": 3 }, "geometry": { "type": "Polygon", "coordinates": [ [ [ 51.355918668457143, 32.807222848047573, 0.0 ], [ 51.372651791367943, 32.784301308955712, 0.0 ], [ 51.384234858720887, 32.823677750829731, 0.0 ], [ 51.355918668457143, 32.807222848047573, 0.0 ] ] ] } },
{ "type": "Feature", "properties": { "Name": "Untitled Polygon", "description": null, "timestamp": null, "begin": null, "end": null, "altitudeMode": null, "tessellate": 1, "extrude": 0, "visibility": 0, "drawOrder": null, "icon": null, "class": 3 }, "geometry": { "type": "Polygon", "coordinates": [ [ [ 51.399458948086711, 32.807562147870307, 0.0 ], [ 51.420918401623041, 32.758001000839947, 0.0 ], [ 51.461417121268219, 32.753203413817729, 0.0 ], [ 51.468575793603883, 32.803285225597179, 0.0 ], [ 51.399458948086711, 32.807562147870307, 0.0 ] ] ] } },
{ "type": "Feature", "properties": { "Name": "Untitled Polygon", "description": null, "timestamp": null, "begin": null, "end": null, "altitudeMode": null, "tessellate": 1, "extrude": 0, "visibility": 0, "drawOrder": null, "icon": null, "class": 3 }, "geometry": { "type": "Polygon", "coordinates": [ [ [ 51.487771994260932, 32.850700429413003, 0.0 ], [ 51.507578000700192, 32.835593167196613, 0.0 ], [ 51.511013400949317, 32.853865171635142, 0.0 ], [ 51.487771994260932, 32.850700429413003, 0.0 ] ] ] } },
{ "type": "Feature", "properties": { "Name": "10", "description": null, "timestamp": null, "begin": null, "end": null, "altitudeMode": null, "tessellate": 1, "extrude": 0, "visibility": 0, "drawOrder": null, "icon": null, "class": 3 }, "geometry": { "type": "Polygon", "coordinates": [ [ [ 51.427458506173977, 32.867520448438498, 0.0 ], [ 51.44643304113626, 32.848760502963977, 0.0 ], [ 51.449579307622798, 32.874047849366967, 0.0 ], [ 51.427458506173977, 32.867520448438498, 0.0 ] ] ] } },
{ "type": "Feature", "properties": { "Name": "Untitled Polygon", "description": null, "timestamp": null, "begin": null, "end": null, "altitudeMode": null, "tessellate": 1, "extrude": 0, "visibility": 0, "drawOrder": null, "icon": null, "class": 3 }, "geometry": { "type": "Polygon", "coordinates": [ [ [ 51.50327456386632, 32.895891991361673, 0.0 ], [ 51.499999122430417, 32.863668703736103, 0.0 ], [ 51.515705930190236, 32.879741065955258, 0.0 ], [ 51.50327456386632, 32.895891991361673, 0.0 ] ] ] } },
{ "type": "Feature", "properties": { "Name": "Untitled Polygon", "description": null, "timestamp": null, "begin": null, "end": null, "altitudeMode": null, "tessellate": 1, "extrude": 0, "visibility": 0, "drawOrder": null, "icon": null, "class": 3 }, "geometry": { "type": "Polygon", "coordinates": [ [ [ 51.377207744906073, 32.750095083804013, 0.0 ], [ 51.417091478500467, 32.702625800380297, 0.0 ], [ 51.454111336117379, 32.725144810449478, 0.0 ], [ 51.377207744906073, 32.750095083804013, 0.0 ] ] ] } },
{ "type": "Feature", "properties": { "Name": "Untitled Polygon", "description": null, "timestamp": null, "begin": null, "end": null, "altitudeMode": null, "tessellate": 1, "extrude": 0, "visibility": 0, "drawOrder": null, "icon": null, "class": 3 }, "geometry": { "type": "Polygon", "coordinates": [ [ [ 51.463342641564978, 32.733339402404788, 0.0 ], [ 51.496048521845552, 32.713893089359878, 0.0 ], [ 51.49722232013044, 32.770878071201828, 0.0 ], [ 51.463342641564978, 32.733339402404788, 0.0 ] ] ] } },
{ "type": "Feature", "properties": { "Name": "Untitled Polygon", "description": null, "timestamp": null, "begin": null, "end": null, "altitudeMode": null, "tessellate": 1, "extrude": 0, "visibility": 0, "drawOrder": null, "icon": null, "class": 3 }, "geometry": { "type": "Polygon", "coordinates": [ [ [ 51.46498507341456, 32.817842419005359, 0.0 ], [ 51.483537263238993, 32.806628176856037, 0.0 ], [ 51.489730443394592, 32.821097481555498, 0.0 ], [ 51.46498507341456, 32.817842419005359, 0.0 ] ] ] } },
{ "type": "Feature", "properties": { "Name": "Untitled Polygon", "description": null, "timestamp": null, "begin": null, "end": null, "altitudeMode": null, "tessellate": 1, "extrude": 0, "visibility": 0, "drawOrder": null, "icon": null, "class": 3 }, "geometry": { "type": "Polygon", "coordinates": [ [ [ 51.474285771681437, 32.798973448262522, 0.0 ], [ 51.473770460223882, 32.772131473365192, 0.0 ], [ 51.47376634657256, 32.770296943962371, 0.0 ], [ 51.473765832861069, 32.770067882219919, 0.0 ], [ 51.490875964185079, 32.776341725695303, 0.0 ], [ 51.474285771681437, 32.798973448262522, 0.0 ] ] ] } },
{ "type": "Feature", "properties": { "Name": "Untitled Polygon", "description": null, "timestamp": null, "begin": null, "end": null, "altitudeMode": null, "tessellate": 1, "extrude": 0, "visibility": 0, "drawOrder": null, "icon": null, "class": 3 }, "geometry": { "type": "Polygon", "coordinates": [ [ [ 51.503178988605583, 32.765855827797033, 0.0 ], [ 51.515168839808368, 32.748743702875707, 0.0 ], [ 51.515181137382612, 32.748509886924943, 0.0 ], [ 51.526374537573354, 32.76476118011675, 0.0 ], [ 51.503178988605583, 32.765855827797033, 0.0 ] ] ] } },
{ "type": "Feature", "properties": { "Name": "Untitled Polygon", "description": null, "timestamp": null, "begin": null, "end": null, "altitudeMode": null, "tessellate": 1, "extrude": 0, "visibility": 0, "drawOrder": null, "icon": null, "class": 3 }, "geometry": { "type": "Polygon", "coordinates": [ [ [ 51.52926360249797, 32.755415075534231, 0.0 ], [ 51.53873576946232, 32.749366016110812, 0.0 ], [ 51.533743128093732, 32.765476202585489, 0.0 ], [ 51.52926360249797, 32.755415075534231, 0.0 ] ] ] } },
{ "type": "Feature", "properties": { "Name": "Untitled Polygon", "description": null, "timestamp": null, "begin": null, "end": null, "altitudeMode": null, "tessellate": 1, "extrude": 0, "visibility": 0, "drawOrder": null, "icon": null, "class": 3 }, "geometry": { "type": "Polygon", "coordinates": [ [ [ 51.36784398258213, 32.68851495083991, 0.0 ], [ 51.399271119414671, 32.669232876933187, 0.0 ], [ 51.396526746910183, 32.698857098329739, 0.0 ], [ 51.36784398258213, 32.68851495083991, 0.0 ] ] ] } },
{ "type": "Feature", "properties": { "Name": "Untitled Polygon", "description": null, "timestamp": null, "begin": null, "end": null, "altitudeMode": null, "tessellate": 1, "extrude": 0, "visibility": 0, "drawOrder": null, "icon": null, "class": 3 }, "geometry": { "type": "Polygon", "coordinates": [ [ [ 51.310053888844877, 32.727519290512063, 0.0 ], [ 51.344679711443654, 32.699608760435488, 0.0 ], [ 51.34998683525118, 32.756898145038257, 0.0 ], [ 51.310053888844877, 32.727519290512063, 0.0 ] ] ] } },
{ "type": "Feature", "properties": { "Name": "20", "description": null, "timestamp": null, "begin": null, "end": null, "altitudeMode": null, "tessellate": 1, "extrude": 0, "visibility": 0, "drawOrder": null, "icon": null, "class": 3 }, "geometry": { "type": "Polygon", "coordinates": [ [ [ 51.298384220603388, 32.773460421356198, 0.0 ], [ 51.307682221123457, 32.752670663567081, 0.0 ], [ 51.308262674243977, 32.751724160490909, 0.0 ], [ 51.34937651855676, 32.78901581956562, 0.0 ], [ 51.298384220603388, 32.773460421356198, 0.0 ] ] ] } },
{ "type": "Feature", "properties": { "Name": "Untitled Polygon", "description": null, "timestamp": null, "begin": null, "end": null, "altitudeMode": null, "tessellate": 1, "extrude": 0, "visibility": 0, "drawOrder": null, "icon": null, "class": 3 }, "geometry": { "type": "Polygon", "coordinates": [ [ [ 51.357264940209831, 32.753358237369333, 0.0 ], [ 51.352050819073902, 32.704240398071697, 0.0 ], [ 51.392780929062127, 32.707064684959512, 0.0 ], [ 51.357264940209831, 32.753358237369333, 0.0 ] ] ] } },
{ "type": "Feature", "properties": { "Name": "Untitled Polygon", "description": null, "timestamp": null, "begin": null, "end": null, "altitudeMode": null, "tessellate": 1, "extrude": 0, "visibility": 0, "drawOrder": null, "icon": null, "class": 3 }, "geometry": { "type": "Polygon", "coordinates": [ [ [ 51.36279430685498, 32.754657462573597, 0.0 ], [ 51.37011883824195, 32.758351468394459, 0.0 ], [ 51.407691072934107, 32.758325480504247, 0.0 ], [ 51.400272150560411, 32.776859015589409, 0.0 ], [ 51.384619816998978, 32.792474543072132, 0.0 ], [ 51.373583861131287, 32.780057988683673, 0.0 ], [ 51.356718368491428, 32.787617205257597, 0.0 ], [ 51.337939525525719, 32.769438154843357, 0.0 ], [ 51.36279430685498, 32.754657462573597, 0.0 ] ] ] } },
{ "type": "Feature", "properties": { "Name": "Untitled Polygon", "description": null, "timestamp": null, "begin": null, "end": null, "altitudeMode": null, "tessellate": 1, "extrude": 0, "visibility": 0, "drawOrder": null, "icon": null, "class": 3 }, "geometry": { "type": "Polygon", "coordinates": [ [ [ 51.413619645025904, 32.752418838867058, 0.0 ], [ 51.415737472885382, 32.742228597389172, 0.0 ], [ 51.457670177712259, 32.731714555213927, 0.0 ], [ 51.463656062483913, 32.746545598487529, 0.0 ], [ 51.413619645025904, 32.752418838867058, 0.0 ] ] ] } },
{ "type": "Feature", "properties": { "Name": "Untitled Polygon", "description": null, "timestamp": null, "begin": null, "end": null, "altitudeMode": null, "tessellate": 1, "extrude": 0, "visibility": 0, "drawOrder": null, "icon": null, "class": 3 }, "geometry": { "type": "Polygon", "coordinates": [ [ [ 51.364835176104457, 32.854913944775589, 0.0 ], [ 51.390140341179922, 32.845755146403718, 0.0 ], [ 51.394440838111038, 32.874995122501169, 0.0 ], [ 51.364835176104457, 32.854913944775589, 0.0 ] ] ] } },
{ "type": "Feature", "properties": { "Name": "Untitled Polygon", "description": null, "timestamp": null, "begin": null, "end": null, "altitudeMode": null, "tessellate": 1, "extrude": 0, "visibility": 0, "drawOrder": null, "icon": null, "class": 3 }, "geometry": { "type": "Polygon", "coordinates": [ [ [ 51.301329645821689, 32.669432876834598, 0.0 ], [ 51.388818670250103, 32.662324489491432, 0.0 ], [ 51.301377210698433, 32.722996565477217, 0.0 ], [ 51.301329645821689, 32.669432876834598, 0.0 ] ] ] } },
{ "type": "Feature", "properties": { "Name": "Untitled Polygon", "description": null, "timestamp": null, "begin": null, "end": null, "altitudeMode": null, "tessellate": 1, "extrude": 0, "visibility": 0, "drawOrder": null, "icon": null, "class": 3 }, "geometry": { "type": "Polygon", "coordinates": [ [ [ 51.415752793932732, 32.678927031253181, 0.0 ], [ 51.428533192079492, 32.680384048202058, 0.0 ], [ 51.432455055710527, 32.684141446769679, 0.0 ], [ 51.450506535712101, 32.685380739695162, 0.0 ], [ 51.463462294687403, 32.685065031514888, 0.0 ], [ 51.459977168701521, 32.693818980289777, 0.0 ], [ 51.471457025272016, 32.702754916311953, 0.0 ], [ 51.478199402399028, 32.711287191194799, 0.0 ], [ 51.471024212697927, 32.717958098400551, 0.0 ], [ 51.45877332887116, 32.727728061847422, 0.0 ], [ 51.453716813960767, 32.720591207280883, 0.0 ], [ 51.446265771340819, 32.711963639298787, 0.0 ], [ 51.429680940082847, 32.705894251368633, 0.0 ], [ 51.421022236423461, 32.699917955350578, 0.0 ], [ 51.408112237456677, 32.702859046923329, 0.0 ], [ 51.404929394795751, 32.679926674547318, 0.0 ], [ 51.415752793932732, 32.678927031253181, 0.0 ] ] ] } },
{ "type": "Feature", "properties": { "Name": "Untitled Polygon", "description": null, "timestamp": null, "begin": null, "end": null, "altitudeMode": null, "tessellate": 1, "extrude": 0, "visibility": 0, "drawOrder": null, "icon": null, "class": 3 }, "geometry": { "type": "Polygon", "coordinates": [ [ [ 51.501727238331881, 32.733808975465919, 0.0 ], [ 51.502661391542951, 32.718615592666737, 0.0 ], [ 51.516418103830297, 32.737446856316403, 0.0 ], [ 51.501727238331881, 32.733808975465919, 0.0 ] ] ] } },
{ "type": "Feature", "properties": { "Name": "Untitled Polygon", "description": null, "timestamp": null, "begin": null, "end": null, "altitudeMode": null, "tessellate": 1, "extrude": 0, "visibility": 0, "drawOrder": null, "icon": null, "class": 3 }, "geometry": { "type": "Polygon", "coordinates": [ [ [ 51.5022972277063, 32.751024213670213, 0.0 ], [ 51.501252568296643, 32.74206756911147, 0.0 ], [ 51.514946969562381, 32.74171671545519, 0.0 ], [ 51.5022972277063, 32.751024213670213, 0.0 ] ] ] } },
{ "type": "Feature", "properties": { "Name": "Untitled Polygon", "description": null, "timestamp": null, "begin": null, "end": null, "altitudeMode": null, "tessellate": 1, "extrude": 0, "visibility": 0, "drawOrder": null, "icon": null, "class": 3 }, "geometry": { "type": "Polygon", "coordinates": [ [ [ 51.502279149089397, 32.706975537746388, 0.0 ], [ 51.504362375869732, 32.714183652225458, 0.0 ], [ 51.496269582010633, 32.711528803371579, 0.0 ], [ 51.502279149089397, 32.706975537746388, 0.0 ] ] ] } },
{ "type": "Feature", "properties": { "Name": "30", "description": null, "timestamp": null, "begin": null, "end": null, "altitudeMode": null, "tessellate": 1, "extrude": 0, "visibility": 0, "drawOrder": null, "icon": null, "class": 3 }, "geometry": { "type": "Polygon", "coordinates": [ [ [ 51.51406205378855, 32.719754110737327, 0.0 ], [ 51.513784047846407, 32.729420373941352, 0.0 ], [ 51.506473715226583, 32.716940358832638, 0.0 ], [ 51.51406205378855, 32.719754110737327, 0.0 ] ] ] } },
{ "type": "Feature", "properties": { "Name": "Untitled Polygon", "description": null, "timestamp": null, "begin": null, "end": null, "altitudeMode": null, "tessellate": 1, "extrude": 0, "visibility": 0, "drawOrder": null, "icon": null, "class": 3 }, "geometry": { "type": "Polygon", "coordinates": [ [ [ 51.38774586381858, 32.827662466120131, 0.0 ], [ 51.382237449866672, 32.839760986714822, 0.0 ], [ 51.376821215374157, 32.827194369174883, 0.0 ], [ 51.38774586381858, 32.827662466120131, 0.0 ] ] ] } },
{ "type": "Feature", "properties": { "Name": "Untitled Polygon", "description": null, "timestamp": null, "begin": null, "end": null, "altitudeMode": null, "tessellate": 1, "extrude": 0, "visibility": 0, "drawOrder": null, "icon": null, "class": 3 }, "geometry": { "type": "Polygon", "coordinates": [ [ [ 51.360752850387748, 32.792202248537272, 0.0 ], [ 51.34284016477725, 32.803552425134548, 0.0 ], [ 51.343038370908438, 32.794987910756937, 0.0 ], [ 51.360752850387748, 32.792202248537272, 0.0 ] ] ] } },
{ "type": "Feature", "properties": { "Name": "Untitled Polygon", "description": null, "timestamp": null, "begin": null, "end": null, "altitudeMode": null, "tessellate": 1, "extrude": 0, "visibility": 0, "drawOrder": null, "icon": null, "class": 3 }, "geometry": { "type": "Polygon", "coordinates": [ [ [ 51.318550750428209, 32.823525409546697, 0.0 ], [ 51.336197532629413, 32.81663364948416, 0.0 ], [ 51.343184818403671, 32.848082664342307, 0.0 ], [ 51.318550750428209, 32.823525409546697, 0.0 ] ] ] } },
{ "type": "Feature", "properties": { "Name": "Untitled Polygon", "description": null, "timestamp": null, "begin": null, "end": null, "altitudeMode": null, "tessellate": 1, "extrude": 0, "visibility": 0, "drawOrder": null, "icon": null, "class": 3 }, "geometry": { "type": "Polygon", "coordinates": [ [ [ 51.297603216073121, 32.909173286244602, 0.0 ], [ 51.2994922720519, 32.902600567308447, 0.0 ], [ 51.388238025305228, 32.899015912300392, 0.0 ], [ 51.39049292954288, 32.906706667727207, 0.0 ], [ 51.297603216073121, 32.909173286244602, 0.0 ] ] ] } },
{ "type": "Feature", "properties": { "Name": "Untitled Polygon", "description": null, "timestamp": null, "begin": null, "end": null, "altitudeMode": null, "tessellate": 1, "extrude": 0, "visibility": 0, "drawOrder": null, "icon": null, "class": 3 }, "geometry": { "type": "Polygon", "coordinates": [ [ [ 51.34913108621123, 32.814416513043057, 0.0 ], [ 51.357049588172949, 32.81057390420461, 0.0 ], [ 51.37195386940548, 32.820044813609243, 0.0 ], [ 51.37027788848301, 32.827043713184068, 0.0 ], [ 51.364647726942017, 32.825471165403329, 0.0 ], [ 51.34913108621123, 32.814416513043057, 0.0 ] ] ] } },
{ "type": "Feature", "properties": { "Name": "Untitled Polygon", "description": null, "timestamp": null, "begin": null, "end": null, "altitudeMode": null, "tessellate": 1, "extrude": 0, "visibility": 0, "drawOrder": null, "icon": null, "class": 3 }, "geometry": { "type": "Polygon", "coordinates": [ [ [ 51.399204044215161, 32.867039757815391, 0.0 ], [ 51.39745867062674, 32.844579332321977, 0.0 ], [ 51.404540154063227, 32.844526437576818, 0.0 ], [ 51.399204044215161, 32.867039757815391, 0.0 ] ] ] } },
{ "type": "Feature", "properties": { "Name": "Untitled Polygon", "description": null, "timestamp": null, "begin": null, "end": null, "altitudeMode": null, "tessellate": 1, "extrude": 0, "visibility": 0, "drawOrder": null, "icon": null, "class": 3 }, "geometry": { "type": "Polygon", "coordinates": [ [ [ 51.409178153276351, 32.876063820473092, 0.0 ], [ 51.398558718668738, 32.89179781163643, 0.0 ], [ 51.38455307050743, 32.888479496150161, 0.0 ], [ 51.383892445666959, 32.876658964543687, 0.0 ], [ 51.409178153276351, 32.876063820473092, 0.0 ] ] ] } },
{ "type": "Feature", "properties": { "Name": "Untitled Polygon", "description": null, "timestamp": null, "begin": null, "end": null, "altitudeMode": null, "tessellate": 1, "extrude": 0, "visibility": 0, "drawOrder": null, "icon": null, "class": 3 }, "geometry": { "type": "Polygon", "coordinates": [ [ [ 51.448923679176737, 32.890013691065633, 0.0 ], [ 51.459728540696659, 32.874567365628117, 0.0 ], [ 51.461147003482829, 32.894869958587527, 0.0 ], [ 51.448923679176737, 32.890013691065633, 0.0 ] ] ] } },
{ "type": "Feature", "properties": { "Name": "Untitled Polygon", "description": null, "timestamp": null, "begin": null, "end": null, "altitudeMode": null, "tessellate": 1, "extrude": 0, "visibility": 0, "drawOrder": null, "icon": null, "class": 3 }, "geometry": { "type": "Polygon", "coordinates": [ [ [ 51.443423039274023, 32.83560827274512, 0.0 ], [ 51.450686710823497, 32.829762946940903, 0.0 ], [ 51.450913404189883, 32.829562404914348, 0.0 ], [ 51.4631702749965, 32.839962757374813, 0.0 ], [ 51.443423039274023, 32.83560827274512, 0.0 ] ] ] } },
{ "type": "Feature", "properties": { "Name": "40", "description": null, "timestamp": null, "begin": null, "end": null, "altitudeMode": null, "tessellate": 1, "extrude": 0, "visibility": 0, "drawOrder": null, "icon": null, "class": 3 }, "geometry": { "type": "Polygon", "coordinates": [ [ [ 51.454536842818293, 32.851263595307977, 0.0 ], [ 51.465461435621137, 32.842262622668152, 0.0 ], [ 51.465580018156828, 32.863853675088677, 0.0 ], [ 51.454536842818293, 32.851263595307977, 0.0 ] ] ] } },
{ "type": "Feature", "properties": { "Name": "Untitled Polygon", "description": null, "timestamp": null, "begin": null, "end": null, "altitudeMode": null, "tessellate": 1, "extrude": 0, "visibility": 0, "drawOrder": null, "icon": null, "class": 3 }, "geometry": { "type": "Polygon", "coordinates": [ [ [ 51.471925317045233, 32.849813716449333, 0.0 ], [ 51.488816947081943, 32.841292345036727, 0.0 ], [ 51.482816313557073, 32.856111322216641, 0.0 ], [ 51.471925317045233, 32.849813716449333, 0.0 ] ] ] } },
{ "type": "Feature", "properties": { "Name": "Untitled Polygon", "description": null, "timestamp": null, "begin": null, "end": null, "altitudeMode": null, "tessellate": 1, "extrude": 0, "visibility": 0, "drawOrder": null, "icon": null, "class": 3 }, "geometry": { "type": "Polygon", "coordinates": [ [ [ 51.48555566091558, 32.86735702454245, 0.0 ], [ 51.495415056647573, 32.861799829185337, 0.0 ], [ 51.495843936596572, 32.879572899950382, 0.0 ], [ 51.48555566091558, 32.86735702454245, 0.0 ] ] ] } },
{ "type": "Feature", "properties": { "Name": "Untitled Polygon", "description": null, "timestamp": null, "begin": null, "end": null, "altitudeMode": null, "tessellate": 1, "extrude": 0, "visibility": 0, "drawOrder": null, "icon": null, "class": 3 }, "geometry": { "type": "Polygon", "coordinates": [ [ [ 51.468006602608398, 32.906475493859652, 0.0 ], [ 51.482609248362159, 32.899743140450013, 0.0 ], [ 51.489597039803137, 32.905462107169917, 0.0 ], [ 51.468006602608398, 32.906475493859652, 0.0 ] ] ] } },
{ "type": "Feature", "properties": { "Name": "Untitled Polygon", "description": null, "timestamp": null, "begin": null, "end": null, "altitudeMode": null, "tessellate": 1, "extrude": 0, "visibility": 0, "drawOrder": null, "icon": null, "class": 3 }, "geometry": { "type": "Polygon", "coordinates": [ [ [ 51.445012435432503, 32.906881977176511, 0.0 ], [ 51.453537993730443, 32.898846009066538, 0.0 ], [ 51.45852225866328, 32.907368479667198, 0.0 ], [ 51.445012435432503, 32.906881977176511, 0.0 ] ] ] } },
{ "type": "Feature", "properties": { "Name": "Untitled Polygon", "description": null, "timestamp": null, "begin": null, "end": null, "altitudeMode": null, "tessellate": 1, "extrude": 0, "visibility": 0, "drawOrder": null, "icon": null, "class": 3 }, "geometry": { "type": "Polygon", "coordinates": [ [ [ 51.408127746627251, 32.813084202353863, 0.0 ], [ 51.421149454478019, 32.808361896126712, 0.0 ], [ 51.427303306897613, 32.816743563885623, 0.0 ], [ 51.408127746627251, 32.813084202353863, 0.0 ] ] ] } },
{ "type": "Feature", "properties": { "Name": "Untitled Polygon", "description": null, "timestamp": null, "begin": null, "end": null, "altitudeMode": null, "tessellate": 1, "extrude": 0, "visibility": 0, "drawOrder": null, "icon": null, "class": 3 }, "geometry": { "type": "Polygon", "coordinates": [ [ [ 51.436675852329003, 32.818000471220671, 0.0 ], [ 51.446894577456831, 32.807619336873621, 0.0 ], [ 51.455469062564688, 32.81708990876686, 0.0 ], [ 51.436675852329003, 32.818000471220671, 0.0 ] ] ] } },
{ "type": "Feature", "properties": { "Name": "Untitled Polygon", "description": null, "timestamp": null, "begin": null, "end": null, "altitudeMode": null, "tessellate": 1, "extrude": 0, "visibility": 0, "drawOrder": null, "icon": null, "class": 3 }, "geometry": { "type": "Polygon", "coordinates": [ [ [ 51.452069592196388, 32.825262442826443, 0.0 ], [ 51.461290446226847, 32.822308599868002, 0.0 ], [ 51.46700247571583, 32.835154100219782, 0.0 ], [ 51.452069592196388, 32.825262442826443, 0.0 ] ] ] } },
{ "type": "Feature", "properties": { "Name": "Untitled Polygon", "description": null, "timestamp": null, "begin": null, "end": null, "altitudeMode": null, "tessellate": 1, "extrude": 0, "visibility": 0, "drawOrder": null, "icon": null, "class": 3 }, "geometry": { "type": "Polygon", "coordinates": [ [ [ 51.474004679482732, 32.832231985667278, 0.0 ], [ 51.466679159357049, 32.822745862738458, 0.0 ], [ 51.46667567882735, 32.821974270273579, 0.0 ], [ 51.477255142828348, 32.821877625309483, 0.0 ], [ 51.474004679482732, 32.832231985667278, 0.0 ] ] ] } },
{ "type": "Feature", "properties": { "Name": "Untitled Polygon", "description": null, "timestamp": null, "begin": null, "end": null, "altitudeMode": null, "tessellate": 1, "extrude": 0, "visibility": 0, "drawOrder": null, "icon": null, "class": 3 }, "geometry": { "type": "Polygon", "coordinates": [ [ [ 51.388965819777219, 32.807432861736622, 0.0 ], [ 51.399543799483958, 32.811250509555599, 0.0 ], [ 51.388263231219362, 32.819983119951701, 0.0 ], [ 51.388965819777219, 32.807432861736622, 0.0 ] ] ] } },
{ "type": "Feature", "properties": { "Name": "50", "description": null, "timestamp": null, "begin": null, "end": null, "altitudeMode": null, "tessellate": 1, "extrude": 0, "visibility": 0, "drawOrder": null, "icon": null, "class": 3 }, "geometry": { "type": "Polygon", "coordinates": [ [ [ 51.38835461477489, 32.798109704346992, 0.0 ], [ 51.392604488195907, 32.793908244063687, 0.0 ], [ 51.392794613423568, 32.803743378359528, 0.0 ], [ 51.38835461477489, 32.798109704346992, 0.0 ] ] ] } },
{ "type": "Feature", "properties": { "Name": "Untitled Polygon", "description": null, "timestamp": null, "begin": null, "end": null, "altitudeMode": null, "tessellate": 1, "extrude": 0, "visibility": 0, "drawOrder": null, "icon": null, "class": 3 }, "geometry": { "type": "Polygon", "coordinates": [ [ [ 51.390333632544547, 32.838109720192492, 0.0 ], [ 51.402618667577343, 32.832845456854869, 0.0 ], [ 51.40469831073613, 32.839204148585672, 0.0 ], [ 51.390333632544547, 32.838109720192492, 0.0 ] ] ] } },
{ "type": "Feature", "properties": { "Name": "Untitled Polygon", "description": null, "timestamp": null, "begin": null, "end": null, "altitudeMode": null, "tessellate": 1, "extrude": 0, "visibility": 0, "drawOrder": null, "icon": null, "class": 3 }, "geometry": { "type": "Polygon", "coordinates": [ [ [ 51.411258570879362, 32.869196413313183, 0.0 ], [ 51.416673748702713, 32.867968533292419, 0.0 ], [ 51.421815406945051, 32.875949964536261, 0.0 ], [ 51.411258570879362, 32.869196413313183, 0.0 ] ] ] } },
{ "type": "Feature", "properties": { "Name": "Untitled Polygon", "description": null, "timestamp": null, "begin": null, "end": null, "altitudeMode": null, "tessellate": 1, "extrude": 0, "visibility": 0, "drawOrder": null, "icon": null, "class": 3 }, "geometry": { "type": "Polygon", "coordinates": [ [ [ 51.419791116494082, 32.862437794130003, 0.0 ], [ 51.432723447377498, 32.849980670776418, 0.0 ], [ 51.433851545457827, 32.848976761160493, 0.0 ], [ 51.437732806271413, 32.852213051114788, 0.0 ], [ 51.424489179049942, 32.86557904866968, 0.0 ], [ 51.419791116494082, 32.862437794130003, 0.0 ] ] ] } },
{ "type": "Feature", "properties": { "Name": "Untitled Polygon", "description": null, "timestamp": null, "begin": null, "end": null, "altitudeMode": null, "tessellate": 1, "extrude": 0, "visibility": 0, "drawOrder": null, "icon": null, "class": 3 }, "geometry": { "type": "Polygon", "coordinates": [ [ [ 51.42603766500163, 32.882071146091413, 0.0 ], [ 51.435024526911789, 32.874800294677208, 0.0 ], [ 51.441397148239133, 32.884350004542213, 0.0 ], [ 51.42603766500163, 32.882071146091413, 0.0 ] ] ] } },
{ "type": "Feature", "properties": { "Name": "Untitled Polygon", "description": null, "timestamp": null, "begin": null, "end": null, "altitudeMode": null, "tessellate": 1, "extrude": 0, "visibility": 0, "drawOrder": null, "icon": null, "class": 3 }, "geometry": { "type": "Polygon", "coordinates": [ [ [ 51.301394995518017, 32.663997030070533, 0.0 ], [ 51.300421923501332, 32.649700319520733, 0.0 ], [ 51.323977093867569, 32.660956725124031, 0.0 ], [ 51.301394995518017, 32.663997030070533, 0.0 ] ] ] } },
{ "type": "Feature", "properties": { "Name": "Untitled Polygon", "description": null, "timestamp": null, "begin": null, "end": null, "altitudeMode": null, "tessellate": 1, "extrude": 0, "visibility": 0, "drawOrder": null, "icon": null, "class": 3 }, "geometry": { "type": "Polygon", "coordinates": [ [ [ 51.300555703032387, 32.627197434126678, 0.0 ], [ 51.300416569441097, 32.619571297757119, 0.0 ], [ 51.31532727664635, 32.622967257072709, 0.0 ], [ 51.300555703032387, 32.627197434126678, 0.0 ] ] ] } },
{ "type": "Feature", "properties": { "Name": "Untitled Polygon", "description": null, "timestamp": null, "begin": null, "end": null, "altitudeMode": null, "tessellate": 1, "extrude": 0, "visibility": 0, "drawOrder": null, "icon": null, "class": 3 }, "geometry": { "type": "Polygon", "coordinates": [ [ [ 51.34008205226958, 32.611294698067169, 0.0 ], [ 51.340808607936047, 32.614854106245623, 0.0 ], [ 51.328428788721617, 32.616996074448387, 0.0 ], [ 51.34008205226958, 32.611294698067169, 0.0 ] ] ] } },
{ "type": "Feature", "properties": { "Name": "Untitled Polygon", "description": null, "timestamp": null, "begin": null, "end": null, "altitudeMode": null, "tessellate": 1, "extrude": 0, "visibility": 0, "drawOrder": null, "icon": null, "class": 3 }, "geometry": { "type": "Polygon", "coordinates": [ [ [ 51.342336431754418, 32.608258873182777, 0.0 ], [ 51.339994658587223, 32.603197468736219, 0.0 ], [ 51.34204844273038, 32.603335957722592, 0.0 ], [ 51.342336431754418, 32.608258873182777, 0.0 ] ] ] } },
{ "type": "Feature", "properties": { "Name": "Untitled Polygon", "description": null, "timestamp": null, "begin": null, "end": null, "altitudeMode": null, "tessellate": 1, "extrude": 0, "visibility": 0, "drawOrder": null, "icon": null, "class": 3 }, "geometry": { "type": "Polygon", "coordinates": [ [ [ 51.386203768339051, 32.605427190691117, 0.0 ], [ 51.388347894263539, 32.601617484475668, 0.0 ], [ 51.392829937668459, 32.605036429874417, 0.0 ], [ 51.386203768339051, 32.605427190691117, 0.0 ] ] ] } },
{ "type": "Feature", "properties": { "Name": "60", "description": null, "timestamp": null, "begin": null, "end": null, "altitudeMode": null, "tessellate": 1, "extrude": 0, "visibility": 0, "drawOrder": null, "icon": null, "class": 3 }, "geometry": { "type": "Polygon", "coordinates": [ [ [ 51.295531228992388, 32.593311184172741, 0.0 ], [ 51.303209404441887, 32.571184109452993, 0.0 ], [ 51.31293182890365, 32.574524837125281, 0.0 ], [ 51.314566534337438, 32.589659271876393, 0.0 ], [ 51.295531228992388, 32.593311184172741, 0.0 ] ] ] } },
{ "type": "Feature", "properties": { "Name": "Untitled Polygon", "description": null, "timestamp": null, "begin": null, "end": null, "altitudeMode": null, "tessellate": 1, "extrude": 0, "visibility": 0, "drawOrder": null, "icon": null, "class": 3 }, "geometry": { "type": "Polygon", "coordinates": [ [ [ 51.318396188773711, 32.590715866995339, 0.0 ], [ 51.326076259189357, 32.579703213705884, 0.0 ], [ 51.33056498609929, 32.583229987115708, 0.0 ], [ 51.318396188773711, 32.590715866995339, 0.0 ] ] ] } },
{ "type": "Feature", "properties": { "Name": "Untitled Polygon", "description": null, "timestamp": null, "begin": null, "end": null, "altitudeMode": null, "tessellate": 1, "extrude": 0, "visibility": 0, "drawOrder": null, "icon": null, "class": 3 }, "geometry": { "type": "Polygon", "coordinates": [ [ [ 51.332551089230932, 32.539985546501441, 0.0 ], [ 51.339100552209317, 32.550891962970397, 0.0 ], [ 51.325773533288903, 32.565787338413443, 0.0 ], [ 51.30157289984092, 32.561229749756492, 0.0 ], [ 51.332551089230932, 32.539985546501441, 0.0 ] ] ] } },
{ "type": "Feature", "properties": { "Name": "Untitled Polygon", "description": null, "timestamp": null, "begin": null, "end": null, "altitudeMode": null, "tessellate": 1, "extrude": 0, "visibility": 0, "drawOrder": null, "icon": null, "class": 3 }, "geometry": { "type": "Polygon", "coordinates": [ [ [ 51.294701462984072, 32.529328367134752, 0.0 ], [ 51.298924134953687, 32.502963984561873, 0.0 ], [ 51.304260522694371, 32.504996429962389, 0.0 ], [ 51.30855862764426, 32.504143075248102, 0.0 ], [ 51.319672370810842, 32.503271793415429, 0.0 ], [ 51.332766392537017, 32.502892578465698, 0.0 ], [ 51.352346792127342, 32.501219614685823, 0.0 ], [ 51.363011770406189, 32.50237752995659, 0.0 ], [ 51.353239924038988, 32.509505485537638, 0.0 ], [ 51.353030495387813, 32.510254664159923, 0.0 ], [ 51.325669485823227, 32.534006648396748, 0.0 ], [ 51.299488387957133, 32.555162007676707, 0.0 ], [ 51.294701462984072, 32.529328367134752, 0.0 ] ] ] } },
{ "type": "Feature", "properties": { "Name": "Untitled Polygon", "description": null, "timestamp": null, "begin": null, "end": null, "altitudeMode": null, "tessellate": 1, "extrude": 0, "visibility": 0, "drawOrder": null, "icon": null, "class": 3 }, "geometry": { "type": "Polygon", "coordinates": [ [ [ 51.32960240882047, 32.53509478339474, 0.0 ], [ 51.330946762711811, 32.534676972669331, 0.0 ], [ 51.334742039769679, 32.534190726341897, 0.0 ], [ 51.338836079446828, 32.532166947810317, 0.0 ], [ 51.342763436536472, 32.528069258583017, 0.0 ], [ 51.348451889171862, 32.521881735266263, 0.0 ], [ 51.35449694691286, 32.515543873290909, 0.0 ], [ 51.364475427347323, 32.507647841698159, 0.0 ], [ 51.370860484498678, 32.504507479790263, 0.0 ], [ 51.381186280279721, 32.502728032513303, 0.0 ], [ 51.378291826883753, 32.507797491154243, 0.0 ], [ 51.371268945503139, 32.509298945124243, 0.0 ], [ 51.372467160774079, 32.51859100656808, 0.0 ], [ 51.373515303569363, 32.527232698819603, 0.0 ], [ 51.37096271161375, 32.538372565920866, 0.0 ], [ 51.350195119783812, 32.549154135495193, 0.0 ], [ 51.32960240882047, 32.53509478339474, 0.0 ] ] ] } },
{ "type": "Feature", "properties": { "Name": "Untitled Polygon", "description": null, "timestamp": null, "begin": null, "end": null, "altitudeMode": null, "tessellate": 1, "extrude": 0, "visibility": 0, "drawOrder": null, "icon": null, "class": 3 }, "geometry": { "type": "Polygon", "coordinates": [ [ [ 51.322870327571621, 32.568482389642803, 0.0 ], [ 51.349817448347302, 32.562818303350078, 0.0 ], [ 51.337113370526858, 32.577608773927437, 0.0 ], [ 51.322870327571621, 32.568482389642803, 0.0 ] ] ] } },
{ "type": "Feature", "properties": { "Name": "Untitled Polygon", "description": null, "timestamp": null, "begin": null, "end": null, "altitudeMode": null, "tessellate": 1, "extrude": 0, "visibility": 0, "drawOrder": null, "icon": null, "class": 3 }, "geometry": { "type": "Polygon", "coordinates": [ [ [ 51.305296845833311, 32.568935160114407, 0.0 ], [ 51.306820822098302, 32.565513382661898, 0.0 ], [ 51.314816547408228, 32.56870904151284, 0.0 ], [ 51.305296845833311, 32.568935160114407, 0.0 ] ] ] } },
{ "type": "Feature", "properties": { "Name": "Untitled Polygon", "description": null, "timestamp": null, "begin": null, "end": null, "altitudeMode": null, "tessellate": 1, "extrude": 0, "visibility": 0, "drawOrder": null, "icon": null, "class": 3 }, "geometry": { "type": "Polygon", "coordinates": [ [ [ 51.336702894571289, 32.558494196080829, 0.0 ], [ 51.343382678075884, 32.552194148634207, 0.0 ], [ 51.344148462922213, 32.560077256733159, 0.0 ], [ 51.336702894571289, 32.558494196080829, 0.0 ] ] ] } },
{ "type": "Feature", "properties": { "Name": "Untitled Polygon", "description": null, "timestamp": null, "begin": null, "end": null, "altitudeMode": null, "tessellate": 1, "extrude": 0, "visibility": 0, "drawOrder": null, "icon": null, "class": 3 }, "geometry": { "type": "Polygon", "coordinates": [ [ [ 51.317270092319148, 32.577092440029418, 0.0 ], [ 51.324430882735562, 32.572900789279593, 0.0 ], [ 51.326802973624368, 32.578279712603482, 0.0 ], [ 51.317270092319148, 32.577092440029418, 0.0 ] ] ] } },
{ "type": "Feature", "properties": { "Name": "Untitled Polygon", "description": null, "timestamp": null, "begin": null, "end": null, "altitudeMode": null, "tessellate": 1, "extrude": 0, "visibility": 0, "drawOrder": null, "icon": null, "class": 3 }, "geometry": { "type": "Polygon", "coordinates": [ [ [ 51.375862169117539, 32.514852601199003, 0.0 ], [ 51.375840684217422, 32.510916185837957, 0.0 ], [ 51.380509965117703, 32.514152642311288, 0.0 ], [ 51.375862169117539, 32.514852601199003, 0.0 ] ] ] } },
{ "type": "Feature", "properties": { "Name": "70", "description": null, "timestamp": null, "begin": null, "end": null, "altitudeMode": null, "tessellate": 1, "extrude": 0, "visibility": 0, "drawOrder": null, "icon": null, "class": 3 }, "geometry": { "type": "Polygon", "coordinates": [ [ [ 51.35182664034712, 32.564435226793258, 0.0 ], [ 51.355263403399299, 32.560372068400511, 0.0 ], [ 51.35774485418878, 32.565466611151109, 0.0 ], [ 51.35182664034712, 32.564435226793258, 0.0 ] ] ] } },
{ "type": "Feature", "properties": { "Name": "Untitled Polygon", "description": null, "timestamp": null, "begin": null, "end": null, "altitudeMode": null, "tessellate": 1, "extrude": 0, "visibility": 0, "drawOrder": null, "icon": null, "class": 3 }, "geometry": { "type": "Polygon", "coordinates": [ [ [ 51.344152391003909, 32.579474942896468, 0.0 ], [ 51.349025088125927, 32.572502448717422, 0.0 ], [ 51.353115315076778, 32.579227021215061, 0.0 ], [ 51.344152391003909, 32.579474942896468, 0.0 ] ] ] } },
{ "type": "Feature", "properties": { "Name": "Untitled Polygon", "description": null, "timestamp": null, "begin": null, "end": null, "altitudeMode": null, "tessellate": 1, "extrude": 0, "visibility": 0, "drawOrder": null, "icon": null, "class": 3 }, "geometry": { "type": "Polygon", "coordinates": [ [ [ 51.358170950037291, 32.54644808177229, 0.0 ], [ 51.36929114600499, 32.541377828959376, 0.0 ], [ 51.365953730117333, 32.546111207986641, 0.0 ], [ 51.358170950037291, 32.54644808177229, 0.0 ] ] ] } },
{ "type": "Feature", "properties": { "Name": "Untitled Polygon", "description": null, "timestamp": null, "begin": null, "end": null, "altitudeMode": null, "tessellate": 1, "extrude": 0, "visibility": 0, "drawOrder": null, "icon": null, "class": 3 }, "geometry": { "type": "Polygon", "coordinates": [ [ [ 51.385663981442569, 32.501517646098087, 0.0 ], [ 51.397925996687128, 32.499680150015948, 0.0 ], [ 51.391241756275022, 32.505799992886217, 0.0 ], [ 51.385663981442569, 32.501517646098087, 0.0 ] ] ] } },
{ "type": "Feature", "properties": { "Name": "Untitled Polygon", "description": null, "timestamp": null, "begin": null, "end": null, "altitudeMode": null, "tessellate": 1, "extrude": 0, "visibility": 0, "drawOrder": null, "icon": null, "class": 3 }, "geometry": { "type": "Polygon", "coordinates": [ [ [ 51.295281935078293, 32.566013399983852, 0.0 ], [ 51.295053732687848, 32.553939175684647, 0.0 ], [ 51.30162621487279, 32.564871228836807, 0.0 ], [ 51.295281935078293, 32.566013399983852, 0.0 ] ] ] } },
{ "type": "Feature", "properties": { "Name": "Untitled Polygon", "description": null, "timestamp": null, "begin": null, "end": null, "altitudeMode": null, "tessellate": 1, "extrude": 0, "visibility": 0, "drawOrder": null, "icon": null, "class": 3 }, "geometry": { "type": "Polygon", "coordinates": [ [ [ 51.572743596366251, 32.538209436840397, 0.0 ], [ 51.581687444059497, 32.512041382840977, 0.0 ], [ 51.605477180155972, 32.523458655182743, 0.0 ], [ 51.572743596366251, 32.538209436840397, 0.0 ] ] ] } },
{ "type": "Feature", "properties": { "Name": "Untitled Polygon", "description": null, "timestamp": null, "begin": null, "end": null, "altitudeMode": null, "tessellate": 1, "extrude": 0, "visibility": 0, "drawOrder": null, "icon": null, "class": 3 }, "geometry": { "type": "Polygon", "coordinates": [ [ [ 51.548113744640361, 32.529720131073702, 0.0 ], [ 51.556281654433683, 32.528356105891213, 0.0 ], [ 51.556919499541671, 32.539848103483898, 0.0 ], [ 51.548113744640361, 32.529720131073702, 0.0 ] ] ] } },
{ "type": "Feature", "properties": { "Name": "Untitled Polygon", "description": null, "timestamp": null, "begin": null, "end": null, "altitudeMode": null, "tessellate": 1, "extrude": 0, "visibility": 0, "drawOrder": null, "icon": null, "class": 3 }, "geometry": { "type": "Polygon", "coordinates": [ [ [ 51.549004289236841, 32.537590253710761, 0.0 ], [ 51.547981364542487, 32.540100042376793, 0.0 ], [ 51.546166099094279, 32.535270356983197, 0.0 ], [ 51.549004289236841, 32.537590253710761, 0.0 ] ] ] } },
{ "type": "Feature", "properties": { "Name": "Untitled Polygon", "description": null, "timestamp": null, "begin": null, "end": null, "altitudeMode": null, "tessellate": 1, "extrude": 0, "visibility": 0, "drawOrder": null, "icon": null, "class": 3 }, "geometry": { "type": "Polygon", "coordinates": [ [ [ 51.562613736613322, 32.529619796482358, 0.0 ], [ 51.568480076967781, 32.516051096279078, 0.0 ], [ 51.574344155977663, 32.526226178928788, 0.0 ], [ 51.562613736613322, 32.529619796482358, 0.0 ] ] ] } },
{ "type": "Feature", "properties": { "Name": "Untitled Polygon", "description": null, "timestamp": null, "begin": null, "end": null, "altitudeMode": null, "tessellate": 1, "extrude": 0, "visibility": 0, "drawOrder": null, "icon": null, "class": 3 }, "geometry": { "type": "Polygon", "coordinates": [ [ [ 51.596452653465327, 32.50749683599561, 0.0 ], [ 51.61300861596748, 32.50230326989486, 0.0 ], [ 51.61917078078222, 32.520155411582522, 0.0 ], [ 51.596452653465327, 32.50749683599561, 0.0 ] ] ] } },
{ "type": "Feature", "properties": { "Name": "80", "description": null, "timestamp": null, "begin": null, "end": null, "altitudeMode": null, "tessellate": 1, "extrude": 0, "visibility": 0, "drawOrder": null, "icon": null, "class": 3 }, "geometry": { "type": "Polygon", "coordinates": [ [ [ 51.584196796562331, 32.510252551774649, 0.0 ], [ 51.586833488592227, 32.503060388208723, 0.0 ], [ 51.594573231802919, 32.513882183170587, 0.0 ], [ 51.584196796562331, 32.510252551774649, 0.0 ] ] ] } },
{ "type": "Feature", "properties": { "Name": "Untitled Polygon", "description": null, "timestamp": null, "begin": null, "end": null, "altitudeMode": null, "tessellate": 1, "extrude": 0, "visibility": 0, "drawOrder": null, "icon": null, "class": 3 }, "geometry": { "type": "Polygon", "coordinates": [ [ [ 51.579942213999779, 32.53936895980911, 0.0 ], [ 51.604904761072859, 32.528472613573257, 0.0 ], [ 51.609785827535262, 32.53976918692593, 0.0 ], [ 51.579942213999779, 32.53936895980911, 0.0 ] ] ] } },
{ "type": "Feature", "properties": { "Name": "Untitled Polygon", "description": null, "timestamp": null, "begin": null, "end": null, "altitudeMode": null, "tessellate": 1, "extrude": 0, "visibility": 0, "drawOrder": null, "icon": null, "class": 3 }, "geometry": { "type": "Polygon", "coordinates": [ [ [ 51.583079518395728, 32.547063940266497, 0.0 ], [ 51.585065569411483, 32.541497185480168, 0.0 ], [ 51.60813307603236, 32.544746342970612, 0.0 ], [ 51.583079518395728, 32.547063940266497, 0.0 ] ] ] } },
{ "type": "Feature", "properties": { "Name": "Untitled Polygon", "description": null, "timestamp": null, "begin": null, "end": null, "altitudeMode": null, "tessellate": 1, "extrude": 0, "visibility": 0, "drawOrder": null, "icon": null, "class": 3 }, "geometry": { "type": "Polygon", "coordinates": [ [ [ 51.586711604303837, 32.554575976235697, 0.0 ], [ 51.593746130671313, 32.550717628218059, 0.0 ], [ 51.604617901158761, 32.550515977774523, 0.0 ], [ 51.586711604303837, 32.554575976235697, 0.0 ] ] ] } },
{ "type": "Feature", "properties": { "Name": "Untitled Polygon", "description": null, "timestamp": null, "begin": null, "end": null, "altitudeMode": null, "tessellate": 1, "extrude": 0, "visibility": 0, "drawOrder": null, "icon": null, "class": 3 }, "geometry": { "type": "Polygon", "coordinates": [ [ [ 51.613472814587858, 32.55198193796879, 0.0 ], [ 51.615903051312458, 32.545079962695617, 0.0 ], [ 51.623957777974077, 32.549376833232373, 0.0 ], [ 51.613472814587858, 32.55198193796879, 0.0 ] ] ] } },
{ "type": "Feature", "properties": { "Name": "Untitled Polygon", "description": null, "timestamp": null, "begin": null, "end": null, "altitudeMode": null, "tessellate": 1, "extrude": 0, "visibility": 0, "drawOrder": null, "icon": null, "class": 3 }, "geometry": { "type": "Polygon", "coordinates": [ [ [ 51.589577709053827, 32.569732722557823, 0.0 ], [ 51.591882787995537, 32.55745568005019, 0.0 ], [ 51.607645866757991, 32.559126181250171, 0.0 ], [ 51.613718039158911, 32.565193388739431, 0.0 ], [ 51.589577709053827, 32.569732722557823, 0.0 ] ] ] } },
{ "type": "Feature", "properties": { "Name": "Untitled Polygon", "description": null, "timestamp": null, "begin": null, "end": null, "altitudeMode": null, "tessellate": 1, "extrude": 0, "visibility": 0, "drawOrder": null, "icon": null, "class": 3 }, "geometry": { "type": "Polygon", "coordinates": [ [ [ 51.572353103849892, 32.542277299934533, 0.0 ], [ 51.57624532139539, 32.538724497840143, 0.0 ], [ 51.580934583129967, 32.545037110142317, 0.0 ], [ 51.572353103849892, 32.542277299934533, 0.0 ] ] ] } },
{ "type": "Feature", "properties": { "Name": "Untitled Polygon", "description": null, "timestamp": null, "begin": null, "end": null, "altitudeMode": null, "tessellate": 1, "extrude": 0, "visibility": 0, "drawOrder": null, "icon": null, "class": 3 }, "geometry": { "type": "Polygon", "coordinates": [ [ [ 51.623369367733829, 32.558349378362593, 0.0 ], [ 51.633489574798972, 32.543588320537182, 0.0 ], [ 51.657048091706123, 32.549680201067552, 0.0 ], [ 51.65824402192208, 32.55991154168413, 0.0 ], [ 51.653122391033747, 32.572538634645653, 0.0 ], [ 51.644276484551654, 32.57955991543016, 0.0 ], [ 51.623369367733829, 32.558349378362593, 0.0 ] ] ] } },
{ "type": "Feature", "properties": { "Name": "Untitled Polygon", "description": null, "timestamp": null, "begin": null, "end": null, "altitudeMode": null, "tessellate": 1, "extrude": 0, "visibility": 0, "drawOrder": null, "icon": null, "class": 3 }, "geometry": { "type": "Polygon", "coordinates": [ [ [ 51.611888076826261, 32.594629327374342, 0.0 ], [ 51.617223273950422, 32.57376126190659, 0.0 ], [ 51.628863511249619, 32.576589605172757, 0.0 ], [ 51.627411731398077, 32.598383525847673, 0.0 ], [ 51.611888076826261, 32.594629327374342, 0.0 ] ] ] } },
{ "type": "Feature", "properties": { "Name": "Untitled Polygon", "description": null, "timestamp": null, "begin": null, "end": null, "altitudeMode": null, "tessellate": 1, "extrude": 0, "visibility": 0, "drawOrder": null, "icon": null, "class": 3 }, "geometry": { "type": "Polygon", "coordinates": [ [ [ 51.601041350973397, 32.590310342900857, 0.0 ], [ 51.593479236369731, 32.577324835511433, 0.0 ], [ 51.593457277655908, 32.576949757624362, 0.0 ], [ 51.60321756881887, 32.573642778951182, 0.0 ], [ 51.60499047171291, 32.590134047520763, 0.0 ], [ 51.601041350973397, 32.590310342900857, 0.0 ] ] ] } },
{ "type": "Feature", "properties": { "Name": "90", "description": null, "timestamp": null, "begin": null, "end": null, "altitudeMode": null, "tessellate": 1, "extrude": 0, "visibility": 0, "drawOrder": null, "icon": null, "class": 3 }, "geometry": { "type": "Polygon", "coordinates": [ [ [ 51.602109090984207, 32.604611931953947, 0.0 ], [ 51.601609941856417, 32.596526621968117, 0.0 ], [ 51.614226402180172, 32.600885343924311, 0.0 ], [ 51.602109090984207, 32.604611931953947, 0.0 ] ] ] } },
{ "type": "Feature", "properties": { "Name": "Untitled Polygon", "description": null, "timestamp": null, "begin": null, "end": null, "altitudeMode": null, "tessellate": 1, "extrude": 0, "visibility": 0, "drawOrder": null, "icon": null, "class": 3 }, "geometry": { "type": "Polygon", "coordinates": [ [ [ 51.623264340852032, 32.61197849424893, 0.0 ], [ 51.624312270403813, 32.604063083735568, 0.0 ], [ 51.640974332752513, 32.604860237319357, 0.0 ], [ 51.642510349388459, 32.612396126388028, 0.0 ], [ 51.623264340852032, 32.61197849424893, 0.0 ] ] ] } },
{ "type": "Feature", "properties": { "Name": "Untitled Polygon", "description": null, "timestamp": null, "begin": null, "end": null, "altitudeMode": null, "tessellate": 1, "extrude": 0, "visibility": 0, "drawOrder": null, "icon": null, "class": 3 }, "geometry": { "type": "Polygon", "coordinates": [ [ [ 51.650895054435189, 32.600365490274562, 0.0 ], [ 51.6457933229023, 32.605565416420902, 0.0 ], [ 51.639354984711453, 32.590641011402859, 0.0 ], [ 51.650895054435189, 32.600365490274562, 0.0 ] ] ] } },
{ "type": "Feature", "properties": { "Name": "Untitled Polygon", "description": null, "timestamp": null, "begin": null, "end": null, "altitudeMode": null, "tessellate": 1, "extrude": 0, "visibility": 0, "drawOrder": null, "icon": null, "class": 3 }, "geometry": { "type": "Polygon", "coordinates": [ [ [ 51.632614927690973, 32.586173453935132, 0.0 ], [ 51.633647813078873, 32.576977484938382, 0.0 ], [ 51.650016508904351, 32.588681322686902, 0.0 ], [ 51.632614927690973, 32.586173453935132, 0.0 ] ] ] } },
{ "type": "Feature", "properties": { "Name": "Untitled Polygon", "description": null, "timestamp": null, "begin": null, "end": null, "altitudeMode": null, "tessellate": 1, "extrude": 0, "visibility": 0, "drawOrder": null, "icon": null, "class": 3 }, "geometry": { "type": "Polygon", "coordinates": [ [ [ 51.65629560568108, 32.590046856523287, 0.0 ], [ 51.661181589859702, 32.576180581215802, 0.0 ], [ 51.677364622350012, 32.581529067319188, 0.0 ], [ 51.65629560568108, 32.590046856523287, 0.0 ] ] ] } },
{ "type": "Feature", "properties": { "Name": "Untitled Polygon", "description": null, "timestamp": null, "begin": null, "end": null, "altitudeMode": null, "tessellate": 1, "extrude": 0, "visibility": 0, "drawOrder": null, "icon": null, "class": 3 }, "geometry": { "type": "Polygon", "coordinates": [ [ [ 51.683212956999412, 32.579815633242752, 0.0 ], [ 51.685185058900117, 32.57780588606812, 0.0 ], [ 51.686782570766148, 32.577956925026051, 0.0 ], [ 51.691790879617642, 32.578008924274798, 0.0 ], [ 51.69247324247798, 32.577987225497388, 0.0 ], [ 51.698133958633342, 32.577237973952663, 0.0 ], [ 51.698816361190453, 32.577218838189808, 0.0 ], [ 51.705123458901433, 32.575660254768671, 0.0 ], [ 51.706469444946222, 32.575226664315963, 0.0 ], [ 51.707378919547352, 32.57519757228399, 0.0 ], [ 51.714419415148171, 32.574786428976523, 0.0 ], [ 51.719678713406708, 32.57503513475887, 0.0 ], [ 51.721067505953222, 32.575389193633477, 0.0 ], [ 51.731562627390581, 32.575274035348961, 0.0 ], [ 51.732039289135123, 32.57564662362951, 0.0 ], [ 51.734631160480049, 32.576768662336157, 0.0 ], [ 51.734643238321937, 32.576964987142688, 0.0 ], [ 51.737700677068219, 32.58164347334867, 0.0 ], [ 51.740074297039911, 32.58617072847192, 0.0 ], [ 51.739817715739292, 32.589190433661713, 0.0 ], [ 51.738672821932212, 32.592838113391721, 0.0 ], [ 51.735624962531702, 32.595750019730772, 0.0 ], [ 51.731791413560579, 32.60112358935465, 0.0 ], [ 51.730950080395779, 32.606261588705429, 0.0 ], [ 51.729511158680538, 32.609382584579564, 0.0 ], [ 51.723522813177709, 32.610575587274717, 0.0 ], [ 51.714306164628709, 32.61247904003887, 0.0 ], [ 51.703034249053381, 32.610346241196133, 0.0 ], [ 51.689344001405061, 32.610751594791587, 0.0 ], [ 51.684385750138233, 32.580762067723498, 0.0 ], [ 51.687003464290747, 32.596669018432038, 0.0 ], [ 51.683212956999412, 32.579815633242752, 0.0 ] ] ] } },
{ "type": "Feature", "properties": { "Name": "Untitled Polygon", "description": null, "timestamp": null, "begin": null, "end": null, "altitudeMode": null, "tessellate": 1, "extrude": 0, "visibility": 0, "drawOrder": null, "icon": null, "class": 3 }, "geometry": { "type": "Polygon", "coordinates": [ [ [ 51.684203986189402, 32.545041997041487, 0.0 ], [ 51.683190713419222, 32.560375692812869, 0.0 ], [ 51.66298645580072, 32.56131927856876, 0.0 ], [ 51.684203986189402, 32.545041997041487, 0.0 ] ] ] } },
{ "type": "Feature", "properties": { "Name": "Untitled Polygon", "description": null, "timestamp": null, "begin": null, "end": null, "altitudeMode": null, "tessellate": 1, "extrude": 0, "visibility": 0, "drawOrder": null, "icon": null, "class": 3 }, "geometry": { "type": "Polygon", "coordinates": [ [ [ 51.708818757175138, 32.572025366601629, 0.0 ], [ 51.715689019737731, 32.559790570689628, 0.0 ], [ 51.729742463235112, 32.571424770703473, 0.0 ], [ 51.708818757175138, 32.572025366601629, 0.0 ] ] ] } },
{ "type": "Feature", "properties": { "Name": "Untitled Polygon", "description": null, "timestamp": null, "begin": null, "end": null, "altitudeMode": null, "tessellate": 1, "extrude": 0, "visibility": 0, "drawOrder": null, "icon": null, "class": 3 }, "geometry": { "type": "Polygon", "coordinates": [ [ [ 51.648367938825032, 32.525863602284893, 0.0 ], [ 51.650639925699707, 32.543247340807667, 0.0 ], [ 51.634781351333267, 32.539017789349892, 0.0 ], [ 51.648367938825032, 32.525863602284893, 0.0 ] ] ] } },
{ "type": "Feature", "properties": { "Name": "Untitled Polygon", "description": null, "timestamp": null, "begin": null, "end": null, "altitudeMode": null, "tessellate": 1, "extrude": 0, "visibility": 0, "drawOrder": null, "icon": null, "class": 3 }, "geometry": { "type": "Polygon", "coordinates": [ [ [ 51.652840755563012, 32.514457304147228, 0.0 ], [ 51.657684989124668, 32.516506947016303, 0.0 ], [ 51.643704745477713, 32.521004057392616, 0.0 ], [ 51.652840755563012, 32.514457304147228, 0.0 ] ] ] } },
{ "type": "Feature", "properties": { "Name": "100", "description": null, "timestamp": null, "begin": null, "end": null, "altitudeMode": null, "tessellate": 1, "extrude": 0, "visibility": 0, "drawOrder": null, "icon": null, "class": 3 }, "geometry": { "type": "Polygon", "coordinates": [ [ [ 51.615892826986951, 32.526278736538607, 0.0 ], [ 51.628426746778189, 32.525914393844943, 0.0 ], [ 51.619210006907302, 32.529725767772597, 0.0 ], [ 51.615892826986951, 32.526278736538607, 0.0 ] ] ] } },
{ "type": "Feature", "properties": { "Name": "Untitled Polygon", "description": null, "timestamp": null, "begin": null, "end": null, "altitudeMode": null, "tessellate": 1, "extrude": 0, "visibility": 0, "drawOrder": null, "icon": null, "class": 3 }, "geometry": { "type": "Polygon", "coordinates": [ [ [ 51.616824392792971, 32.542205568792767, 0.0 ], [ 51.62816253967398, 32.53582145684841, 0.0 ], [ 51.627041591935303, 32.544353879419582, 0.0 ], [ 51.616824392792971, 32.542205568792767, 0.0 ] ] ] } },
{ "type": "Feature", "properties": { "Name": "Untitled Polygon", "description": null, "timestamp": null, "begin": null, "end": null, "altitudeMode": null, "tessellate": 1, "extrude": 0, "visibility": 0, "drawOrder": null, "icon": null, "class": 3 }, "geometry": { "type": "Polygon", "coordinates": [ [ [ 51.614019778740911, 32.570989097621158, 0.0 ], [ 51.61934969570585, 32.563277048752497, 0.0 ], [ 51.629848573286701, 32.573558823885662, 0.0 ], [ 51.614019778740911, 32.570989097621158, 0.0 ] ] ] } },
{ "type": "Feature", "properties": { "Name": "Untitled Polygon", "description": null, "timestamp": null, "begin": null, "end": null, "altitudeMode": null, "tessellate": 1, "extrude": 0, "visibility": 0, "drawOrder": null, "icon": null, "class": 3 }, "geometry": { "type": "Polygon", "coordinates": [ [ [ 51.684881370173088, 32.563411853378703, 0.0 ], [ 51.691325468942537, 32.55513037881385, 0.0 ], [ 51.69546528725192, 32.56795304517194, 0.0 ], [ 51.684881370173088, 32.563411853378703, 0.0 ] ] ] } },
{ "type": "Feature", "properties": { "Name": "Untitled Polygon", "description": null, "timestamp": null, "begin": null, "end": null, "altitudeMode": null, "tessellate": 1, "extrude": 0, "visibility": 0, "drawOrder": null, "icon": null, "class": 3 }, "geometry": { "type": "Polygon", "coordinates": [ [ [ 51.654093468433217, 32.507669538217101, 0.0 ], [ 51.65946348725879, 32.50225539176715, 0.0 ], [ 51.666226424554289, 32.504198651840483, 0.0 ], [ 51.654093468433217, 32.507669538217101, 0.0 ] ] ] } },
{ "type": "Feature", "properties": { "Name": "Untitled Polygon", "description": null, "timestamp": null, "begin": null, "end": null, "altitudeMode": null, "tessellate": 1, "extrude": 0, "visibility": 0, "drawOrder": null, "icon": null, "class": 3 }, "geometry": { "type": "Polygon", "coordinates": [ [ [ 51.686108503644093, 32.506085152918772, 0.0 ], [ 51.692296644284291, 32.502257359543719, 0.0 ], [ 51.68903000003867, 32.50817484729231, 0.0 ], [ 51.686108503644093, 32.506085152918772, 0.0 ] ] ] } },
{ "type": "Feature", "properties": { "Name": "Untitled Polygon", "description": null, "timestamp": null, "begin": null, "end": null, "altitudeMode": null, "tessellate": 1, "extrude": 0, "visibility": 0, "drawOrder": null, "icon": null, "class": 3 }, "geometry": { "type": "Polygon", "coordinates": [ [ [ 51.673128147539387, 32.50216437940589, 0.0 ], [ 51.680063459146211, 32.501394630294953, 0.0 ], [ 51.681254002315278, 32.504609260770088, 0.0 ], [ 51.673128147539387, 32.50216437940589, 0.0 ] ] ] } },
{ "type": "Feature", "properties": { "Name": "Untitled Polygon", "description": null, "timestamp": null, "begin": null, "end": null, "altitudeMode": null, "tessellate": 1, "extrude": 0, "visibility": 0, "drawOrder": null, "icon": null, "class": 3 }, "geometry": { "type": "Polygon", "coordinates": [ [ [ 51.62307614950123, 32.512505993002293, 0.0 ], [ 51.620168160041892, 32.503550913267922, 0.0 ], [ 51.644658620919202, 32.502098416163427, 0.0 ], [ 51.637244503074761, 32.512216402550017, 0.0 ], [ 51.62307614950123, 32.512505993002293, 0.0 ] ] ] } },
{ "type": "Feature", "properties": { "Name": "Untitled Polygon", "description": null, "timestamp": null, "begin": null, "end": null, "altitudeMode": null, "tessellate": 1, "extrude": 0, "visibility": 0, "drawOrder": null, "icon": null, "class": 3 }, "geometry": { "type": "Polygon", "coordinates": [ [ [ 51.629165792437078, 32.520341797723951, 0.0 ], [ 51.632375798347503, 32.523939039056501, 0.0 ], [ 51.62398320709984, 32.522155036158338, 0.0 ], [ 51.629165792437078, 32.520341797723951, 0.0 ] ] ] } },
{ "type": "Feature", "properties": { "Name": "Untitled Polygon", "description": null, "timestamp": null, "begin": null, "end": null, "altitudeMode": null, "tessellate": 1, "extrude": 0, "visibility": 0, "drawOrder": null, "icon": null, "class": 3 }, "geometry": { "type": "Polygon", "coordinates": [ [ [ 51.651278211798569, 32.532759839723177, 0.0 ], [ 51.654621799487963, 32.537770669711847, 0.0 ], [ 51.653112042693103, 32.545810532644353, 0.0 ], [ 51.651278211798569, 32.532759839723177, 0.0 ] ] ] } },
{ "type": "Feature", "properties": { "Name": "1110", "description": null, "timestamp": null, "begin": null, "end": null, "altitudeMode": null, "tessellate": 1, "extrude": 0, "visibility": 0, "drawOrder": null, "icon": null, "class": 3 }, "geometry": { "type": "Polygon", "coordinates": [ [ [ 51.656700583961921, 32.546272532249667, 0.0 ], [ 51.657082835230362, 32.539595454445283, 0.0 ], [ 51.67348873606241, 32.544799511205433, 0.0 ], [ 51.66798614102823, 32.551092275583549, 0.0 ], [ 51.656700583961921, 32.546272532249667, 0.0 ] ] ] } },
{ "type": "Feature", "properties": { "Name": "Untitled Polygon", "description": null, "timestamp": null, "begin": null, "end": null, "altitudeMode": null, "tessellate": 1, "extrude": 0, "visibility": 0, "drawOrder": null, "icon": null, "class": 3 }, "geometry": { "type": "Polygon", "coordinates": [ [ [ 51.691389489189191, 32.510287739672933, 0.0 ], [ 51.691389717654687, 32.509709260371949, 0.0 ], [ 51.691613997561262, 32.508739158122317, 0.0 ], [ 51.691841893275978, 32.507768011127922, 0.0 ], [ 51.69274147197082, 32.50677704413193, 0.0 ], [ 51.69363988919801, 32.505787333025637, 0.0 ], [ 51.694312454561071, 32.505189989557593, 0.0 ], [ 51.694985622552473, 32.50420912719872, 0.0 ], [ 51.695433761250833, 32.503619839090348, 0.0 ], [ 51.696104661280003, 32.502832790883318, 0.0 ], [ 51.6967710714639, 32.502048522805367, 0.0 ], [ 51.697436894426673, 32.501264944390428, 0.0 ], [ 51.698324765070168, 32.50066624908726, 0.0 ], [ 51.699213745009153, 32.500640049139527, 0.0 ], [ 51.70010288371212, 32.500613857062937, 0.0 ], [ 51.701216106324686, 32.500962809312163, 0.0 ], [ 51.702107052530977, 32.501127206222783, 0.0 ], [ 51.702554305479538, 32.50149596285825, 0.0 ], [ 51.703892912631737, 32.501646645372922, 0.0 ], [ 51.704566693424162, 32.502199267657303, 0.0 ], [ 51.70390169133929, 32.502985250540462, 0.0 ], [ 51.703010257471561, 32.503395791319548, 0.0 ], [ 51.702344952391023, 32.504182224141118, 0.0 ], [ 51.70168004606726, 32.505161278743323, 0.0 ], [ 51.701236411449827, 32.505750521480032, 0.0 ], [ 51.700793242780449, 32.506532279927072, 0.0 ], [ 51.700125420177692, 32.50732165945459, 0.0 ], [ 51.699229809724891, 32.508120798669779, 0.0 ], [ 51.69855758868222, 32.508527527068708, 0.0 ], [ 51.697663413595627, 32.509132868409147, 0.0 ], [ 51.696992763348732, 32.509731730317156, 0.0 ], [ 51.69632115607822, 32.510138006262551, 0.0 ], [ 51.695200730615447, 32.510558085247617, 0.0 ], [ 51.694079460847448, 32.510592160198698, 0.0 ], [ 51.692958626288252, 32.510819151175127, 0.0 ], [ 51.692061807062537, 32.510846282325453, 0.0 ], [ 51.691389489189191, 32.510287739672933, 0.0 ] ] ] } },
{ "type": "Feature", "properties": { "Name": "Untitled Polygon", "description": null, "timestamp": null, "begin": null, "end": null, "altitudeMode": null, "tessellate": 1, "extrude": 0, "visibility": 0, "drawOrder": null, "icon": null, "class": 3 }, "geometry": { "type": "Polygon", "coordinates": [ [ [ 51.770973354827603, 32.622039506373127, 0.0 ], [ 51.772152942534348, 32.614296078540157, 0.0 ], [ 51.796420185739343, 32.619146429972552, 0.0 ], [ 51.79270273699499, 32.628679927598803, 0.0 ], [ 51.770973354827603, 32.622039506373127, 0.0 ] ] ] } },
{ "type": "Feature", "properties": { "Name": "Untitled Polygon", "description": null, "timestamp": null, "begin": null, "end": null, "altitudeMode": null, "tessellate": 1, "extrude": 0, "visibility": 0, "drawOrder": null, "icon": null, "class": 3 }, "geometry": { "type": "Polygon", "coordinates": [ [ [ 51.802008976394717, 32.644619639168553, 0.0 ], [ 51.800862763541751, 32.644048821381773, 0.0 ], [ 51.800163100136579, 32.643270667904837, 0.0 ], [ 51.799466011269367, 32.642701028020078, 0.0 ], [ 51.799220787839872, 32.641907548274823, 0.0 ], [ 51.79919777684546, 32.640905853390237, 0.0 ], [ 51.799204845114581, 32.639831783731218, 0.0 ], [ 51.799461306242662, 32.63848440263903, 0.0 ], [ 51.7998613391783, 32.637330355227739, 0.0 ], [ 51.800497786144668, 32.636562712658368, 0.0 ], [ 51.80159076005954, 32.635553672852453, 0.0 ], [ 51.802748817596957, 32.635006199557132, 0.0 ], [ 51.804382189453626, 32.634780972012138, 0.0 ], [ 51.805083029285093, 32.634676088919633, 0.0 ], [ 51.806667706771989, 32.634567814120913, 0.0 ], [ 51.807756712610981, 32.634839881203654, 0.0 ], [ 51.809074999886192, 32.635318550898553, 0.0 ], [ 51.809729229409378, 32.6353650612077, 0.0 ], [ 51.811494156886653, 32.636105137439827, 0.0 ], [ 51.812837265057368, 32.636327755139988, 0.0 ], [ 51.813749203884797, 32.636483508840058, 0.0 ], [ 51.814452358177988, 32.636797443688323, 0.0 ], [ 51.816268805430362, 32.637143860164173, 0.0 ], [ 51.816972103568069, 32.637687943155477, 0.0 ], [ 51.818157528481777, 32.638754542545037, 0.0 ], [ 51.81818759839738, 32.639297436737692, 0.0 ], [ 51.818263516498057, 32.64027484865094, 0.0 ], [ 51.818072776997489, 32.642041000857347, 0.0 ], [ 51.818102783219061, 32.642834904789297, 0.0 ], [ 51.817689683944053, 32.643579002779411, 0.0 ], [ 51.81657742415716, 32.644984127475183, 0.0 ], [ 51.81568526397902, 32.645661807328374, 0.0 ], [ 51.8143173843714, 32.645751941511207, 0.0 ], [ 51.813177028150989, 32.645823926734558, 0.0 ], [ 51.81156787579711, 32.645513257296813, 0.0 ], [ 51.811107755088173, 32.645327251805242, 0.0 ], [ 51.8097288605043, 32.644766534390797, 0.0 ], [ 51.80881530445145, 32.644597778414102, 0.0 ], [ 51.807674868145916, 32.644438072577898, 0.0 ], [ 51.805850479019213, 32.644093816199053, 0.0 ], [ 51.804934125693968, 32.64371863100979, 0.0 ], [ 51.803796317635197, 32.643554445668087, 0.0 ], [ 51.802428590475849, 32.643193100423943, 0.0 ], [ 51.802008976394717, 32.644619639168553, 0.0 ] ] ] } },
{ "type": "Feature", "properties": { "Name": "Untitled Polygon", "description": null, "timestamp": null, "begin": null, "end": null, "altitudeMode": null, "tessellate": 1, "extrude": 0, "visibility": 0, "drawOrder": null, "icon": null, "class": 3 }, "geometry": { "type": "Polygon", "coordinates": [ [ [ 51.808488523410801, 32.62356771918666, 0.0 ], [ 51.808029412823991, 32.623183930933017, 0.0 ], [ 51.80797167951701, 32.622279162715273, 0.0 ], [ 51.807910432637613, 32.620748725023617, 0.0 ], [ 51.807876600585509, 32.61978110470308, 0.0 ], [ 51.808053317012821, 32.618421680994757, 0.0 ], [ 51.808025756094317, 32.617650071512912, 0.0 ], [ 51.809327703124637, 32.616455897655513, 0.0 ], [ 51.810877931350447, 32.616034583991762, 0.0 ], [ 51.811996860284722, 32.616006221844728, 0.0 ], [ 51.813789762796667, 32.615953345593681, 0.0 ], [ 51.815583126409983, 32.615900440844321, 0.0 ], [ 51.817155173981099, 32.615843863682727, 0.0 ], [ 51.818951800167611, 32.615777250241521, 0.0 ], [ 51.820755515316662, 32.615905861279927, 0.0 ], [ 51.82278677238137, 32.616000728271977, 0.0 ], [ 51.82437684100406, 32.616298491131502, 0.0 ], [ 51.826405647105723, 32.616713562280538, 0.0 ], [ 51.828245862578576, 32.617634022257278, 0.0 ], [ 51.829647554097598, 32.618751076721352, 0.0 ], [ 51.829925617430433, 32.619899853433509, 0.0 ], [ 51.829970025397998, 32.620864562601462, 0.0 ], [ 51.830067803560993, 32.622989569827418, 0.0 ], [ 51.83012123882115, 32.624150402306988, 0.0 ], [ 51.829741406026123, 32.625701864378023, 0.0 ], [ 51.829352354734183, 32.627063444812293, 0.0 ], [ 51.828277237616227, 32.628252986947523, 0.0 ], [ 51.826760217091611, 32.629607950645983, 0.0 ], [ 51.825231617036579, 32.630501918733557, 0.0 ], [ 51.822979726078131, 32.630570947860683, 0.0 ], [ 51.820506693766397, 32.630626338436898, 0.0 ], [ 51.817798302182197, 32.630754870288037, 0.0 ], [ 51.815313582063418, 32.630868033046482, 0.0 ], [ 51.813276383253793, 32.630520791186271, 0.0 ], [ 51.810577548799827, 32.629501279247428, 0.0 ], [ 51.809631354799073, 32.628603384972607, 0.0 ], [ 51.809108213207757, 32.62755348581149, 0.0 ], [ 51.809066379136347, 32.626389244318062, 0.0 ], [ 51.809029573117442, 32.625425588048699, 0.0 ], [ 51.808488523410801, 32.62356771918666, 0.0 ] ] ] } },
{ "type": "Feature", "properties": { "Name": "Untitled Polygon", "description": null, "timestamp": null, "begin": null, "end": null, "altitudeMode": null, "tessellate": 1, "extrude": 0, "visibility": 0, "drawOrder": null, "icon": null, "class": 3 }, "geometry": { "type": "Polygon", "coordinates": [ [ [ 51.780938211472012, 32.60517451510291, 0.0 ], [ 51.78346576315451, 32.592028119778867, 0.0 ], [ 51.790749610181059, 32.609155923834358, 0.0 ], [ 51.780938211472012, 32.60517451510291, 0.0 ] ] ] } },
{ "type": "Feature", "properties": { "Name": "Untitled Polygon", "description": null, "timestamp": null, "begin": null, "end": null, "altitudeMode": null, "tessellate": 1, "extrude": 0, "visibility": 0, "drawOrder": null, "icon": null, "class": 3 }, "geometry": { "type": "Polygon", "coordinates": [ [ [ 51.80220549501913, 32.610886616340693, 0.0 ], [ 51.801761761295722, 32.610895871931632, 0.0 ], [ 51.80063534448265, 32.610343445333392, 0.0 ], [ 51.799502886652618, 32.609802781671803, 0.0 ], [ 51.798813772906449, 32.609053579472949, 0.0 ], [ 51.797956968953997, 32.608435391091461, 0.0 ], [ 51.7970880489964, 32.607643846266107, 0.0 ], [ 51.796614623039957, 32.607101864559141, 0.0 ], [ 51.796605623427922, 32.606323936276063, 0.0 ], [ 51.796592156959598, 32.605159324708303, 0.0 ], [ 51.796611273171379, 32.604349964939651, 0.0 ], [ 51.796913728674099, 32.60326731782461, 0.0 ], [ 51.797401361022622, 32.602223942696938, 0.0 ], [ 51.79800479950265, 32.601101442372773, 0.0 ], [ 51.798615732589127, 32.600358535287477, 0.0 ], [ 51.799473000506858, 32.599577929010913, 0.0 ], [ 51.800295794175398, 32.59903494756955, 0.0 ], [ 51.801413612055278, 32.598587145404522, 0.0 ], [ 51.802915208890269, 32.59858614987683, 0.0 ], [ 51.804211110953133, 32.598579002557763, 0.0 ], [ 51.8054767774547, 32.598618110336467, 0.0 ], [ 51.806341894120159, 32.598617692905798, 0.0 ], [ 51.807016200395097, 32.598580487809663, 0.0 ], [ 51.808572566917292, 32.598717100977503, 0.0 ], [ 51.809451252411783, 32.598699321231749, 0.0 ], [ 51.811186657567831, 32.59891000910806, 0.0 ], [ 51.812288359069548, 32.599091744176988, 0.0 ], [ 51.813847743139263, 32.599441320246527, 0.0 ], [ 51.814985894544719, 32.600171023659072, 0.0 ], [ 51.815916738332938, 32.601292709341593, 0.0 ], [ 51.816401037626967, 32.602436942439432, 0.0 ], [ 51.816459835309281, 32.603965353397072, 0.0 ], [ 51.816496390806591, 32.604922628594892, 0.0 ], [ 51.816101306198178, 32.60627797589899, 0.0 ], [ 51.815683930080631, 32.607059083599758, 0.0 ], [ 51.81436634562845, 32.607674815689023, 0.0 ], [ 51.81283880301649, 32.608680665386117, 0.0 ], [ 51.811952444157299, 32.608899179887032, 0.0 ], [ 51.81107222075731, 32.609310491333062, 0.0 ], [ 51.80975271395301, 32.609926691288813, 0.0 ], [ 51.807982982190197, 32.610355131702512, 0.0 ], [ 51.807091801524372, 32.610377318021158, 0.0 ], [ 51.806200910166567, 32.610399486416, 0.0 ], [ 51.805088104680067, 32.610426306462948, 0.0 ], [ 51.803305335810542, 32.610475512499008, 0.0 ], [ 51.801971659604817, 32.610507391290177, 0.0 ], [ 51.800641187018712, 32.610535244769878, 0.0 ], [ 51.80220549501913, 32.610886616340693, 0.0 ] ] ] } },
{ "type": "Feature", "properties": { "Name": "Untitled Polygon", "description": null, "timestamp": null, "begin": null, "end": null, "altitudeMode": null, "tessellate": 1, "extrude": 0, "visibility": 0, "drawOrder": null, "icon": null, "class": 3 }, "geometry": { "type": "Polygon", "coordinates": [ [ [ 51.82141329232882, 32.60985665616667, 0.0 ], [ 51.821383057428562, 32.609322878466799, 0.0 ], [ 51.821345187948317, 32.608590511564969, 0.0 ], [ 51.821525926176108, 32.607638329595453, 0.0 ], [ 51.822155464608073, 32.606661132900648, 0.0 ], [ 51.822569510137278, 32.605884256379888, 0.0 ], [ 51.822520717500169, 32.604738511932197, 0.0 ], [ 51.82291796037542, 32.603581503338063, 0.0 ], [ 51.823331215905988, 32.6028066057061, 0.0 ], [ 51.82419017845266, 32.602019431006688, 0.0 ], [ 51.824602835279848, 32.601245163444183, 0.0 ], [ 51.825246390384052, 32.600655254734683, 0.0 ], [ 51.82567516349097, 32.600261948646327, 0.0 ], [ 51.826772429304093, 32.599848985859857, 0.0 ], [ 51.828332550040003, 32.599803714797368, 0.0 ], [ 51.829893352588222, 32.599761516512167, 0.0 ], [ 51.83079470904304, 32.599929508416992, 0.0 ], [ 51.831687548934312, 32.599907127791766, 0.0 ], [ 51.83347360668531, 32.59985708870898, 0.0 ], [ 51.834366863191853, 32.599830024517168, 0.0 ], [ 51.83549228830659, 32.599983729663997, 0.0 ], [ 51.836161996637522, 32.599961698059658, 0.0 ], [ 51.837278223783201, 32.59992494467258, 0.0 ], [ 51.839297191606903, 32.600049250105812, 0.0 ], [ 51.840200117478943, 32.600210330301593, 0.0 ], [ 51.84154979678523, 32.600356561910708, 0.0 ], [ 51.842894151130757, 32.600323741981903, 0.0 ], [ 51.843352353147537, 32.600502887622113, 0.0 ], [ 51.844503574080328, 32.601045475039783, 0.0 ], [ 51.844543374929522, 32.60180633649977, 0.0 ], [ 51.844573250924263, 32.602377331373809, 0.0 ], [ 51.844174327810862, 32.603341567709002, 0.0 ], [ 51.843560226867183, 32.604501210012621, 0.0 ], [ 51.843376049851123, 32.605271716469559, 0.0 ], [ 51.842968657616417, 32.606052717352661, 0.0 ], [ 51.8427942522191, 32.607015734543623, 0.0 ], [ 51.842609889951021, 32.607788882318403, 0.0 ], [ 51.841976142777277, 32.608574439118648, 0.0 ], [ 51.841781075313499, 32.609155133605462, 0.0 ], [ 51.841390665232289, 32.610317270462481, 0.0 ], [ 51.840980610749789, 32.611097412606313, 0.0 ], [ 51.84057039340172, 32.611878393069411, 0.0 ], [ 51.840394256587587, 32.61284473862986, 0.0 ], [ 51.839768395483482, 32.61382561309108, 0.0 ], [ 51.838907448414631, 32.61462043127792, 0.0 ], [ 51.838008204095154, 32.614647436601253, 0.0 ], [ 51.83709025697943, 32.614290537939183, 0.0 ], [ 51.835929402464558, 32.61355685234863, 0.0 ], [ 51.835237132528427, 32.613194358935743, 0.0 ], [ 51.83385322910533, 32.612468584746907, 0.0 ], [ 51.832030021830057, 32.611937825416483, 0.0 ], [ 51.831123624968207, 32.611768705878319, 0.0 ], [ 51.830208775947348, 32.61140806231839, 0.0 ], [ 51.829527523537386, 32.611220759799593, 0.0 ], [ 51.82839039708081, 32.610840381864023, 0.0 ], [ 51.826815892306811, 32.610679552839343, 0.0 ], [ 51.825682504463693, 32.610305208474323, 0.0 ], [ 51.824995723546998, 32.609941714881273, 0.0 ], [ 51.823405944666447, 32.609428032286118, 0.0 ], [ 51.822696348126932, 32.608729319896042, 0.0 ], [ 51.822016484999651, 32.608565866946194, 0.0 ], [ 51.82141329232882, 32.60985665616667, 0.0 ] ] ] } },
{ "type": "Feature", "properties": { "Name": "Untitled Polygon", "description": null, "timestamp": null, "begin": null, "end": null, "altitudeMode": null, "tessellate": 1, "extrude": 0, "visibility": 0, "drawOrder": null, "icon": null, "class": 3 }, "geometry": { "type": "Polygon", "coordinates": [ [ [ 51.782470185195137, 32.637935473812007, 0.0 ], [ 51.782431047132832, 32.636370398025072, 0.0 ], [ 51.782411493743233, 32.635588633278338, 0.0 ], [ 51.7823773110959, 32.634221800042063, 0.0 ], [ 51.782807769746867, 32.633227159554977, 0.0 ], [ 51.783702303921288, 32.632603875712668, 0.0 ], [ 51.784828400473899, 32.632166181221528, 0.0 ], [ 51.785509863132582, 32.632137351772712, 0.0 ], [ 51.787095820824291, 32.631872344672139, 0.0 ], [ 51.788233727876957, 32.631819930412611, 0.0 ], [ 51.789375734468351, 32.631758787291041, 0.0 ], [ 51.789843503096243, 32.632122964085767, 0.0 ], [ 51.789857579159317, 32.632710833927781, 0.0 ], [ 51.790115149286741, 32.633874177611318, 0.0 ], [ 51.790133791761988, 32.63465998567689, 0.0 ], [ 51.790156472967297, 32.635645037248779, 0.0 ], [ 51.790188175245312, 32.636819460402073, 0.0 ], [ 51.790208912907133, 32.63760365546748, 0.0 ], [ 51.789765673379449, 32.638219224022912, 0.0 ], [ 51.789100513768837, 32.63903975152548, 0.0 ], [ 51.787985290294067, 32.640075343366547, 0.0 ], [ 51.787093647149327, 32.640902106556737, 0.0 ], [ 51.785276781183121, 32.641173471839181, 0.0 ], [ 51.783454114498127, 32.641249034223989, 0.0 ], [ 51.782310551509227, 32.641098132173319, 0.0 ], [ 51.782286420560688, 32.639911646687793, 0.0 ], [ 51.782503111989847, 32.639308984177148, 0.0 ], [ 51.782470185195137, 32.637935473812007, 0.0 ] ] ] } },
{ "type": "Feature", "properties": { "Name": "Untitled Polygon", "description": null, "timestamp": null, "begin": null, "end": null, "altitudeMode": null, "tessellate": 1, "extrude": 0, "visibility": 0, "drawOrder": null, "icon": null, "class": 3 }, "geometry": { "type": "Polygon", "coordinates": [ [ [ 51.798411582241137, 32.627500530015787, 0.0 ], [ 51.802169643990709, 32.621967339226529, 0.0 ], [ 51.807903121045342, 32.632063929785467, 0.0 ], [ 51.798411582241137, 32.627500530015787, 0.0 ] ] ] } },
{ "type": "Feature", "properties": { "Name": "120", "description": null, "timestamp": null, "begin": null, "end": null, "altitudeMode": null, "tessellate": 1, "extrude": 0, "visibility": 0, "drawOrder": null, "icon": null, "class": 3 }, "geometry": { "type": "Polygon", "coordinates": [ [ [ 51.821871628712948, 32.647302353193467, 0.0 ], [ 51.838342596690829, 32.626023914259697, 0.0 ], [ 51.833113604324417, 32.649510612256748, 0.0 ], [ 51.821871628712948, 32.647302353193467, 0.0 ] ] ] } },
{ "type": "Feature", "properties": { "Name": "Untitled Polygon", "description": null, "timestamp": null, "begin": null, "end": null, "altitudeMode": null, "tessellate": 1, "extrude": 0, "visibility": 0, "drawOrder": null, "icon": null, "class": 3 }, "geometry": { "type": "Polygon", "coordinates": [ [ [ 51.834705943094271, 32.620896937298546, 0.0 ], [ 51.82918472485369, 32.613552292864163, 0.0 ], [ 51.843751567290518, 32.621223300747758, 0.0 ], [ 51.842575333137233, 32.624741127504073, 0.0 ], [ 51.834705943094271, 32.620896937298546, 0.0 ] ] ] } },
{ "type": "Feature", "properties": { "Name": "Untitled Polygon", "description": null, "timestamp": null, "begin": null, "end": null, "altitudeMode": null, "tessellate": 1, "extrude": 0, "visibility": 0, "drawOrder": null, "icon": null, "class": 3 }, "geometry": { "type": "Polygon", "coordinates": [ [ [ 51.837529077798663, 32.641841911190753, 0.0 ], [ 51.840982115127353, 32.629052258688247, 0.0 ], [ 51.84493559326819, 32.631067245795727, 0.0 ], [ 51.841581556475013, 32.640958833166302, 0.0 ], [ 51.837529077798663, 32.641841911190753, 0.0 ] ] ] } },
{ "type": "Feature", "properties": { "Name": "Untitled Polygon", "description": null, "timestamp": null, "begin": null, "end": null, "altitudeMode": null, "tessellate": 1, "extrude": 0, "visibility": 0, "drawOrder": null, "icon": null, "class": 3 }, "geometry": { "type": "Polygon", "coordinates": [ [ [ 51.775454669731282, 32.610916621983968, 0.0 ], [ 51.777180165586962, 32.60779395065758, 0.0 ], [ 51.806358035924049, 32.614805810412143, 0.0 ], [ 51.803632557193751, 32.62007818081004, 0.0 ], [ 51.775454669731282, 32.610916621983968, 0.0 ] ] ] } },
{ "type": "Feature", "properties": { "Name": "Untitled Polygon", "description": null, "timestamp": null, "begin": null, "end": null, "altitudeMode": null, "tessellate": 1, "extrude": 0, "visibility": 0, "drawOrder": null, "icon": null, "class": 3 }, "geometry": { "type": "Polygon", "coordinates": [ [ [ 51.813043666577293, 32.633987346802193, 0.0 ], [ 51.812990240918239, 32.632611751341777, 0.0 ], [ 51.825764073859069, 32.632279371492849, 0.0 ], [ 51.82532508568746, 32.639015062371563, 0.0 ], [ 51.813043666577293, 32.633987346802193, 0.0 ] ] ] } },
{ "type": "Feature", "properties": { "Name": "Untitled Polygon", "description": null, "timestamp": null, "begin": null, "end": null, "altitudeMode": null, "tessellate": 1, "extrude": 0, "visibility": 0, "drawOrder": null, "icon": null, "class": 3 }, "geometry": { "type": "Polygon", "coordinates": [ [ [ 51.791065456171609, 32.598690602975822, 0.0 ], [ 51.791247036302643, 32.579412742228747, 0.0 ], [ 51.803233968325401, 32.580693364841387, 0.0 ], [ 51.791065456171609, 32.598690602975822, 0.0 ] ] ] } },
{ "type": "Feature", "properties": { "Name": "Untitled Polygon", "description": null, "timestamp": null, "begin": null, "end": null, "altitudeMode": null, "tessellate": 1, "extrude": 0, "visibility": 0, "drawOrder": null, "icon": null, "class": 3 }, "geometry": { "type": "Polygon", "coordinates": [ [ [ 51.80768452788125, 32.593068571981227, 0.0 ], [ 51.810441984058883, 32.581218358758967, 0.0 ], [ 51.810656717160619, 32.580819368708859, 0.0 ], [ 51.821836855474217, 32.59465582369814, 0.0 ], [ 51.80768452788125, 32.593068571981227, 0.0 ] ] ] } },
{ "type": "Feature", "properties": { "Name": "Untitled Polygon", "description": null, "timestamp": null, "begin": null, "end": null, "altitudeMode": null, "tessellate": 1, "extrude": 0, "visibility": 0, "drawOrder": null, "icon": null, "class": 3 }, "geometry": { "type": "Polygon", "coordinates": [ [ [ 51.799706727821203, 32.597067934250063, 0.0 ], [ 51.803556396871322, 32.588061538542313, 0.0 ], [ 51.805359927185442, 32.595335857671792, 0.0 ], [ 51.799706727821203, 32.597067934250063, 0.0 ] ] ] } },
{ "type": "Feature", "properties": { "Name": "Untitled Polygon", "description": null, "timestamp": null, "begin": null, "end": null, "altitudeMode": null, "tessellate": 1, "extrude": 0, "visibility": 0, "drawOrder": null, "icon": null, "class": 3 }, "geometry": { "type": "Polygon", "coordinates": [ [ [ 51.824127265808023, 32.597120217073559, 0.0 ], [ 51.820598233747027, 32.59916527060782, 0.0 ], [ 51.812206318179641, 32.596591422497227, 0.0 ], [ 51.824127265808023, 32.597120217073559, 0.0 ] ] ] } },
{ "type": "Feature", "properties": { "Name": "Untitled Polygon", "description": null, "timestamp": null, "begin": null, "end": null, "altitudeMode": null, "tessellate": 1, "extrude": 0, "visibility": 0, "drawOrder": null, "icon": null, "class": 3 }, "geometry": { "type": "Polygon", "coordinates": [ [ [ 51.829514547424999, 32.59686561810102, 0.0 ], [ 51.819660285203021, 32.587052685518017, 0.0 ], [ 51.827185436939693, 32.578984389583773, 0.0 ], [ 51.833947634348569, 32.584533686202583, 0.0 ], [ 51.841895818123412, 32.595542966825832, 0.0 ], [ 51.829514547424999, 32.59686561810102, 0.0 ] ] ] } },
{ "type": "Feature", "properties": { "Name": "130", "description": null, "timestamp": null, "begin": null, "end": null, "altitudeMode": null, "tessellate": 1, "extrude": 0, "visibility": 0, "drawOrder": null, "icon": null, "class": 3 }, "geometry": { "type": "Polygon", "coordinates": [ [ [ 51.81358424631194, 32.612827171708453, 0.0 ], [ 51.817520198635989, 32.608566790483067, 0.0 ], [ 51.822301080373101, 32.613759607528429, 0.0 ], [ 51.81358424631194, 32.612827171708453, 0.0 ] ] ] } },
{ "type": "Feature", "properties": { "Name": "Untitled Polygon", "description": null, "timestamp": null, "begin": null, "end": null, "altitudeMode": null, "tessellate": 1, "extrude": 0, "visibility": 0, "drawOrder": null, "icon": null, "class": 3 }, "geometry": { "type": "Polygon", "coordinates": [ [ [ 51.789001120688297, 32.593684702570563, 0.0 ], [ 51.784558274080602, 32.589435668412918, 0.0 ], [ 51.787484982916602, 32.589140865756377, 0.0 ], [ 51.789001120688297, 32.593684702570563, 0.0 ] ] ] } },
{ "type": "Feature", "properties": { "Name": "Untitled Polygon", "description": null, "timestamp": null, "begin": null, "end": null, "altitudeMode": null, "tessellate": 1, "extrude": 0, "visibility": 0, "drawOrder": null, "icon": null, "class": 3 }, "geometry": { "type": "Polygon", "coordinates": [ [ [ 51.794810544478921, 32.577939371381873, 0.0 ], [ 51.799373222290349, 32.572804906727669, 0.0 ], [ 51.798622715287109, 32.577416551827483, 0.0 ], [ 51.794810544478921, 32.577939371381873, 0.0 ] ] ] } },
{ "type": "Feature", "properties": { "Name": "Untitled Polygon", "description": null, "timestamp": null, "begin": null, "end": null, "altitudeMode": null, "tessellate": 1, "extrude": 0, "visibility": 0, "drawOrder": null, "icon": null, "class": 3 }, "geometry": { "type": "Polygon", "coordinates": [ [ [ 51.80364341412978, 32.575937478498368, 0.0 ], [ 51.8026991990778, 32.575834215851941, 0.0 ], [ 51.801508408419821, 32.575568040281993, 0.0 ], [ 51.801029626015172, 32.57482353963676, 0.0 ], [ 51.800985049662742, 32.573887907455443, 0.0 ], [ 51.80140217415439, 32.572919263412111, 0.0 ], [ 51.802283195619232, 32.572312312781037, 0.0 ], [ 51.803402527960777, 32.572075967417838, 0.0 ], [ 51.804543244949038, 32.572010702320611, 0.0 ], [ 51.805676305741279, 32.571953372500879, 0.0 ], [ 51.806354061560107, 32.571921012246122, 0.0 ], [ 51.807465438276829, 32.5716918057458, 0.0 ], [ 51.808802174007113, 32.571451885669312, 0.0 ], [ 51.81013838428602, 32.571212043178249, 0.0 ], [ 51.811252189144142, 32.570977716856497, 0.0 ], [ 51.811861640854261, 32.57024498325584, 0.0 ], [ 51.812731958946259, 32.569648757985668, 0.0 ], [ 51.813614822076239, 32.569233798023689, 0.0 ], [ 51.814741481876013, 32.569179168251821, 0.0 ], [ 51.816092168701857, 32.569113669127297, 0.0 ], [ 51.817211318692898, 32.569068878643897, 0.0 ], [ 51.81831264553994, 32.569261292790813, 0.0 ], [ 51.819429082418793, 32.569634683648808, 0.0 ], [ 51.819912051178193, 32.570573392085187, 0.0 ], [ 51.819941942414793, 32.571334504722238, 0.0 ], [ 51.819978640272168, 32.57228800848025, 0.0 ], [ 51.819580080635028, 32.573436885722657, 0.0 ], [ 51.819380737767553, 32.574011498181179, 0.0 ], [ 51.818968528286312, 32.574776370042123, 0.0 ], [ 51.818547673438857, 32.5755620230915, 0.0 ], [ 51.817901961442253, 32.576355638598848, 0.0 ], [ 51.817258180165403, 32.576936921918453, 0.0 ], [ 51.816598256093783, 32.577347130908457, 0.0 ], [ 51.815265012934518, 32.57737046343756, 0.0 ], [ 51.81393292604011, 32.577393746012582, 0.0 ], [ 51.812815363021073, 32.577428635279453, 0.0 ], [ 51.811232811748319, 32.577509465541382, 0.0 ], [ 51.810121951802508, 32.57753245575833, 0.0 ], [ 51.80924065213329, 32.577538988436373, 0.0 ], [ 51.807920492677653, 32.577548312738628, 0.0 ], [ 51.806842179083503, 32.577325896536117, 0.0 ], [ 51.805650916514068, 32.577472347459292, 0.0 ], [ 51.80472136869556, 32.577350513457993, 0.0 ], [ 51.803823197286981, 32.57658581116241, 0.0 ], [ 51.80364341412978, 32.575937478498368, 0.0 ] ] ] } },
{ "type": "Feature", "properties": { "Name": "Untitled Polygon", "description": null, "timestamp": null, "begin": null, "end": null, "altitudeMode": null, "tessellate": 1, "extrude": 0, "visibility": 0, "drawOrder": null, "icon": null, "class": 3 }, "geometry": { "type": "Polygon", "coordinates": [ [ [ 51.843715609258069, 32.595708171168923, 0.0 ], [ 51.838733455549431, 32.585705547905427, 0.0 ], [ 51.843182544423669, 32.584478161103718, 0.0 ], [ 51.845508119738561, 32.590605312743577, 0.0 ], [ 51.843715609258069, 32.595708171168923, 0.0 ] ] ] } },
{ "type": "Feature", "properties": { "Name": "Untitled Polygon", "description": null, "timestamp": null, "begin": null, "end": null, "altitudeMode": null, "tessellate": 1, "extrude": 0, "visibility": 0, "drawOrder": null, "icon": null, "class": 3 }, "geometry": { "type": "Polygon", "coordinates": [ [ [ 51.804584139711793, 32.55519770801741, 0.0 ], [ 51.804872734032791, 32.549904397845758, 0.0 ], [ 51.80804197457465, 32.544920103728742, 0.0 ], [ 51.813527175001859, 32.543050041992998, 0.0 ], [ 51.816615489142123, 32.54257088225561, 0.0 ], [ 51.819567245900139, 32.543760449652233, 0.0 ], [ 51.820724361503373, 32.545413800065418, 0.0 ], [ 51.820819105737733, 32.548039195143971, 0.0 ], [ 51.820700140360202, 32.551064457240493, 0.0 ], [ 51.81874635945357, 32.552257010225738, 0.0 ], [ 51.816335770638979, 32.553281749636128, 0.0 ], [ 51.811079701746579, 32.555917184048837, 0.0 ], [ 51.807548761637619, 32.557175442438613, 0.0 ], [ 51.805101712560791, 32.557254846021081, 0.0 ], [ 51.804584139711793, 32.55519770801741, 0.0 ] ] ] } },
{ "type": "Feature", "properties": { "Name": "Untitled Polygon", "description": null, "timestamp": null, "begin": null, "end": null, "altitudeMode": null, "tessellate": 1, "extrude": 0, "visibility": 0, "drawOrder": null, "icon": null, "class": 3 }, "geometry": { "type": "Polygon", "coordinates": [ [ [ 51.823961755219777, 32.565334503244067, 0.0 ], [ 51.826319695427998, 32.562625093792029, 0.0 ], [ 51.828232842857162, 32.566891339161167, 0.0 ], [ 51.823961755219777, 32.565334503244067, 0.0 ] ] ] } },
{ "type": "Feature", "properties": { "Name": "Untitled Polygon", "description": null, "timestamp": null, "begin": null, "end": null, "altitudeMode": null, "tessellate": 1, "extrude": 0, "visibility": 0, "drawOrder": null, "icon": null, "class": 3 }, "geometry": { "type": "Polygon", "coordinates": [ [ [ 51.808324695641808, 32.562086768353453, 0.0 ], [ 51.813586696959327, 32.559663206399378, 0.0 ], [ 51.815216270037922, 32.562233669726488, 0.0 ], [ 51.808324695641808, 32.562086768353453, 0.0 ] ] ] } },
{ "type": "Feature", "properties": { "Name": "Untitled Polygon", "description": null, "timestamp": null, "begin": null, "end": null, "altitudeMode": null, "tessellate": 1, "extrude": 0, "visibility": 0, "drawOrder": null, "icon": null, "class": 3 }, "geometry": { "type": "Polygon", "coordinates": [ [ [ 51.68351887765764, 32.593862858943567, 0.0 ], [ 51.675911213279463, 32.587533671423827, 0.0 ], [ 51.678328331348723, 32.584834039932723, 0.0 ], [ 51.68351887765764, 32.593862858943567, 0.0 ] ] ] } },
{ "type": "Feature", "properties": { "Name": "Untitled Polygon", "description": null, "timestamp": null, "begin": null, "end": null, "altitudeMode": null, "tessellate": 1, "extrude": 0, "visibility": 0, "drawOrder": null, "icon": null, "class": 3 }, "geometry": { "type": "Polygon", "coordinates": [ [ [ 51.683805772343263, 32.611137855962909, 0.0 ], [ 51.680542281998022, 32.602661692324808, 0.0 ], [ 51.684475937840539, 32.598174934816832, 0.0 ], [ 51.683805772343263, 32.611137855962909, 0.0 ] ] ] } },
{ "type": "Feature", "properties": { "Name": "140", "description": null, "timestamp": null, "begin": null, "end": null, "altitudeMode": null, "tessellate": 1, "extrude": 0, "visibility": 0, "drawOrder": null, "icon": null, "class": 3 }, "geometry": { "type": "Polygon", "coordinates": [ [ [ 51.615419784300592, 32.561827333511339, 0.0 ], [ 51.602216136830201, 32.55524519555027, 0.0 ], [ 51.609151161436181, 32.549156538216103, 0.0 ], [ 51.621509273078857, 32.559593013012652, 0.0 ], [ 51.615419784300592, 32.561827333511339, 0.0 ] ] ] } },
{ "type": "Feature", "properties": { "Name": "Untitled Polygon", "description": null, "timestamp": null, "begin": null, "end": null, "altitudeMode": null, "tessellate": 1, "extrude": 0, "visibility": 0, "drawOrder": null, "icon": null, "class": 3 }, "geometry": { "type": "Polygon", "coordinates": [ [ [ 51.629656883289208, 32.534624576586417, 0.0 ], [ 51.641240881424878, 32.522699284232992, 0.0 ], [ 51.646865205353379, 32.52488999507765, 0.0 ], [ 51.636806880022903, 32.534211744920412, 0.0 ], [ 51.629656883289208, 32.534624576586417, 0.0 ] ] ] } },
{ "type": "Feature", "properties": { "Name": "Untitled Polygon", "description": null, "timestamp": null, "begin": null, "end": null, "altitudeMode": null, "tessellate": 1, "extrude": 0, "visibility": 0, "drawOrder": null, "icon": null, "class": 3 }, "geometry": { "type": "Polygon", "coordinates": [ [ [ 51.659599622947553, 32.558757404567181, 0.0 ], [ 51.661133362973239, 32.550132345562972, 0.0 ], [ 51.667131819678197, 32.552181719307548, 0.0 ], [ 51.659599622947553, 32.558757404567181, 0.0 ] ] ] } },
{ "type": "Feature", "properties": { "Name": "Untitled Polygon", "description": null, "timestamp": null, "begin": null, "end": null, "altitudeMode": null, "tessellate": 1, "extrude": 0, "visibility": 0, "drawOrder": null, "icon": null, "class": 3 }, "geometry": { "type": "Polygon", "coordinates": [ [ [ 51.643628601131539, 32.510498370488463, 0.0 ], [ 51.650814844153729, 32.501549165245827, 0.0 ], [ 51.655026521416758, 32.501557875987388, 0.0 ], [ 51.651092527947668, 32.510769249192599, 0.0 ], [ 51.643628601131539, 32.510498370488463, 0.0 ] ] ] } },
{ "type": "Feature", "properties": { "Name": "Untitled Polygon", "description": null, "timestamp": null, "begin": null, "end": null, "altitudeMode": null, "tessellate": 1, "extrude": 0, "visibility": 0, "drawOrder": null, "icon": null, "class": 3 }, "geometry": { "type": "Polygon", "coordinates": [ [ [ 51.735840936739919, 32.608247342911959, 0.0 ], [ 51.735805370696028, 32.607265775043942, 0.0 ], [ 51.73577648047258, 32.606481927336347, 0.0 ], [ 51.73574052532544, 32.605502903578973, 0.0 ], [ 51.735697432858423, 32.604329110391433, 0.0 ], [ 51.735683104044789, 32.603938096972719, 0.0 ], [ 51.736106531737462, 32.603143321871393, 0.0 ], [ 51.736741207161813, 32.60195205302113, 0.0 ], [ 51.737389893212189, 32.601151888632288, 0.0 ], [ 51.738045563387061, 32.600547113013143, 0.0 ], [ 51.738911913937258, 32.59954631677423, 0.0 ], [ 51.739566870866113, 32.598942218783463, 0.0 ], [ 51.74021443529373, 32.598142445224248, 0.0 ], [ 51.740628427502237, 32.597155375323069, 0.0 ], [ 51.741063935619792, 32.596755747110272, 0.0 ], [ 51.741695383000199, 32.59556360533216, 0.0 ], [ 51.74210711665193, 32.594589885487892, 0.0 ], [ 51.742535764292477, 32.593988794252567, 0.0 ], [ 51.742489688071423, 32.592821422675122, 0.0 ], [ 51.742900970898269, 32.591842158113558, 0.0 ], [ 51.742861613256949, 32.590877950838788, 0.0 ], [ 51.742814436130402, 32.589721760448732, 0.0 ], [ 51.742775160437738, 32.588758991250373, 0.0 ], [ 51.742759422777908, 32.588374073825527, 0.0 ], [ 51.742495315448259, 32.58741941702813, 0.0 ], [ 51.74245616944998, 32.586458225836608, 0.0 ], [ 51.742432495896402, 32.585881359058163, 0.0 ], [ 51.74215662693183, 32.584531387242087, 0.0 ], [ 51.741879678388507, 32.583188038589732, 0.0 ], [ 51.741616855802832, 32.582235909327068, 0.0 ], [ 51.741346548763033, 32.581092944706128, 0.0 ], [ 51.741315831256067, 32.580327030192301, 0.0 ], [ 51.740821919771257, 32.579192503450813, 0.0 ], [ 51.740343264238682, 32.578442454653143, 0.0 ], [ 51.73986481779626, 32.577693140564882, 0.0 ], [ 51.739386603441332, 32.576944219291242, 0.0 ], [ 51.738685282767847, 32.576201870979489, 0.0 ], [ 51.737984776208613, 32.575458194027227, 0.0 ], [ 51.737508984776618, 32.574707026236531, 0.0 ], [ 51.737041384385073, 32.574147031147497, 0.0 ], [ 51.736332888575987, 32.573218435294962, 0.0 ], [ 51.73540365438199, 32.572293923553978, 0.0 ], [ 51.734936338496126, 32.571735697980429, 0.0 ], [ 51.734684902066931, 32.570981527513688, 0.0 ], [ 51.73399383363833, 32.570432960112001, 0.0 ], [ 51.733086739097168, 32.570082095973078, 0.0 ], [ 51.731726633000058, 32.569555985796242, 0.0 ], [ 51.730827093755273, 32.56939510147712, 0.0 ], [ 51.72969774753593, 32.569051730494408, 0.0 ], [ 51.728568749161617, 32.568708457642849, 0.0 ], [ 51.727656492970432, 32.568168474514017, 0.0 ], [ 51.726967629910163, 32.56762151553675, 0.0 ], [ 51.726259468985788, 32.566506667234663, 0.0 ], [ 51.725558411050109, 32.565581958601328, 0.0 ], [ 51.724641555521572, 32.56485415648315, 0.0 ], [ 51.724619723934268, 32.564290093692392, 0.0 ], [ 51.72458361334963, 32.563349096444917, 0.0 ], [ 51.72477599685795, 32.562395765783307, 0.0 ], [ 51.725880705993383, 32.562172192626761, 0.0 ], [ 51.726992339321292, 32.562137453563807, 0.0 ], [ 51.727881721989178, 32.562109643174203, 0.0 ], [ 51.729425806674378, 32.561681957175907, 0.0 ], [ 51.730537493845929, 32.561647973956241, 0.0 ], [ 51.731649630743071, 32.561612828437703, 0.0 ], [ 51.732763183431487, 32.561575743722891, 0.0 ], [ 51.73390079487293, 32.562100982365031, 0.0 ], [ 51.734592345537934, 32.562642161760657, 0.0 ], [ 51.735939929717993, 32.562980787732947, 0.0 ], [ 51.736858369042913, 32.563710037853319, 0.0 ], [ 51.737547240412567, 32.564258198074313, 0.0 ], [ 51.738473802957692, 32.565178873470742, 0.0 ], [ 51.739632173340517, 32.566281800776878, 0.0 ], [ 51.740115949408747, 32.56721501551953, 0.0 ], [ 51.740815441410177, 32.567952634085572, 0.0 ], [ 51.741076908813113, 32.568893797157109, 0.0 ], [ 51.741792664829973, 32.570011963045857, 0.0 ], [ 51.742039160535839, 32.570574770197958, 0.0 ], [ 51.742764841758031, 32.571880931438677, 0.0 ], [ 51.743243568399741, 32.572625649431387, 0.0 ], [ 51.743729366252502, 32.573562274971209, 0.0 ], [ 51.74376003152846, 32.574327121752688, 0.0 ], [ 51.744007381433057, 32.574893972526972, 0.0 ], [ 51.74448583814408, 32.575645591740077, 0.0 ], [ 51.744732993616779, 32.576213021026149, 0.0 ], [ 51.74521986239737, 32.577157169806547, 0.0 ], [ 51.745475250980093, 32.577917106642893, 0.0 ], [ 51.74597078332215, 32.579052542168078, 0.0 ], [ 51.746691811955571, 32.580180338288208, 0.0 ], [ 51.746948480613561, 32.580939806574733, 0.0 ], [ 51.747437905182593, 32.581884499895139, 0.0 ], [ 51.747470444473841, 32.582652027834548, 0.0 ], [ 51.747960390202103, 32.583597977894691, 0.0 ], [ 51.747993112214338, 32.58436651978711, 0.0 ], [ 51.748034033234511, 32.585327819576037, 0.0 ], [ 51.748075216663921, 32.586289652699072, 0.0 ], [ 51.748116261858961, 32.587251476323502, 0.0 ], [ 51.748165654897058, 32.588405946265517, 0.0 ], [ 51.748223321682687, 32.58975399621842, 0.0 ], [ 51.74803115198236, 32.59053156754895, 0.0 ], [ 51.747622001118309, 32.591507569630679, 0.0 ], [ 51.747204535756367, 32.592290314418939, 0.0 ], [ 51.746553667371479, 32.59289154215611, 0.0 ], [ 51.745907712779143, 32.593701552739873, 0.0 ], [ 51.745248040871623, 32.594106696506962, 0.0 ], [ 51.744604459137037, 32.594895174412869, 0.0 ], [ 51.74419078362822, 32.595882742714757, 0.0 ], [ 51.743996849643878, 32.596670764326973, 0.0 ], [ 51.743585000765641, 32.597651177943753, 0.0 ], [ 51.743398010654772, 32.598632274728153, 0.0 ], [ 51.742977267452289, 32.599425869447842, 0.0 ], [ 51.742782200917517, 32.600213203206017, 0.0 ], [ 51.742135145341557, 32.601013507075223, 0.0 ], [ 51.741721461735509, 32.602002481456317, 0.0 ], [ 51.741299822130038, 32.602796832339237, 0.0 ], [ 51.740651677068819, 32.603598225495134, 0.0 ], [ 51.739784403826583, 32.604602254014203, 0.0 ], [ 51.739588191279168, 32.605391655922197, 0.0 ], [ 51.739180220251853, 32.606580110768917, 0.0 ], [ 51.739202622371756, 32.607168241424198, 0.0 ], [ 51.738559836285248, 32.608169358748818, 0.0 ], [ 51.737689970648788, 32.60917782970305, 0.0 ], [ 51.737024457557268, 32.609590505452793, 0.0 ], [ 51.736337169321949, 32.609413340983863, 0.0 ], [ 51.735840936739919, 32.608247342911959, 0.0 ] ] ] } },
{ "type": "Feature", "properties": { "Name": "Untitled Polygon", "description": null, "timestamp": null, "begin": null, "end": null, "altitudeMode": null, "tessellate": 1, "extrude": 0, "visibility": 0, "drawOrder": null, "icon": null, "class": 3 }, "geometry": { "type": "Polygon", "coordinates": [ [ [ 51.697186551431649, 32.569676190233551, 0.0 ], [ 51.697373982575947, 32.568346101569603, 0.0 ], [ 51.698010288356301, 32.567192336180049, 0.0 ], [ 51.698651026243347, 32.566228172394283, 0.0 ], [ 51.69885250810637, 32.565466827995309, 0.0 ], [ 51.699492691004863, 32.56450358491324, 0.0 ], [ 51.700132515824897, 32.563540864536883, 0.0 ], [ 51.700560754522733, 32.56296198083308, 0.0 ], [ 51.701205861357508, 32.562187812441287, 0.0 ], [ 51.701850253296321, 32.56141456759925, 0.0 ], [ 51.70271645618147, 32.560634337858772, 0.0 ], [ 51.703371187729999, 32.56023741062954, 0.0 ], [ 51.704247555948477, 32.559833615723441, 0.0 ], [ 51.705567262547703, 32.559415965567439, 0.0 ], [ 51.706242808652547, 32.559771522840528, 0.0 ], [ 51.706712995341093, 32.560698598151163, 0.0 ], [ 51.706967129042319, 32.561821498406097, 0.0 ], [ 51.706988773352819, 32.562575155649753, 0.0 ], [ 51.707027174597513, 32.563894681034931, 0.0 ], [ 51.70704946611604, 32.564648976139999, 0.0 ], [ 51.707071763187344, 32.565403653906799, 0.0 ], [ 51.706649847892628, 32.566172272040362, 0.0 ], [ 51.706000065159728, 32.566759130139637, 0.0 ], [ 51.705572635633231, 32.567339182933686, 0.0 ], [ 51.704712144261627, 32.568310320206173, 0.0 ], [ 51.704074877530068, 32.569274328476283, 0.0 ], [ 51.703419355148291, 32.569672516026543, 0.0 ], [ 51.702766118038973, 32.570262167393849, 0.0 ], [ 51.701665256733577, 32.570867341262577, 0.0 ], [ 51.700786108133833, 32.571273033308742, 0.0 ], [ 51.699684586919368, 32.571685472692522, 0.0 ], [ 51.69857343838359, 32.571718690098663, 0.0 ], [ 51.697240262407043, 32.571758545034157, 0.0 ], [ 51.696341891618019, 32.571406308719062, 0.0 ], [ 51.696761871886721, 32.570446417194653, 0.0 ], [ 51.697196447222758, 32.57005448672291, 0.0 ], [ 51.697186551431649, 32.569676190233551, 0.0 ] ] ] } },
{ "type": "Feature", "properties": { "Name": "Untitled Polygon", "description": null, "timestamp": null, "begin": null, "end": null, "altitudeMode": null, "tessellate": 1, "extrude": 0, "visibility": 0, "drawOrder": null, "icon": null, "class": 3 }, "geometry": { "type": "Polygon", "coordinates": [ [ [ 51.620400340913953, 32.60703918631134, 0.0 ], [ 51.615763281683329, 32.60008007689197, 0.0 ], [ 51.627027476351437, 32.599131312813007, 0.0 ], [ 51.620400340913953, 32.60703918631134, 0.0 ] ] ] } },
{ "type": "Feature", "properties": { "Name": "Untitled Polygon", "description": null, "timestamp": null, "begin": null, "end": null, "altitudeMode": null, "tessellate": 1, "extrude": 0, "visibility": 0, "drawOrder": null, "icon": null, "class": 3 }, "geometry": { "type": "Polygon", "coordinates": [ [ [ 51.61323772261791, 32.537090956240448, 0.0 ], [ 51.605180248346507, 32.525508556016668, 0.0 ], [ 51.608844370353879, 32.522510873394872, 0.0 ], [ 51.61396938713952, 32.52309222573512, 0.0 ], [ 51.616587447403241, 32.533526184928881, 0.0 ], [ 51.61323772261791, 32.537090956240448, 0.0 ] ] ] } },
{ "type": "Feature", "properties": { "Name": "Untitled Polygon", "description": null, "timestamp": null, "begin": null, "end": null, "altitudeMode": null, "tessellate": 1, "extrude": 0, "visibility": 0, "drawOrder": null, "icon": null, "class": 3 }, "geometry": { "type": "Polygon", "coordinates": [ [ [ 51.597099757244948, 32.517194746348217, 0.0 ], [ 51.600172723557691, 32.512778093864533, 0.0 ], [ 51.609233191687913, 32.518153339557429, 0.0 ], [ 51.606469121829072, 32.522298221980392, 0.0 ], [ 51.597099757244948, 32.517194746348217, 0.0 ] ] ] } },
{ "type": "Feature", "properties": { "Name": "Untitled Polygon", "description": null, "timestamp": null, "begin": null, "end": null, "altitudeMode": null, "tessellate": 1, "extrude": 0, "visibility": 0, "drawOrder": null, "icon": null, "class": 3 }, "geometry": { "type": "Polygon", "coordinates": [ [ [ 51.561729952067751, 32.531961744397137, 0.0 ], [ 51.571014953258732, 32.528514673141387, 0.0 ], [ 51.571032480047037, 32.539636568545518, 0.0 ], [ 51.561729952067751, 32.531961744397137, 0.0 ] ] ] } },
{ "type": "Feature", "properties": { "Name": "150", "description": null, "timestamp": null, "begin": null, "end": null, "altitudeMode": null, "tessellate": 1, "extrude": 0, "visibility": 0, "drawOrder": null, "icon": null, "class": 3 }, "geometry": { "type": "Polygon", "coordinates": [ [ [ 51.659611034205653, 32.512292317974833, 0.0 ], [ 51.673181926541922, 32.508886985469083, 0.0 ], [ 51.673675987581809, 32.510918790208713, 0.0 ], [ 51.66234281287187, 32.516878496112007, 0.0 ], [ 51.659611034205653, 32.512292317974833, 0.0 ] ] ] } },
{ "type": "Feature", "properties": { "Name": "Untitled Polygon", "description": null, "timestamp": null, "begin": null, "end": null, "altitudeMode": null, "tessellate": 1, "extrude": 0, "visibility": 0, "drawOrder": null, "icon": null, "class": 3 }, "geometry": { "type": "Polygon", "coordinates": [ [ [ 51.656357618061357, 32.576029892966481, 0.0 ], [ 51.656237627792301, 32.579299631918211, 0.0 ], [ 51.653486533725747, 32.583964384495907, 0.0 ], [ 51.650004532158569, 32.584912691629128, 0.0 ], [ 51.656357618061357, 32.576029892966481, 0.0 ] ] ] } },
{ "type": "Feature", "properties": { "Name": "Untitled Polygon", "description": null, "timestamp": null, "begin": null, "end": null, "altitudeMode": null, "tessellate": 1, "extrude": 0, "visibility": 0, "drawOrder": null, "icon": null, "class": 3 }, "geometry": { "type": "Polygon", "coordinates": [ [ [ 51.98830559824971, 32.673853507386752, 0.0 ], [ 51.967849243804501, 32.666299416656521, 0.0 ], [ 51.972963722881772, 32.644176349722507, 0.0 ], [ 51.992626072481642, 32.652973657337689, 0.0 ], [ 51.98830559824971, 32.673853507386752, 0.0 ] ] ] } },
{ "type": "Feature", "properties": { "Name": "Untitled Polygon", "description": null, "timestamp": null, "begin": null, "end": null, "altitudeMode": null, "tessellate": 1, "extrude": 0, "visibility": 0, "drawOrder": null, "icon": null, "class": 3 }, "geometry": { "type": "Polygon", "coordinates": [ [ [ 51.954968288211482, 32.657766735617962, 0.0 ], [ 51.941977532956649, 32.6502545736709, 0.0 ], [ 51.962855632301689, 32.64529358814768, 0.0 ], [ 51.966169325778289, 32.653120824801022, 0.0 ], [ 51.954968288211482, 32.657766735617962, 0.0 ] ] ] } },
{ "type": "Feature", "properties": { "Name": "Untitled Polygon", "description": null, "timestamp": null, "begin": null, "end": null, "altitudeMode": null, "tessellate": 1, "extrude": 0, "visibility": 0, "drawOrder": null, "icon": null, "class": 3 }, "geometry": { "type": "Polygon", "coordinates": [ [ [ 51.958713665011039, 32.597035389354097, 0.0 ], [ 51.959368300571327, 32.596641959609578, 0.0 ], [ 51.959789605537061, 32.595700439246251, 0.0 ], [ 51.960002082703539, 32.595322497548089, 0.0 ], [ 51.960422732369892, 32.594381903868857, 0.0 ], [ 51.960851389683697, 32.593811819595658, 0.0 ], [ 51.960834783988638, 32.593072203439228, 0.0 ], [ 51.96103858821904, 32.59232546402302, 0.0 ], [ 51.961462807829683, 32.591571678992118, 0.0 ], [ 51.962319004086012, 32.590434206032768, 0.0 ], [ 51.962962724335839, 32.589673890707701, 0.0 ], [ 51.964054443653232, 32.58926749410044, 0.0 ], [ 51.965367063992318, 32.588853672564603, 0.0 ], [ 51.96646736241356, 32.588815964030097, 0.0 ], [ 51.968007860280593, 32.588763200330938, 0.0 ], [ 51.969548903854061, 32.588710415977673, 0.0 ], [ 51.970649631379288, 32.588672694018463, 0.0 ], [ 51.971975275812078, 32.588811662502003, 0.0 ], [ 51.972650314043889, 32.589341903302582, 0.0 ], [ 51.973325648044948, 32.589872352225143, 0.0 ], [ 51.973795822492882, 32.590964194101737, 0.0 ], [ 51.974266408536508, 32.592056946886053, 0.0 ], [ 51.975368603396099, 32.592019098439742, 0.0 ], [ 51.976470671370983, 32.591981052170468, 0.0 ], [ 51.977572126327701, 32.591943170226251, 0.0 ], [ 51.979538667528082, 32.591320958956523, 0.0 ], [ 51.981080404009582, 32.591267897681412, 0.0 ], [ 51.981520901903473, 32.591252737868807, 0.0 ], [ 51.982842370824912, 32.591207376272351, 0.0 ], [ 51.984169342124453, 32.591346488778861, 0.0 ], [ 51.985937382373798, 32.591470273954023, 0.0 ], [ 51.986825035152279, 32.591624586618977, 0.0 ], [ 51.987939116520657, 32.591956180463796, 0.0 ], [ 51.989053277979451, 32.592287763468711, 0.0 ], [ 51.990180045302523, 32.592989202789127, 0.0 ], [ 51.99108691553063, 32.593698623420472, 0.0 ], [ 51.992013178120381, 32.594963944129468, 0.0 ], [ 51.99249880560123, 32.596245764745213, 0.0 ], [ 51.993193400176253, 32.597150140399691, 0.0 ], [ 51.993453172539581, 32.59825602670567, 0.0 ], [ 51.993719685751202, 32.599548688716247, 0.0 ], [ 51.99353108120436, 32.600485877372172, 0.0 ], [ 51.993563576287819, 32.601416098466167, 0.0 ], [ 51.993381257065757, 32.602540876057603, 0.0 ], [ 51.993191983263358, 32.603480256139072, 0.0 ], [ 51.99300189336077, 32.604420558489899, 0.0 ], [ 51.993026664709951, 32.60516732499957, 0.0 ], [ 51.992400020296309, 32.606310827438627, 0.0 ], [ 51.992424602957719, 32.60705874343563, 0.0 ], [ 51.992241759423642, 32.608188250140529, 0.0 ], [ 51.991844714715029, 32.609512969625342, 0.0 ], [ 51.991671114318891, 32.611020811717317, 0.0 ], [ 51.991701366095221, 32.611959468641189, 0.0 ], [ 51.991751781028128, 32.613461763108823, 0.0 ], [ 51.99133833508224, 32.614417050174993, 0.0 ], [ 51.991371272637927, 32.61535694984903, 0.0 ], [ 51.991199713311943, 32.616870164735907, 0.0 ], [ 51.991014207863401, 32.618008985334058, 0.0 ], [ 51.990822549526278, 32.618959916367267, 0.0 ], [ 51.990866418948279, 32.620281427575243, 0.0 ], [ 51.990904070171062, 32.621415234939818, 0.0 ], [ 51.990935469599187, 32.622360820893469, 0.0 ], [ 51.990966888119317, 32.623307114089648, 0.0 ], [ 51.991017216836703, 32.624822609728703, 0.0 ], [ 51.991048667802083, 32.625770726260647, 0.0 ], [ 51.991091918875071, 32.627099983788568, 0.0 ], [ 51.991141389519107, 32.628620889427097, 0.0 ], [ 51.991185236232468, 32.629952678148797, 0.0 ], [ 51.991236318387983, 32.631475570376537, 0.0 ], [ 51.991274676873672, 32.632618888430642, 0.0 ], [ 51.991318614358271, 32.633954816516123, 0.0 ], [ 51.991349235823598, 32.634910797953943, 0.0 ], [ 51.991391449370973, 32.636053464855308, 0.0 ], [ 51.991424689098622, 32.637206252395451, 0.0 ], [ 51.991002933306177, 32.637985575846479, 0.0 ], [ 51.991028121743767, 32.638751935877607, 0.0 ], [ 51.991047017828578, 32.639327024231662, 0.0 ], [ 51.99039185079242, 32.639925646769143, 0.0 ], [ 51.989518114489172, 32.640723928765283, 0.0 ], [ 51.988169628748913, 32.640770465147483, 0.0 ], [ 51.986596701592141, 32.640824502521042, 0.0 ], [ 51.98523667530263, 32.640487002401947, 0.0 ], [ 51.984107533172804, 32.64033356632855, 0.0 ], [ 51.982748442281817, 32.639995898888913, 0.0 ], [ 51.981833298276449, 32.639451246857668, 0.0 ], [ 51.98113753880758, 32.638707538146512, 0.0 ], [ 51.98043133939823, 32.637581326697678, 0.0 ], [ 51.979742015438468, 32.637030089663597, 0.0 ], [ 51.979250339192731, 32.635515427320307, 0.0 ], [ 51.978764620764913, 32.634193505649257, 0.0 ], [ 51.978060776017152, 32.633071362587522, 0.0 ], [ 51.977357548002551, 32.631950106646372, 0.0 ], [ 51.976655694403128, 32.631023540851281, 0.0 ], [ 51.975739213665427, 32.630293257146469, 0.0 ], [ 51.975054240715949, 32.629744327079351, 0.0 ], [ 51.97415179162109, 32.629393047900066, 0.0 ], [ 51.973010043845932, 32.628480323832328, 0.0 ], [ 51.971872383719372, 32.627758987710969, 0.0 ], [ 51.971177544456097, 32.626832888744723, 0.0 ], [ 51.970697002473493, 32.625520573213088, 0.0 ], [ 51.970454531726652, 32.624770181795341, 0.0 ], [ 51.969993839449813, 32.624217196842089, 0.0 ], [ 51.96996083323225, 32.622892103936962, 0.0 ], [ 51.969946696522094, 32.622324630091221, 0.0 ], [ 51.969918446156377, 32.621190417650212, 0.0 ], [ 51.969890232019942, 32.620057200577648, 0.0 ], [ 51.969866718313433, 32.619113621381118, 0.0 ], [ 51.969838620825783, 32.61798220258467, 0.0 ], [ 51.969801218723177, 32.616475181960332, 0.0 ], [ 51.969763862175697, 32.61496991664783, 0.0 ], [ 51.969735878453307, 32.613842120177658, 0.0 ], [ 51.969703269054321, 32.612527613488567, 0.0 ], [ 51.969670609765032, 32.611214395010322, 0.0 ], [ 51.969656644014933, 32.610652021102553, 0.0 ], [ 51.969411456677918, 32.609722886258197, 0.0 ], [ 51.969152602500351, 32.608233113351083, 0.0 ], [ 51.968903252349477, 32.607118875934837, 0.0 ], [ 51.968428043793452, 32.605826441420021, 0.0 ], [ 51.96773196205978, 32.604542880551087, 0.0 ], [ 51.967271301515751, 32.603812171186974, 0.0 ], [ 51.966815327063678, 32.603268218731692, 0.0 ], [ 51.966133918722583, 32.602545857397928, 0.0 ], [ 51.965444313531208, 32.601451722493977, 0.0 ], [ 51.964529924135192, 32.60018027566219, 0.0 ], [ 51.963854163254901, 32.599645491005312, 0.0 ], [ 51.962724474097818, 32.598569004513188, 0.0 ], [ 51.9615997876409, 32.597678948121853, 0.0 ], [ 51.960925374697197, 32.597145231824953, 0.0 ], [ 51.959801826026982, 32.596256207363247, 0.0 ], [ 51.959360410016608, 32.596271311649957, 0.0 ], [ 51.958713665011039, 32.597035389354097, 0.0 ] ] ] } },
{ "type": "Feature", "properties": { "Name": "Untitled Polygon", "description": null, "timestamp": null, "begin": null, "end": null, "altitudeMode": null, "tessellate": 1, "extrude": 0, "visibility": 0, "drawOrder": null, "icon": null, "class": 3 }, "geometry": { "type": "Polygon", "coordinates": [ [ [ 51.950703395043497, 32.593788846294963, 0.0 ], [ 51.950568559699931, 32.586045621002143, 0.0 ], [ 51.956380341832158, 32.59082225664735, 0.0 ], [ 51.950703395043497, 32.593788846294963, 0.0 ] ] ] } },
{ "type": "Feature", "properties": { "Name": "Untitled Polygon", "description": null, "timestamp": null, "begin": null, "end": null, "altitudeMode": null, "tessellate": 1, "extrude": 0, "visibility": 0, "drawOrder": null, "icon": null, "class": 3 }, "geometry": { "type": "Polygon", "coordinates": [ [ [ 51.987198294882333, 32.705032302817187, 0.0 ], [ 51.965528661653721, 32.705350668284019, 0.0 ], [ 51.947990743985422, 32.704742991812047, 0.0 ], [ 51.942312358578768, 32.694914159872283, 0.0 ], [ 51.952824783645283, 32.690938245944807, 0.0 ], [ 51.975856442690898, 32.685763173814557, 0.0 ], [ 51.994329905951631, 32.683542172229323, 0.0 ], [ 51.994852933045031, 32.699111908822047, 0.0 ], [ 51.987198294882333, 32.705032302817187, 0.0 ] ] ] } },
{ "type": "Feature", "properties": { "Name": "Untitled Polygon", "description": null, "timestamp": null, "begin": null, "end": null, "altitudeMode": null, "tessellate": 1, "extrude": 0, "visibility": 0, "drawOrder": null, "icon": null, "class": 3 }, "geometry": { "type": "Polygon", "coordinates": [ [ [ 51.918326791693893, 32.716267586636882, 0.0 ], [ 51.934200566547062, 32.696798403542452, 0.0 ], [ 51.969686252459887, 32.727170262789727, 0.0 ], [ 51.95773461503866, 32.747381612475067, 0.0 ], [ 51.918326791693893, 32.716267586636882, 0.0 ] ] ] } },
{ "type": "Feature", "properties": { "Name": "Untitled Polygon", "description": null, "timestamp": null, "begin": null, "end": null, "altitudeMode": null, "tessellate": 1, "extrude": 0, "visibility": 0, "drawOrder": null, "icon": null, "class": 3 }, "geometry": { "type": "Polygon", "coordinates": [ [ [ 51.975432481270808, 32.716953947419398, 0.0 ], [ 51.9878064815492, 32.71616894473474, 0.0 ], [ 51.993166551780547, 32.723182479945933, 0.0 ], [ 51.993372433569093, 32.744841742991809, 0.0 ], [ 51.988852058665323, 32.774903364514117, 0.0 ], [ 51.954927174927057, 32.779830504661099, 0.0 ], [ 51.975432481270808, 32.716953947419398, 0.0 ] ] ] } },
{ "type": "Feature", "properties": { "Name": "Untitled Polygon", "description": null, "timestamp": null, "begin": null, "end": null, "altitudeMode": null, "tessellate": 1, "extrude": 0, "visibility": 0, "drawOrder": null, "icon": null, "class": 3 }, "geometry": { "type": "Polygon", "coordinates": [ [ [ 51.879513167887268, 32.739207202228243, 0.0 ], [ 51.885064036110727, 32.727115497481023, 0.0 ], [ 51.932129360496504, 32.732395370737613, 0.0 ], [ 51.933276522889699, 32.75129926720426, 0.0 ], [ 51.879513167887268, 32.739207202228243, 0.0 ] ] ] } },
{ "type": "Feature", "properties": { "Name": "160", "description": null, "timestamp": null, "begin": null, "end": null, "altitudeMode": null, "tessellate": 1, "extrude": 0, "visibility": 0, "drawOrder": null, "icon": null, "class": 3 }, "geometry": { "type": "Polygon", "coordinates": [ [ [ 51.921090269410421, 32.768256868479547, 0.0 ], [ 51.941677965496908, 32.749125619594238, 0.0 ], [ 51.941467491961347, 32.76050329844125, 0.0 ], [ 51.921090269410421, 32.768256868479547, 0.0 ] ] ] } },
{ "type": "Feature", "properties": { "Name": "Untitled Polygon", "description": null, "timestamp": null, "begin": null, "end": null, "altitudeMode": null, "tessellate": 1, "extrude": 0, "visibility": 0, "drawOrder": null, "icon": null, "class": 3 }, "geometry": { "type": "Polygon", "coordinates": [ [ [ 51.898955168387829, 32.753971512097493, 0.0 ], [ 51.902024900053448, 32.751600039260197, 0.0 ], [ 51.90771824439954, 32.755758119039861, 0.0 ], [ 51.898955168387829, 32.753971512097493, 0.0 ] ] ] } },
{ "type": "Feature", "properties": { "Name": "Untitled Polygon", "description": null, "timestamp": null, "begin": null, "end": null, "altitudeMode": null, "tessellate": 1, "extrude": 0, "visibility": 0, "drawOrder": null, "icon": null, "class": 3 }, "geometry": { "type": "Polygon", "coordinates": [ [ [ 51.86427838048165, 32.908557600708889, 0.0 ], [ 51.864504953383353, 32.908351952945686, 0.0 ], [ 51.866100709217783, 32.907703810932063, 0.0 ], [ 51.866785128327813, 32.907482580980769, 0.0 ], [ 51.867924630785119, 32.907048134242011, 0.0 ], [ 51.869292606574568, 32.906606155637213, 0.0 ], [ 51.870888055174198, 32.90615744652748, 0.0 ], [ 51.871803203849858, 32.906126622823102, 0.0 ], [ 51.872940575806638, 32.905693433037428, 0.0 ], [ 51.874760352717857, 32.90503999841922, 0.0 ], [ 51.875668221630342, 32.904614791596103, 0.0 ], [ 51.876579348964327, 32.904386811673113, 0.0 ], [ 51.8772617286753, 32.904166565190494, 0.0 ], [ 51.878169572028803, 32.903740978194158, 0.0 ], [ 51.879759845672737, 32.903094497473788, 0.0 ], [ 51.881345710524172, 32.902251218332587, 0.0 ], [ 51.882256286879603, 32.9020228430619, 0.0 ], [ 51.884070417468308, 32.901170867867947, 0.0 ], [ 51.884977945204909, 32.900744003428521, 0.0 ], [ 51.886344993798339, 32.900499723422193, 0.0 ], [ 51.887250864146168, 32.900074342538943, 0.0 ], [ 51.88838480945526, 32.899641219390993, 0.0 ], [ 51.889065891500373, 32.899420623348313, 0.0 ], [ 51.890880193257267, 32.898767025619492, 0.0 ], [ 51.89178913637847, 32.898538707457632, 0.0 ], [ 51.892926189703338, 32.89830249093022, 0.0 ], [ 51.89405859039362, 32.897869694200743, 0.0 ], [ 51.895195136740803, 32.897633603604049, 0.0 ], [ 51.895875163744421, 32.897413312873681, 0.0 ], [ 51.897458330043158, 32.896768449005791, 0.0 ], [ 51.898589368013262, 32.896336061640042, 0.0 ], [ 51.900176488412697, 32.895887413769223, 0.0 ], [ 51.901996617933243, 32.895626473475822, 0.0 ], [ 51.903121516202582, 32.89499785270575, 0.0 ], [ 51.904028367250078, 32.894769677263362, 0.0 ], [ 51.904929745465132, 32.894345474271219, 0.0 ], [ 51.905830838559403, 32.893921409564378, 0.0 ], [ 51.907404309204423, 32.893081662493032, 0.0 ], [ 51.908987993726562, 32.892634031969017, 0.0 ], [ 51.910781553247723, 32.891591625803223, 0.0 ], [ 51.913478070836241, 32.890322443085481, 0.0 ], [ 51.914831335069543, 32.889883621390531, 0.0 ], [ 51.916651379667293, 32.889819550910858, 0.0 ], [ 51.91801632321468, 32.889771484922477, 0.0 ], [ 51.918502718161399, 32.890732461203733, 0.0 ], [ 51.919217099399319, 32.891686069387347, 0.0 ], [ 51.920179034656691, 32.893219605188897, 0.0 ], [ 51.92090127721427, 32.894370644622313, 0.0 ], [ 51.921617629622553, 32.89532644059647, 0.0 ], [ 51.922327941899361, 32.89608650688983, 0.0 ], [ 51.923045292347233, 32.897043272258088, 0.0 ], [ 51.923783287730487, 32.898590128523693, 0.0 ], [ 51.924287010841432, 32.899950149517757, 0.0 ], [ 51.924542441244839, 32.900729058154617, 0.0 ], [ 51.924784435198653, 32.901114577374599, 0.0 ], [ 51.92484563445997, 32.902887623171821, 0.0 ], [ 51.924906914764463, 32.904662906815318, 0.0 ], [ 51.924934201563303, 32.905452615856689, 0.0 ], [ 51.924981982804709, 32.906835666343042, 0.0 ], [ 51.924995638691811, 32.907231076450728, 0.0 ], [ 51.923857368662077, 32.907470526692236, 0.0 ], [ 51.922254099354497, 32.907529084929728, 0.0 ], [ 51.920637834301388, 32.907191662270627, 0.0 ], [ 51.919721820197957, 32.907224703430387, 0.0 ], [ 51.918564107475532, 32.906870339974077, 0.0 ], [ 51.917183915891769, 32.90672206855136, 0.0 ], [ 51.916032820728617, 32.906565546043581, 0.0 ], [ 51.9139658993683, 32.906441987751982, 0.0 ], [ 51.912820852247627, 32.906483152832287, 0.0 ], [ 51.911675678470289, 32.906524606442062, 0.0 ], [ 51.910530432174269, 32.9065660426214, 0.0 ], [ 51.90938533756227, 32.906606973910293, 0.0 ], [ 51.908011187738133, 32.906656048420203, 0.0 ], [ 51.906178878919746, 32.906721452198802, 0.0 ], [ 51.904346404745461, 32.906786842427813, 0.0 ], [ 51.902513795377793, 32.906852212000217, 0.0 ], [ 51.900451632379571, 32.906926169678187, 0.0 ], [ 51.899305954518951, 32.906967207202932, 0.0 ], [ 51.897931972524127, 32.907015026040312, 0.0 ], [ 51.896786938246699, 32.907054852893708, 0.0 ], [ 51.895870886562093, 32.907086707416227, 0.0 ], [ 51.894954828972352, 32.907118570936653, 0.0 ], [ 51.89289358766068, 32.90719021687498, 0.0 ], [ 51.891748410531847, 32.907230010066378, 0.0 ], [ 51.890375180056537, 32.907276135956522, 0.0 ], [ 51.889230966626229, 32.907314484652858, 0.0 ], [ 51.887400404431233, 32.907375677272121, 0.0 ], [ 51.886027582579437, 32.907421396035353, 0.0 ], [ 51.884425416106517, 32.907475403598824, 0.0 ], [ 51.882593407989411, 32.907538268762288, 0.0 ], [ 51.880990364446177, 32.90759325616412, 0.0 ], [ 51.87984528983143, 32.907632519566448, 0.0 ], [ 51.878929220075499, 32.907663926094678, 0.0 ], [ 51.876868281021473, 32.907734160527831, 0.0 ], [ 51.87572365931279, 32.907772755775312, 0.0 ], [ 51.874579050061989, 32.907811344749071, 0.0 ], [ 51.872976588988273, 32.907865357586218, 0.0 ], [ 51.871831958450556, 32.907903926309118, 0.0 ], [ 51.87022937606126, 32.907957974848443, 0.0 ], [ 51.869089850673816, 32.908392713627862, 0.0 ], [ 51.867257007428393, 32.908455470437573, 0.0 ], [ 51.866569678475031, 32.908479010079112, 0.0 ], [ 51.865424048011043, 32.908518311719902, 0.0 ], [ 51.86427838048165, 32.908557600708889, 0.0 ] ] ] } },
{ "type": "Feature", "properties": { "Name": "Untitled Polygon", "description": null, "timestamp": null, "begin": null, "end": null, "altitudeMode": null, "tessellate": 1, "extrude": 0, "visibility": 0, "drawOrder": null, "icon": null, "class": 3 }, "geometry": { "type": "Polygon", "coordinates": [ [ [ 51.916840890283012, 32.881429756894043, 0.0 ], [ 51.940305064444033, 32.861326081429141, 0.0 ], [ 51.992698450717953, 32.808393069938333, 0.0 ], [ 51.99426940024658, 32.908361940269913, 0.0 ], [ 51.991991090927087, 32.908635177731448, 0.0 ], [ 51.988018906756899, 32.90738115082268, 0.0 ], [ 51.933221708940842, 32.906538433413317, 0.0 ], [ 51.916840890283012, 32.881429756894043, 0.0 ] ] ] } },
{ "type": "Feature", "properties": { "Name": "Untitled Polygon", "description": null, "timestamp": null, "begin": null, "end": null, "altitudeMode": null, "tessellate": 1, "extrude": 0, "visibility": 0, "drawOrder": null, "icon": null, "class": 3 }, "geometry": { "type": "Polygon", "coordinates": [ [ [ 51.830831191467418, 32.900212816037971, 0.0 ], [ 51.827497114470511, 32.864000649492418, 0.0 ], [ 51.89399419573887, 32.865019532259232, 0.0 ], [ 51.917609940406336, 32.855983158659427, 0.0 ], [ 51.931263236645847, 32.860487311472937, 0.0 ], [ 51.90110699884206, 32.887628905632361, 0.0 ], [ 51.830831191467418, 32.900212816037971, 0.0 ] ] ] } },
{ "type": "Feature", "properties": { "Name": "Untitled Polygon", "description": null, "timestamp": null, "begin": null, "end": null, "altitudeMode": null, "tessellate": 1, "extrude": 0, "visibility": 0, "drawOrder": null, "icon": null, "class": 3 }, "geometry": { "type": "Polygon", "coordinates": [ [ [ 51.850658690739301, 32.859593737293388, 0.0 ], [ 51.864218256067637, 32.845256915619792, 0.0 ], [ 51.88014101322279, 32.859550847572237, 0.0 ], [ 51.850658690739301, 32.859593737293388, 0.0 ] ] ] } },
{ "type": "Feature", "properties": { "Name": "Untitled Polygon", "description": null, "timestamp": null, "begin": null, "end": null, "altitudeMode": null, "tessellate": 1, "extrude": 0, "visibility": 0, "drawOrder": null, "icon": null, "class": 3 }, "geometry": { "type": "Polygon", "coordinates": [ [ [ 51.90840761568483, 32.848687556386047, 0.0 ], [ 51.926305763896671, 32.847696963576603, 0.0 ], [ 51.899912404907617, 32.858305789554862, 0.0 ], [ 51.90840761568483, 32.848687556386047, 0.0 ] ] ] } },
{ "type": "Feature", "properties": { "Name": "Untitled Polygon", "description": null, "timestamp": null, "begin": null, "end": null, "altitudeMode": null, "tessellate": 1, "extrude": 0, "visibility": 0, "drawOrder": null, "icon": null, "class": 3 }, "geometry": { "type": "Polygon", "coordinates": [ [ [ 51.938584727246287, 32.857749236703818, 0.0 ], [ 51.922169561055739, 32.851256068958861, 0.0 ], [ 51.963447167232417, 32.833032043761101, 0.0 ], [ 51.938584727246287, 32.857749236703818, 0.0 ] ] ] } },
{ "type": "Feature", "properties": { "Name": "Untitled Polygon", "description": null, "timestamp": null, "begin": null, "end": null, "altitudeMode": null, "tessellate": 1, "extrude": 0, "visibility": 0, "drawOrder": null, "icon": null, "class": 3 }, "geometry": { "type": "Polygon", "coordinates": [ [ [ 51.846000522904248, 32.823144891537098, 0.0 ], [ 51.853114157844047, 32.799438376521678, 0.0 ], [ 51.937589045542957, 32.798458386553023, 0.0 ], [ 51.92340932682275, 32.821684066648558, 0.0 ], [ 51.846000522904248, 32.823144891537098, 0.0 ] ] ] } },
{ "type": "Feature", "properties": { "Name": "Untitled Polygon", "description": null, "timestamp": null, "begin": null, "end": null, "altitudeMode": null, "tessellate": 1, "extrude": 0, "visibility": 0, "drawOrder": null, "icon": null, "class": 3 }, "geometry": { "type": "Polygon", "coordinates": [ [ [ 51.937702662024769, 32.791208530660803, 0.0 ], [ 51.942075166683729, 32.780726371616097, 0.0 ], [ 51.96447188390237, 32.79474985485755, 0.0 ], [ 51.951983334043568, 32.80207334248432, 0.0 ], [ 51.937702662024769, 32.791208530660803, 0.0 ] ] ] } },
{ "type": "Feature", "properties": { "Name": "170", "description": null, "timestamp": null, "begin": null, "end": null, "altitudeMode": null, "tessellate": 1, "extrude": 0, "visibility": 0, "drawOrder": null, "icon": null, "class": 3 }, "geometry": { "type": "Polygon", "coordinates": [ [ [ 51.736965697774707, 32.890006451967047, 0.0 ], [ 51.736887249100903, 32.887372626560399, 0.0 ], [ 51.737431449252988, 32.883223080181388, 0.0 ], [ 51.740679433318427, 32.880308426258154, 0.0 ], [ 51.745733292601663, 32.878462018714828, 0.0 ], [ 51.745955355948517, 32.878454818908317, 0.0 ], [ 51.752522595995089, 32.875628256107639, 0.0 ], [ 51.756279211755512, 32.875133555225197, 0.0 ], [ 51.759191483005068, 32.875784970379968, 0.0 ], [ 51.75966431226567, 32.876516090134693, 0.0 ], [ 51.761580636740483, 32.880005486501027, 0.0 ], [ 51.761810307963117, 32.880185231503802, 0.0 ], [ 51.764238567504222, 32.885171079901681, 0.0 ], [ 51.766214723036931, 32.889814139542771, 0.0 ], [ 51.765122565828122, 32.89589965372965, 0.0 ], [ 51.764914346977399, 32.896285442444359, 0.0 ], [ 51.756681078048707, 32.897689571064262, 0.0 ], [ 51.746094311406416, 32.895947097915467, 0.0 ], [ 51.736620106322043, 32.893415077623423, 0.0 ], [ 51.736965697774707, 32.890006451967047, 0.0 ] ] ] } },
{ "type": "Feature", "properties": { "Name": "Untitled Polygon", "description": null, "timestamp": null, "begin": null, "end": null, "altitudeMode": null, "tessellate": 1, "extrude": 0, "visibility": 0, "drawOrder": null, "icon": null, "class": 3 }, "geometry": { "type": "Polygon", "coordinates": [ [ [ 51.760547291412607, 32.870406117100003, 0.0 ], [ 51.759223588410158, 32.860512446667173, 0.0 ], [ 51.760669844167438, 32.853016838047857, 0.0 ], [ 51.766857466118807, 32.862133723993203, 0.0 ], [ 51.769184873232142, 32.868997083844967, 0.0 ], [ 51.760547291412607, 32.870406117100003, 0.0 ] ] ] } },
{ "type": "Feature", "properties": { "Name": "Untitled Polygon", "description": null, "timestamp": null, "begin": null, "end": null, "altitudeMode": null, "tessellate": 1, "extrude": 0, "visibility": 0, "drawOrder": null, "icon": null, "class": 3 }, "geometry": { "type": "Polygon", "coordinates": [ [ [ 51.66221388117183, 32.846328219197169, 0.0 ], [ 51.664969029864281, 32.836244886349547, 0.0 ], [ 51.672241255044057, 32.839777394051367, 0.0 ], [ 51.678753194009317, 32.840701606072891, 0.0 ], [ 51.66221388117183, 32.846328219197169, 0.0 ] ] ] } },
{ "type": "Feature", "properties": { "Name": "Untitled Polygon", "description": null, "timestamp": null, "begin": null, "end": null, "altitudeMode": null, "tessellate": 1, "extrude": 0, "visibility": 0, "drawOrder": null, "icon": null, "class": 3 }, "geometry": { "type": "Polygon", "coordinates": [ [ [ 51.569244550850023, 32.86678421209772, 0.0 ], [ 51.570601141184603, 32.859659386576901, 0.0 ], [ 51.573069859359471, 32.861110676803882, 0.0 ], [ 51.569244550850023, 32.86678421209772, 0.0 ] ] ] } },
{ "type": "Feature", "properties": { "Name": "Untitled Polygon", "description": null, "timestamp": null, "begin": null, "end": null, "altitudeMode": null, "tessellate": 1, "extrude": 0, "visibility": 0, "drawOrder": null, "icon": null, "class": 3 }, "geometry": { "type": "Polygon", "coordinates": [ [ [ 51.631279998290211, 32.805950190323493, 0.0 ], [ 51.627986553583078, 32.796691386783912, 0.0 ], [ 51.637063797029171, 32.796032465979387, 0.0 ], [ 51.631279998290211, 32.805950190323493, 0.0 ] ] ] } },
{ "type": "Feature", "properties": { "Name": "Untitled Polygon", "description": null, "timestamp": null, "begin": null, "end": null, "altitudeMode": null, "tessellate": 1, "extrude": 0, "visibility": 0, "drawOrder": null, "icon": null, "class": 3 }, "geometry": { "type": "Polygon", "coordinates": [ [ [ 51.530351782440228, 32.906574835591812, 0.0 ], [ 51.518798875487079, 32.891520503458842, 0.0 ], [ 51.537304973841039, 32.889604358618008, 0.0 ], [ 51.530351782440228, 32.906574835591812, 0.0 ] ] ] } },
{ "type": "Feature", "properties": { "Name": "Untitled Polygon", "description": null, "timestamp": null, "begin": null, "end": null, "altitudeMode": null, "tessellate": 1, "extrude": 0, "visibility": 0, "drawOrder": null, "icon": null, "class": 3 }, "geometry": { "type": "Polygon", "coordinates": [ [ [ 51.730183548574267, 32.804873323938828, 0.0 ], [ 51.732033120346131, 32.799040950446617, 0.0 ], [ 51.736019853486837, 32.803914554602329, 0.0 ], [ 51.730183548574267, 32.804873323938828, 0.0 ] ] ] } },
{ "type": "Feature", "properties": { "Name": "Untitled Polygon", "description": null, "timestamp": null, "begin": null, "end": null, "altitudeMode": null, "tessellate": 1, "extrude": 0, "visibility": 0, "drawOrder": null, "icon": null, "class": 3 }, "geometry": { "type": "Polygon", "coordinates": [ [ [ 51.787655715382193, 32.80244453592789, 0.0 ], [ 51.794711822523588, 32.79932596241828, 0.0 ], [ 51.805637962345138, 32.804564832147371, 0.0 ], [ 51.787655715382193, 32.80244453592789, 0.0 ] ] ] } },
{ "type": "Feature", "properties": { "Name": "Untitled Polygon", "description": null, "timestamp": null, "begin": null, "end": null, "altitudeMode": null, "tessellate": 1, "extrude": 0, "visibility": 0, "drawOrder": null, "icon": null, "class": 3 }, "geometry": { "type": "Polygon", "coordinates": [ [ [ 51.800306708386209, 32.849797397876308, 0.0 ], [ 51.811897925316529, 32.834678236886802, 0.0 ], [ 51.81224527748109, 32.850599200109478, 0.0 ], [ 51.800306708386209, 32.849797397876308, 0.0 ] ] ] } },
{ "type": "Feature", "properties": { "Name": "Untitled Polygon", "description": null, "timestamp": null, "begin": null, "end": null, "altitudeMode": null, "tessellate": 1, "extrude": 0, "visibility": 0, "drawOrder": null, "icon": null, "class": 3 }, "geometry": { "type": "Polygon", "coordinates": [ [ [ 51.807592161628421, 32.784767956784947, 0.0 ], [ 51.807247131580247, 32.777837838491912, 0.0 ], [ 51.82289228727138, 32.787089571889616, 0.0 ], [ 51.82525374880754, 32.793250900804537, 0.0 ], [ 51.807592161628421, 32.784767956784947, 0.0 ] ] ] } },
{ "type": "Feature", "properties": { "Name": "180", "description": null, "timestamp": null, "begin": null, "end": null, "altitudeMode": null, "tessellate": 1, "extrude": 0, "visibility": 0, "drawOrder": null, "icon": null, "class": 3 }, "geometry": { "type": "Polygon", "coordinates": [ [ [ 51.77629378845144, 32.764528067652137, 0.0 ], [ 51.779800108239989, 32.758139014566368, 0.0 ], [ 51.794926534176909, 32.765954197822303, 0.0 ], [ 51.799323486444393, 32.770078473671198, 0.0 ], [ 51.77629378845144, 32.764528067652137, 0.0 ] ] ] } },
{ "type": "Feature", "properties": { "Name": "Untitled Polygon", "description": null, "timestamp": null, "begin": null, "end": null, "altitudeMode": null, "tessellate": 1, "extrude": 0, "visibility": 0, "drawOrder": null, "icon": null, "class": 3 }, "geometry": { "type": "Polygon", "coordinates": [ [ [ 51.715377433528261, 32.74941982020033, 0.0 ], [ 51.716390100335929, 32.743016892609603, 0.0 ], [ 51.732125814906567, 32.74232648588108, 0.0 ], [ 51.737144904224387, 32.75182250166916, 0.0 ], [ 51.715377433528261, 32.74941982020033, 0.0 ] ] ] } }
]
}
